Date, Water Temperature, Salinity, Pressure, Density, Wave Period, Wave Mean Height, Wave Significant Height, Wind Speed, Wind Gusts, Direction du vent, Air Temperature, Humidity
2025-06-13T18:00,9.92,23.18,101.9,1017.76,2.4,0.2,0.4,21,26,238,9.3,79
2025-06-13T18:30,8.67,23.94,101.88,1018.52,2.4,0.2,0.4,23,30,238,9.4,76
2025-06-13T19:00,8.65,24.03,101.88,1018.59,2.4,0.3,0.4,20,25,239,9.9,77
2025-06-13T19:30,8.79,24.14,101.87,1018.66,2.6,0.3,0.5,26,33,242,9.5,79
2025-06-13T20:00,8.61,24.25,101.86,1018.77,2.7,0.5,0.7,28,36,245,9.6,79
2025-06-13T20:30,8.56,24.38,101.88,1018.88,2.8,0.5,0.9,25,32,244,9.6,77
2025-06-13T21:00,8.22,24.51,101.9,1019.03,3,0.5,0.9,23,30,242,9.9,74
2025-06-13T21:30,7.89,24.63,101.9,1019.16,3.1,0.6,0.9,24,30,248,9.9,74
2025-06-13T22:00,7.75,24.69,101.909996,1019.23,3.1,0.6,0.9,25,32,244,9.9,74
2025-06-13T22:30,7.59,24.75,101.93,1019.3,3.2,0.6,0.9,25,32,245,10,73
2025-06-13T23:00,7.99,24.65,101.93,1019.17,3,0.6,1.3,31,38,240,10.2,72
2025-06-13T23:30,7.87,24.7,101.95,1019.22,3,0.6,1,30,37,240,9.9,74
2025-06-14T00:00,7.88,24.76,101.95,1019.26,3,0.6,0.9,29,38,241,9.9,74
2025-06-14T00:30,7.92,24.76,101.990005,1019.26,3,0.5,0.8,30,37,242,9.7,76
2025-06-14T01:00,7.65,24.83,102.009995,1019.35,3.1,0.6,1.1,26,32,245,9.5,78
2025-06-14T01:30,7.37,24.93,102.020004,1019.46,3,0.6,1,26,32,246,9.5,78
2025-06-14T02:00,7.2,24.97,102.020004,1019.51,2.7,0.5,1,22,27,247,9,81
2025-06-14T02:30,7.1,25.03,102.03,1019.57,2.7,0.4,0.8,18,21,256,8.7,83
2025-06-14T03:00,7.21,25.4,102.03,1019.85,2.7,0.4,0.6,18,22,259,8.8,82
2025-06-14T03:30,6.77,25.53,102.05,1020,2.8,0.3,0.5,18,23,245,8.5,84
2025-06-14T04:00,7.93,24.73,102.05,1019.23,2.8,0.3,0.6,24,32,247,8.5,84
2025-06-14T04:30,7.95,24.67,102.05,1019.18,2.7,0.3,0.5,20,26,248,8.8,83
2025-06-14T05:00,7.92,24.71,102.11,1019.22,2.6,0.3,0.6,21,27,250,8.5,85
2025-06-14T05:30,7.83,24.8,102.12,1019.31,2.6,0.3,0.7,20,25,246,8.7,83
2025-06-14T06:00,7.82,24.79,102.13,1019.3,2.7,0.4,0.6,16,22,256,8.5,85
2025-06-14T06:30,7.7,24.9,102.13,1019.39,2.8,0.4,0.8,16,22,242,8.4,87
2025-06-14T07:00,7.8,24.8,102.12,1019.31,2.9,0.3,0.5,15,19,238,8.4,86
2025-06-14T07:30,7.97,24.65,102.15,1019.16,2.9,0.3,0.4,16,20,234,8.1,87
2025-06-14T08:00,7.75,24.9,102.15,1019.39,2.8,0.3,0.5,18,23,250,8.1,86
2025-06-14T08:30,7.92,24.66,102.159996,1019.18,2.7,0.3,0.5,16,19,252,8.2,87
2025-06-14T09:00,7.9,24.67,102.18,1019.2,2.7,0.3,0.5,17,23,262,8.3,89
2025-06-14T09:30,7.88,24.71,102.19,1019.22,2.8,0.3,0.6,14,19,266,8.2,90
2025-06-14T10:00,7.93,24.64,102.2,1019.16,2.8,0.3,0.4,12,17,265,7.9,92
2025-06-14T10:30,8.08,24.42,102.22,1018.97,2.8,0.2,0.3,10,14,248,7.9,93
2025-06-14T11:00,8.12,24.38,102.240005,1018.94,2.7,0.2,0.3,13,17,262,7.9,93
2025-06-14T11:30,8.11,24.45,102.259995,1018.99,2.7,0.2,0.4,12,16,256,8,94
2025-06-14T12:00,8.14,24.5,102.28,1019.03,2.5,0.2,0.3,9,13,273,8,93
2025-06-14T12:30,8.18,24.56,102.3,1019.07,2.7,0.2,0.5,12,15,225,8,93
2025-06-14T13:00,8.25,24.55,102.31,1019.05,2.6,0.3,0.4,13,17,239,7.9,94
2025-06-14T13:30,8.3,24.69,102.33,1019.16,2.6,0.2,0.5,12,16,248,7.9,93
2025-06-14T14:00,8.25,24.85,102.33,1019.29,2.6,0.3,0.7,15,18,245,7.9,91
2025-06-14T14:30,8.29,25.05,102.33,1019.44,2.6,0.2,0.4,16,19,252,7.9,88
2025-06-14T15:00,7.65,25.54,102.32,1019.91,2.5,0.2,0.6,12,16,252,8.2,86
2025-06-14T15:30,7.5,25.58,102.3,1019.96,2.3,0.2,0.4,13,17,248,8.4,86
2025-06-14T16:00,8.12,25.38,102.270004,1019.72,2.3,0.2,0.3,11,14,241,8.7,84
2025-06-14T16:30,8.65,25.3,102.259995,1019.59,2.3,0.1,0.2,12,14,255,9.1,84
2025-06-14T17:00,9.02,25.28,102.240005,1019.52,2.4,0.1,0.2,13,16,241,9.2,83
2025-06-14T17:30,9.39,25.28,102.229996,1019.47,2.4,0.1,0.2,14,17,247,9.3,83
2025-06-14T18:30,9.61,25.25,102.2,1019.41,3,0.1,0.2,9,11,251,10,81
2025-06-14T19:00,9.89,25.23,102.159996,1019.36,2.8,0.1,0.2,9,11,239,10.3,80
2025-06-14T19:30,10.34,25.23,102.15,1019.29,3,0.1,0.2,10,12,239,10.7,80
2025-06-14T20:00,10.22,25.2,102.14,1019.29,2.8,0.1,0.1,8,10,253,11,80
2025-06-14T20:30,9.99,25.25,102.12,1019.36,3.2,0.1,0.2,8,11,240,11,79
2025-06-14T21:00,9.78,25.32,102.090004,1019.45,3.1,0.1,0.1,10,13,252,11.4,77
2025-06-14T21:30,9.75,25.43,102.08,1019.54,3.3,0.1,0.2,8,11,260,11.4,80
2025-06-14T22:00,9.44,25.45,102.07,1019.6,0,0,0,8,10,266,11.6,75
2025-06-14T22:30,8.88,25.26,102.07,1019.52,0,0,0,9,11,274,11.2,79
2025-06-14T23:00,9.27,25.26,102.07,1019.47,0,0,0,10,11,286,11.2,79
2025-06-14T23:30,9.58,25.27,102.06,1019.43,3.6,0.1,0.2,9,11,280,11,81
2025-06-15T00:00,9.68,25.31,102.05,1019.45,0,0,0,9,10,294,10.9,81
2025-06-15T00:30,8.98,25.45,102.03,1019.66,0,0,0,7,8,292,11,76
2025-06-15T01:00,9.04,25.43,102.05,1019.63,0,0,0,7,8,289,10.6,78
2025-06-15T01:30,9.32,25.39,102.07,1019.57,0,0,0,7,9,305,10.7,80
2025-06-15T02:00,9.29,25.36,102.08,1019.55,0,0,0,9,10,209,10.3,82
2025-06-15T02:30,9.33,25.28,102.06,1019.48,0,0,0,6,7,240,11,74
2025-06-15T03:00,9.54,25.25,102.03,1019.43,0,0,0,6,7,221,9.9,82
2025-06-15T03:30,8.45,25.52,102.020004,1019.79,0,0,0,11,13,187,9.9,82
2025-06-15T04:30,8.83,25.37,102.009995,1019.62,0,0,0,14,16,221,9.6,81
2025-06-15T05:00,9.26,25.29,102.009995,1019.5,0,0,0,13,15,221,9.6,81
2025-06-15T05:30,9.42,25.25,102.020004,1019.45,0,0,0,16,18,230,9.6,76
2025-06-15T06:30,9.51,24.97,101.979996,1019.21,0,0,0,16,19,213,9.2,79
2025-06-15T07:00,8.45,25.05,101.979996,1019.42,0,0,0,16,19,216,9.2,79
2025-06-15T07:30,8.24,25.27,101.95,1019.62,0,0,0,18,21,216,9,81
2025-06-15T08:00,7.97,25.42,101.95,1019.77,0,0,0,14,16,215,9,81
2025-06-15T08:30,7.72,25.5,101.97,1019.86,2.5,0.1,0.1,10,12,222,8.1,85
2025-06-15T09:00,7.75,25.49,101.97,1019.85,2.5,0.1,0.2,10,13,235,8.4,85
2025-06-15T09:30,7.62,25.55,101.96,1019.91,2.7,0.1,0.1,11,14,223,8.4,86
2025-06-15T10:00,7.49,25.6,101.97,1019.97,0,0,0,13,17,223,8.4,86
2025-06-15T10:30,7.51,25.6,101.95,1019.97,2.4,0.1,0.2,13,19,223,8.7,85
2025-06-15T11:00,7.42,25.64,101.97,1020.01,2.3,0.1,0.2,18,23,229,8.6,84
2025-06-15T11:30,7.44,25.65,101.97,1020.01,2.4,0.2,0.4,16,21,231,8.2,88
2025-06-15T12:00,7.57,25.62,101.97,1019.98,2.4,0.2,0.4,18,22,240,8.4,86
2025-06-15T12:30,7.55,25.6,101.97,1019.97,2.4,0.2,0.3,15,18,227,8,88
2025-06-15T13:00,8.73,25.11,101.97,1019.43,2.6,0.2,0.3,15,20,231,8,87
2025-06-15T13:30,8.68,25.15,101.94,1019.46,2.5,0.2,0.4,18,21,234,8.6,82
2025-06-15T14:00,8.4,25.32,101.909996,1019.64,2.5,0.2,0.4,18,23,231,8.2,85
2025-06-15T14:30,7.2,25.72,101.909996,1020.1,2.5,0.2,0.3,17,20,239,8.2,84
2025-06-15T15:00,6.55,25.76,101.88,1020.21,2.6,0.2,0.4,17,20,234,8.4,84
2025-06-15T15:30,6.76,25.87,101.86,1020.27,2.5,0.2,0.4,15,19,231,8.8,83
2025-06-15T16:00,6.63,25.94,101.86,1020.34,2.4,0.2,0.3,15,18,226,9.4,81
2025-06-15T16:30,7.48,25.97,101.82,1020.26,2.3,0.1,0.3,18,21,228,9.4,80
2025-06-15T17:00,8.68,25.82,101.8,1019.99,2.4,0.1,0.2,21,23,238,9.9,77
2025-06-15T17:30,9.39,25.73,101.78,1019.82,2.5,0.2,0.5,17,21,232,11.2,76
2025-06-15T18:00,9.09,25.97,101.770004,1020.05,2.5,0.2,0.5,19,22,241,11.4,74
2025-06-15T18:30,8.63,26.04,101.740005,1020.17,2.5,0.2,0.2,20,24,245,11.2,76
2025-06-15T19:00,8.72,26.06,101.729996,1020.17,2.6,0.3,0.6,20,24,238,11.7,74
2025-06-15T19:30,8.77,26.06,101.729996,1020.17,2.6,0.3,0.5,21,25,235,11.7,74
2025-06-15T20:00,8.78,26.06,101.71,1020.16,2.7,0.2,0.5,18,23,233,12.1,72
2025-06-15T20:30,8.69,26.06,101.7,1020.18,2.6,0.3,0.4,17,22,243,11.9,71
2025-06-15T21:00,8.66,26.07,101.7,1020.18,2.6,0.3,0.4,16,20,255,11.9,71
2025-06-15T21:30,8.6,26.06,101.69,1020.19,2.6,0.3,0.4,17,22,255,12.1,69
2025-06-15T22:00,8.47,26.01,101.67,1020.16,3.1,0.4,0.6,24,29,253,12.8,63
2025-06-15T22:30,7.74,26.02,101.68,1020.27,3.4,0.3,0.6,20,26,239,12,67
2025-06-15T23:00,7.68,25.9,101.659996,1020.19,3.3,0.3,0.5,21,26,239,12,62
2025-06-16T00:30,7.71,25.88,101.68,1020.16,3.1,0.5,0.9,25,32,237,11.6,68
2025-06-16T01:00,7.55,25.91,101.72,1020.21,3,0.5,0.8,23,30,246,11.4,70
2025-06-16T01:30,7.45,25.97,101.729996,1020.26,2.9,0.5,0.8,25,32,244,11.3,71
2025-06-16T02:00,7.53,26.01,101.740005,1020.28,3,0.5,0.9,22,28,246,11.5,71
2025-06-16T02:30,8.37,26.03,101.740005,1020.2,3,0.5,0.8,23,29,253,11.7,70
2025-06-16T03:00,8.09,26.11,101.759995,1020.3,2.8,0.5,0.8,23,28,251,11.1,74
2025-06-16T03:30,7.39,26.08,101.759995,1020.36,2.7,0.4,0.8,20,24,253,10.9,78
2025-06-16T04:00,8.51,25.8,101.759995,1019.99,2.6,0.3,0.5,16,20,254,10.9,79
2025-06-16T04:30,8.93,25.58,101.759995,1019.77,2.7,0.3,0.5,18,22,249,10.6,81
2025-06-16T05:00,8.89,25.52,101.740005,1019.72,2.8,0.2,0.6,19,24,241,11.2,77
2025-06-16T05:30,9.39,25.21,101.759995,1019.41,2.7,0.2,0.4,19,21,242,10.6,80
2025-06-16T06:00,9.53,25.11,101.770004,1019.32,2.6,0.2,0.4,17,21,250,10.6,80
2025-06-16T06:30,9.67,25.02,101.8,1019.23,2.6,0.2,0.4,15,19,261,10.9,79
2025-06-16T07:00,9.76,24.98,101.78,1019.18,2.6,0.2,0.3,17,20,247,11.2,77
2025-06-16T07:30,9.79,24.96,101.8,1019.16,2.6,0.2,0.3,19,22,248,11.5,77
2025-06-16T08:00,9.7,25.05,101.78,1019.24,2.6,0.2,0.4,21,30,250,11.4,77
2025-06-16T08:30,9.78,24.98,101.79,1019.18,2.7,0.3,1,25,31,248,11.7,76
2025-06-16T09:00,9.64,25.04,101.82,1019.25,2.7,0.3,1.2,19,25,249,11,80
2025-06-16T09:30,9.53,25.09,101.83,1019.3,2.7,0.3,0.8,22,28,250,10.9,78
2025-06-16T10:00,9.47,25.14,101.840004,1019.35,2.7,0.4,0.7,20,24,240,10.9,78
2025-06-16T10:30,9.3,25.26,101.86,1019.47,2.7,0.3,0.6,15,20,245,10.1,82
2025-06-16T11:00,9.21,25.36,101.88,1019.55,2.8,0.3,0.6,12,16,230,9.7,85
2025-06-16T11:30,9.22,25.38,101.88,1019.57,3,0.4,0.7,13,19,225,9.6,85
2025-06-16T12:00,9.38,25.3,101.89,1019.49,2.9,0.4,0.5,11,17,226,10,83
2025-06-16T12:30,9.42,25.28,101.89,1019.46,3.1,0.4,0.6,17,22,244,9.9,84
2025-06-16T13:00,9.27,25.39,101.87,1019.58,2.8,0.4,0.7,21,26,251,9.9,84
2025-06-16T13:30,9.28,25.4,101.83,1019.58,2.8,0.5,0.8,22,27,237,10.9,82
2025-06-16T14:00,9.21,25.48,101.8,1019.65,3.1,0.7,1.2,25,31,243,10.7,83
2025-06-16T14:30,9.23,25.5,101.79,1019.66,3.1,0.6,0.9,26,32,244,10.9,82
2025-06-16T15:00,9.2,25.54,101.759995,1019.7,3.1,0.7,1.4,26,33,252,11,81
2025-06-16T15:30,9.07,25.62,101.729996,1019.78,3.3,0.8,1.3,22,29,253,11,78
2025-06-16T16:00,7.68,26.06,101.7,1020.31,3.3,0.7,1.2,23,29,248,11.1,76
2025-06-16T16:30,7.17,26.16,101.67,1020.45,3.1,0.7,1.1,21,25,230,11.1,76
2025-06-16T17:00,7.71,26.09,101.64,1020.33,3,0.6,1.2,21,27,236,10.6,81
2025-06-16T17:30,8.18,26.08,101.61,1020.26,2.9,0.6,0.9,23,28,241,10.9,80
2025-06-16T18:00,8.69,26.05,101.55,1020.17,3,0.5,0.9,22,26,233,11.3,78
2025-06-16T18:30,8.92,26.04,101.509995,1020.13,3,0.5,0.9,14,17,229,10.9,81
2025-06-16T19:00,8.99,26.07,101.45,1020.14,3.2,0.5,0.8,24,31,240,10.9,70
2025-06-16T19:30,8.94,26.08,101.44,1020.15,3.1,0.5,0.9,30,39,248,12.6,63
2025-06-16T20:00,8.75,26.1,101.42,1020.2,3.2,0.7,1.3,29,39,248,14.2,59
2025-06-16T20:30,8.75,26.13,101.37,1020.23,3.6,0.9,1.6,23,30,253,12.9,68
2025-06-16T21:00,8.7,26.08,101.32,1020.19,3.5,0.7,1.3,28,37,248,14.2,58
2025-06-16T21:30,8.47,26.13,101.3,1020.26,3.5,0.7,1.3,27,34,245,13.8,62
2025-06-16T22:00,8.33,26.15,101.259995,1020.3,3.5,0.7,1.8,26,33,243,14.4,59
2025-06-16T22:30,8.22,26.15,101.22,1020.31,3.7,0.9,1.6,30,42,246,15,57
2025-06-16T23:00,8.09,26.15,101.21,1020.32,3.3,0.7,1.1,22,28,249,13.3,65
2025-06-17T00:00,8.11,26.15,101.22,1020.32,3.3,0.6,1.1,29,37,244,14,62
2025-06-17T00:30,8.06,26.16,101.21,1020.34,3.3,0.8,1.3,26,33,241,13.4,66
2025-06-17T01:00,8.04,26.16,101.2,1020.34,3.3,0.7,1.2,25,33,240,13.5,65
2025-06-17T01:30,7.98,26.17,101.2,1020.36,3.2,0.8,1.3,28,34,242,13.2,66
2025-06-17T02:00,7.96,26.18,101.19,1020.36,3.2,0.7,1.1,25,32,240,12.6,70
2025-06-17T02:30,7.89,26.23,101.18,1020.41,3,0.7,1.3,29,35,249,12.8,69
2025-06-17T03:00,7.86,26.22,101.2,1020.41,3,0.5,0.9,24,29,246,12.1,72
2025-06-17T03:30,8.04,26.25,101.2,1020.41,2.8,0.5,0.8,24,28,252,11.8,74
2025-06-17T04:00,8.15,26.3,101.21,1020.43,3,0.5,0.8,23,28,250,12.1,73
2025-06-17T04:30,8.17,26.34,101.229996,1020.47,2.9,0.6,1.1,27,32,245,13.3,67
2025-06-17T05:00,8.23,26.27,101.22,1020.4,3,0.6,1,14,19,238,11.9,74
2025-06-17T05:30,8.38,26.16,101.240005,1020.3,2.7,0.5,0.7,17,21,247,11,80
2025-06-17T06:00,8.42,26.09,101.229996,1020.24,2.8,0.4,0.7,11,15,223,11.4,76
2025-06-17T06:30,8.32,26.11,101.2,1020.27,2.8,0.4,0.7,22,27,229,11.9,75
2025-06-17T07:00,8.74,26.01,101.2,1020.13,2.8,0.3,0.6,14,18,231,11.9,75
2025-06-17T07:30,8.54,26.08,101.240005,1020.21,2.9,0.3,0.5,12,17,227,12.1,74
2025-06-17T08:00,8.36,26.16,101.229996,1020.3,2.8,0.3,0.5,16,20,224,11.4,78
2025-06-17T08:30,8.12,26.24,101.229996,1020.4,2.8,0.3,0.4,19,23,206,11.5,78
2025-06-17T09:00,8.14,26.25,101.21,1020.4,2.8,0.3,0.5,17,24,212,12.6,74
2025-06-17T09:30,8.2,26.27,101.2,1020.41,2.9,0.2,0.5,17,22,211,11.4,80
2025-06-17T10:00,8.25,26.27,101.229996,1020.4,2.7,0.2,0.4,12,16,221,10.8,83
2025-06-17T10:30,8.21,26.28,101.229996,1020.41,2.8,0.2,0.4,16,18,238,11,81
2025-06-17T11:00,8.18,26.29,101.240005,1020.42,2.9,0.2,0.3,13,16,236,10.4,83
2025-06-17T11:30,8.22,26.29,101.259995,1020.42,2.8,0.2,0.4,13,16,260,10.4,83
2025-06-17T12:00,8.25,26.29,101.29,1020.41,2.8,0.2,0.4,15,21,258,10.6,81
2025-06-17T12:30,8.3,26.29,101.32,1020.41,2.8,0.3,0.5,12,16,264,10.5,82
2025-06-17T13:00,8.35,26.28,101.33,1020.39,3,0.3,0.6,11,16,258,10.6,85
2025-06-17T13:30,8.37,26.29,101.33,1020.4,3,0.3,0.5,16,21,256,10.6,85
2025-06-17T14:00,8.3,26.29,101.340004,1020.41,3,0.3,0.5,13,16,263,10.8,86
2025-06-17T14:30,8.25,26.31,101.33,1020.43,2.9,0.2,0.4,14,17,253,11,88
2025-06-17T15:00,8.58,26.19,101.33,1020.29,3,0.3,0.6,17,20,251,11,88
2025-06-17T15:30,9.01,26.02,101.33,1020.1,2.9,0.3,0.5,20,25,256,11.3,88
2025-06-17T16:00,9.2,25.97,101.3,1020.04,3,0.4,0.6,20,24,243,11.7,89
2025-06-17T16:30,8.94,26.08,101.28,1020.16,2.9,0.5,0.8,21,26,260,11.5,89
2025-06-17T17:00,8.88,26.15,101.259995,1020.22,2.9,0.5,0.8,20,25,257,11.8,89
2025-06-17T17:30,8.92,26.12,101.229996,1020.19,3.1,0.5,1,19,22,251,12.4,88
2025-06-17T18:00,9.2,25.99,101.19,1020.05,3,0.4,0.6,14,19,232,11.4,90
2025-06-17T18:30,9.67,25.86,101.159996,1019.88,2.9,0.5,1.1,14,20,268,13.2,85
2025-06-17T19:00,9.73,25.81,101.15,1019.83,2.9,0.6,0.9,22,30,260,13.2,85
2025-06-17T19:30,9.54,25.82,101.12,1019.86,2.8,0.5,0.8,22,26,263,13.3,85
2025-06-17T20:00,9.51,25.8,101.1,1019.86,2.9,0.5,0.7,13,19,211,12.6,84
2025-06-17T20:30,9.74,25.72,101.08,1019.76,2.8,0.4,0.7,12,16,208,11.5,89
2025-06-17T21:00,9.9,25.68,101.03,1019.71,3,0.4,0.7,13,17,215,12.4,89
2025-06-17T21:30,9.93,25.69,100.990005,1019.71,3,0.4,0.6,16,21,227,12.4,82
2025-06-17T22:00,9.81,25.74,100.97,1019.77,3.1,0.3,0.5,13,16,218,13,85
2025-06-17T22:30,9.68,25.81,100.95,1019.84,3,0.3,0.4,16,22,215,14.1,80
2025-06-17T23:00,9.72,25.82,100.93,1019.84,3,0.3,0.4,15,18,208,12.7,85
2025-06-17T23:30,9.71,25.83,100.909996,1019.85,3.2,0.3,0.4,15,17,204,14.2,80
2025-06-18T00:00,9.55,25.85,100.88,1019.89,3,0.2,0.5,10,13,194,13.1,85
2025-06-18T00:30,9.51,25.87,100.87,1019.91,2.9,0.2,0.4,11,13,191,13.2,85
2025-06-18T01:00,9.42,25.88,100.88,1019.93,3.2,0.2,0.4,10,13,192,13.8,84
2025-06-18T01:30,9.32,25.91,100.88,1019.97,3.4,0.2,0.5,14,17,187,14.4,82
2025-06-18T02:00,9.17,25.96,100.86,1020.03,3.2,0.2,0.3,13,16,187,14.1,86
2025-06-18T02:30,9.06,26.02,100.83,1020.09,2.9,0.2,0.3,20,24,190,15.3,77
2025-06-18T03:00,9.02,26.05,100.82,1020.12,2.9,0.2,0.5,20,25,202,14.6,79
2025-06-18T03:30,8.95,25.99,100.82,1020.08,2.7,0.2,0.4,19,22,206,14.4,78
2025-06-18T04:00,9.03,25.93,100.81,1020.02,2.5,0.3,0.6,21,26,213,13.6,82
2025-06-18T04:30,8.64,26,100.81,1020.13,2.6,0.4,0.7,28,32,207,13.6,82
2025-06-18T05:00,8.86,26.05,100.770004,1020.14,2.9,0.6,0.8,29,35,213,14.9,80
2025-06-18T05:30,9.37,25.98,100.740005,1020.01,2.8,0.6,0.9,24,28,207,13.8,84
2025-06-18T06:00,9.35,25.91,100.729996,1019.97,2.9,0.5,1,19,22,200,13.1,86
2025-06-18T06:30,8.85,25.99,100.740005,1020.1,2.7,0.4,0.6,23,27,211,13.4,85
2025-06-18T07:00,8.64,25.99,100.7,1020.13,2.7,0.4,0.6,24,30,202,12.6,87
2025-06-18T07:30,8.05,26.52,100.67,1020.62,2.8,0.4,0.8,19,24,200,12.4,90
2025-06-18T08:00,8.56,26.51,100.590004,1020.54,2.8,0.4,0.7,22,30,202,13,87
2025-06-18T08:30,8.6,26.46,100.62,1020.5,2.9,0.5,0.7,22,31,212,12.9,86
2025-06-18T09:00,8.6,26.35,100.54,1020.41,2.9,0.5,0.8,30,39,209,13.2,86
2025-06-18T09:30,8.54,26.36,100.54,1020.43,3,0.5,1.1,28,37,206,13.1,87
2025-06-18T10:00,8.45,26.4,100.520004,1020.47,3.1,0.5,0.7,25,35,208,12.8,89
2025-06-18T10:30,8.27,26.44,100.55,1020.53,3.1,0.6,1.1,26,34,218,13.6,86
2025-06-18T11:00,8.15,26.46,100.5,1020.56,3.1,0.5,1.2,29,38,215,13.6,86
2025-06-18T11:30,7.76,26.57,100.490005,1020.7,3.2,0.6,0.9,32,43,224,13.6,87
2025-06-18T12:00,7.57,26.6,100.54,1020.74,3.1,0.5,1,23,32,227,13.8,87
2025-06-18T12:30,7.52,26.59,100.53,1020.74,3,0.5,0.9,20,27,220,12.9,88
2025-06-18T13:00,7.61,26.58,100.520004,1020.73,3,0.4,0.9,16,23,221,12.9,88
2025-06-18T14:00,8.14,26.72,100.520004,1020.77,3.6,0.6,1,9,14,230,13.2,91
2025-06-18T14:30,7.99,26.73,100.53,1020.79,3.6,0.6,0.9,15,22,236,11.5,92
2025-06-18T15:00,8.42,26.59,100.47,1020.63,3.5,0.5,0.8,16,23,211,11.3,94
2025-06-18T15:30,8.44,26.61,100.45,1020.64,3.5,0.6,0.9,18,26,231,11.5,95
2025-06-18T16:30,8.32,26.67,100.490005,1020.7,3.4,0.7,1.1,20,28,237,12.1,94
2025-06-18T17:00,8.37,26.67,100.490005,1020.7,3.2,0.7,0.9,21,28,242,12.5,95
2025-06-18T17:30,8.62,26.63,100.6,1020.63,3.2,0.7,1,28,37,299,12.5,93
2025-06-18T18:00,8.62,26.58,100.53,1020.6,3.2,0.7,1.3,25,35,248,15.3,94
2025-06-18T18:30,8.76,26.56,100.53,1020.56,3.2,0.7,1.1,27,33,256,15.3,94
2025-06-18T19:00,8.74,26.56,100.53,1020.56,3.1,0.7,1.2,28,35,263,13,97
2025-06-18T19:30,8.75,26.56,100.47,1020.55,3.2,0.8,1.3,35,46,248,13.4,99
2025-06-18T20:00,8.74,26.57,100.479996,1020.57,3.3,0.8,1.3,33,42,253,13.9,97
2025-06-18T20:30,8.8,26.57,100.46,1020.56,3.5,1,1.6,39,46,244,14.2,97
2025-06-18T21:00,8.8,26.59,100.44,1020.58,3.5,1,2,35,43,244,13.3,97
2025-06-18T21:30,8.65,26.59,100.45,1020.6,3.5,1,1.7,32,42,243,13.6,97
2025-06-18T22:00,8.53,26.58,100.46,1020.61,3.7,1,1.5,28,35,247,12.8,99
2025-06-18T22:30,8.5,26.56,100.47,1020.59,3.7,0.9,1.5,29,37,249,12.6,100
2025-06-18T23:00,8.45,26.56,100.490005,1020.6,3.7,0.9,1.4,30,37,245,13.1,100
2025-06-18T23:30,8.38,26.57,100.590004,1020.62,3.4,0.8,1.6,19,25,276,12.6,98
2025-06-19T00:00,8.12,26.64,100.6,1020.71,3.4,0.8,1.1,26,33,274,13,100
2025-06-19T00:30,8,26.67,100.64,1020.74,3.4,0.6,0.8,21,27,275,11.6,100
2025-06-19T01:00,7.81,26.69,100.7,1020.79,3.6,0.5,0.8,20,25,276,11.6,100
2025-06-19T01:30,7.83,26.69,100.740005,1020.79,3.4,0.5,1.1,14,19,271,11,100
2025-06-19T02:00,7.97,26.64,100.759995,1020.73,3.3,0.4,0.8,20,29,261,12.6,100
2025-06-19T02:30,8.03,26.63,100.759995,1020.71,3.3,0.5,0.8,16,22,262,11.5,100
2025-06-19T03:00,8.05,26.62,100.78,1020.7,3.2,0.4,0.7,14,18,240,10.4,100
2025-06-19T03:30,8.04,26.63,100.78,1020.71,3.2,0.4,0.7,9,13,204,9,100
2025-06-19T04:00,8.09,26.62,100.78,1020.69,3.3,0.4,0.7,12,17,228,9.1,100
2025-06-19T04:30,8.11,26.62,100.81,1020.69,3.1,0.3,0.6,10,14,227,8.9,100
2025-06-19T05:00,8.13,26.62,100.81,1020.69,3,0.3,0.5,7,12,243,9.1,100
2025-06-19T05:30,8,26.63,100.81,1020.72,2.9,0.3,0.4,10,15,239,9.4,100
2025-06-19T06:00,7.86,26.71,100.81,1020.8,2.9,0.2,0.3,14,17,343,9.3,100
2025-06-19T06:30,7.75,26.72,100.83,1020.82,2.8,0.2,0.3,8,12,242,10.8,100
2025-06-19T07:00,6.64,26.67,100.81,1020.91,2.8,0.2,0.3,10,13,280,10.8,100
2025-06-19T08:00,6.79,26.58,100.79,1020.83,3.1,0.1,0.2,4,6,349,9.2,100
2025-06-19T09:00,6.76,26.55,100.79,1020.81,3.7,0.1,0.2,5,6,147,10,100
2025-06-19T09:30,6.78,26.54,100.8,1020.79,3.8,0.1,0.2,1,2,133,8.1,100
2025-06-19T10:00,6.86,26.53,100.81,1020.78,4,0.2,0.3,4,5,84,8.6,100
2025-06-19T10:30,6.87,26.51,100.8,1020.76,4.2,0.1,0.2,3,5,131,8.6,100
2025-06-19T11:00,6.96,26.52,100.81,1020.75,4.2,0.1,0.2,1,2,345,8.7,100
2025-06-19T11:30,7.41,26.55,100.83,1020.72,4.3,0.1,0.2,9,11,357,8.2,100
2025-06-19T12:00,7.77,26.62,100.83,1020.73,4.9,0.1,0.2,9,10,25,8.5,100
2025-06-19T12:30,7.69,26.64,100.83,1020.76,4.8,0.1,0.1,10,11,37,8.7,100
2025-06-19T13:30,7.83,26.68,100.78,1020.77,5.4,0.1,0.2,9,10,44,9.1,100
2025-06-19T14:00,7.81,26.69,100.759995,1020.79,4.9,0.1,0.1,10,11,54,9.1,100
2025-06-19T14:30,7.92,26.68,100.770004,1020.76,5,0.1,0.2,8,9,66,9.1,100
2025-06-19T15:00,8.05,26.67,100.729996,1020.74,5.3,0.1,0.1,11,13,63,9.9,100
2025-06-19T15:30,8.18,26.68,100.729996,1020.73,0,0,0,10,12,58,10,100
2025-06-19T16:00,8.42,26.67,100.72,1020.69,4.9,0.1,0.1,12,13,21,9.4,100
2025-06-19T16:30,8.36,26.65,100.72,1020.68,5.1,0.1,0.1,12,14,33,9.4,100
2025-06-19T17:00,8.35,26.65,100.63,1020.68,5.3,0.1,0.1,15,18,56,10.2,100
2025-06-19T17:30,8.33,26.66,100.6,1020.69,4.3,0.1,0.2,14,16,110,10,100
2025-06-19T18:00,8.22,26.69,100.54,1020.73,4.3,0.1,0.2,15,17,83,9.8,100
2025-06-19T19:00,7.91,26.54,100.509995,1020.66,3.9,0.1,0.2,10,11,57,9,100
2025-06-19T19:30,7.68,26.55,100.520004,1020.69,3.2,0.1,0.2,8,11,90,8.9,100
2025-06-19T20:00,7.78,26.47,100.58,1020.61,2.9,0.1,0.2,4,6,302,8.9,100
2025-06-19T20:30,7.83,26.3,100.44,1020.48,3,0.1,0.3,13,18,67,9.4,100
2025-06-19T21:00,7.79,26.35,100.43,1020.52,2.8,0.2,0.3,13,19,41,9.9,100
2025-06-19T21:30,7.82,26.31,100.409996,1020.49,2.6,0.2,0.2,15,20,54,9.9,100
2025-06-19T22:00,7.93,26.23,100.38,1020.41,2.9,0.2,0.4,14,18,33,9.9,100
2025-06-19T22:30,8.01,26.24,100.43,1020.41,2.9,0.2,0.3,22,27,355,9.4,100
2025-06-19T23:30,7.58,26.43,100.3,1020.61,2.9,0.4,0.6,21,29,32,9.8,100
2025-06-20T00:00,7.52,26.46,100.259995,1020.64,2.8,0.4,0.7,30,37,63,10.7,100
2025-06-20T00:30,7.41,26.5,100.25,1020.69,3,0.6,0.8,31,39,60,10.6,100
2025-06-20T01:00,7.6,26.41,100.240005,1020.6,3.3,0.8,1.2,27,33,29,10.3,100
2025-06-20T01:30,7.56,26.44,100.25,1020.62,3.3,0.8,1.1,33,41,38,11,100
2025-06-20T02:00,7.47,26.49,100.22,1020.67,3.6,0.9,1.5,20,28,14,10.7,100
2025-06-20T02:30,7.55,26.43,100.18,1020.61,3.5,0.8,1.4,33,43,45,10.7,100
2025-06-20T03:00,7.55,26.41,100.19,1020.6,3.4,0.9,1.2,28,43,40,11.7,100
2025-06-20T03:30,7.5,26.43,100.18,1020.62,3.7,1,1.4,33,39,56,12,100
2025-06-20T04:00,7.44,26.46,100.009995,1020.65,3.9,1,2.1,35,44,50,11.1,100
2025-06-20T04:30,7.37,26.49,100.03,1020.68,4,1,1.6,30,38,54,10.8,100
2025-06-20T05:00,7.28,26.51,100,1020.71,3.8,1,1.8,28,36,49,10.5,100
2025-06-20T05:30,7.19,26.52,99.93,1020.73,4,1,1.6,37,48,51,10.7,100
2025-06-20T06:00,7.11,26.53,99.94,1020.75,3.9,1.1,1.8,29,37,59,10.4,100
2025-06-20T06:30,7.03,26.52,99.92,1020.75,3.9,1,1.5,24,34,66,9.8,100
2025-06-20T07:30,7.1,26.44,99.909996,1020.68,4.1,0.9,1.4,19,26,71,10,100
2025-06-20T08:00,7.52,26.28,99.909996,1020.5,4,0.9,1.7,22,29,72,10,100
2025-06-20T08:30,7.66,26.26,99.87,1020.47,4.5,1,1.4,18,26,52,9.7,100
2025-06-20T09:30,7.71,26.29,99.87,1020.48,4.9,1.4,2.4,13,20,65,9.5,100
2025-06-20T10:00,7.49,26.36,99.840004,1020.57,5.2,1.1,1.6,15,21,62,9.2,100
2025-06-20T10:30,7.39,26.44,99.82,1020.64,5.1,1.4,2.2,19,26,50,9.4,100
2025-06-20T11:00,7.28,26.54,99.840004,1020.73,5,1.2,2.3,19,27,42,9.7,100
2025-06-20T11:30,7.13,26.62,99.840004,1020.81,5.4,1.3,2,16,25,60,9.7,100
2025-06-20T12:00,7,26.65,99.78,1020.85,5,1.2,1.8,23,28,48,9.4,100
2025-06-20T12:30,6.88,26.68,99.78,1020.89,4.7,1.2,2,22,30,40,9.4,100
2025-06-20T13:00,6.84,26.69,99.770004,1020.9,5.1,1.2,2.1,22,31,39,9.8,100
2025-06-20T13:30,6.87,26.7,99.759995,1020.9,4.5,1.1,1.8,24,30,46,9.8,100
2025-06-20T14:00,6.95,26.69,99.729996,1020.89,4.6,1.1,1.8,20,27,36,9.6,100
2025-06-20T14:30,6.99,26.7,99.68,1020.9,4.8,1.2,1.8,19,24,39,9.9,100
2025-06-20T15:00,7.06,26.69,99.770004,1020.88,4.2,1.1,1.4,15,20,46,10.7,100
2025-06-20T15:30,7.13,26.65,99.72,1020.84,4.5,1,1.6,18,23,68,10.6,100
2025-06-20T16:00,7.18,26.64,99.75,1020.83,4.4,1,1.6,10,15,60,10.4,100
2025-06-20T16:30,7.27,26.61,99.7,1020.79,4.7,0.9,1.8,15,19,50,10.4,100
2025-06-20T17:00,7.36,26.56,99.71,1020.74,4.7,0.9,1.3,12,15,8,10.3,100
2025-06-20T17:30,7.4,26.55,99.78,1020.73,4.4,0.9,1.4,9,13,345,11.1,100
2025-06-20T18:00,7.53,26.51,99.78,1020.68,4.5,0.9,2,11,18,358,10.6,100
2025-06-20T18:30,7.55,26.51,99.8,1020.67,4.2,0.8,1.6,10,18,5,10.3,100
2025-06-20T19:00,7.53,26.51,99.840004,1020.68,4.7,0.8,1.6,22,28,357,10.4,100
2025-06-20T19:30,7.63,26.44,99.89,1020.62,4.6,0.9,1.3,22,27,1,10.6,100
2025-06-20T20:00,7.54,26.48,99.909996,1020.65,4.4,0.9,1.3,19,25,346,10.5,100
2025-06-20T20:30,7.5,26.48,99.909996,1020.66,4.2,0.9,1.4,19,25,342,10.5,100
2025-06-20T21:00,7.42,26.52,99.97,1020.7,4.3,0.8,1.2,20,25,348,10.7,100
2025-06-20T21:30,7.31,26.58,100.009995,1020.76,4.5,0.8,1.3,13,17,359,9.8,100
2025-06-20T22:00,7.26,26.61,100.03,1020.79,4.8,0.8,1.2,14,17,341,10.1,100
2025-06-20T22:30,7.09,26.61,100.11,1020.82,5,0.9,1.2,13,17,350,10.1,99
2025-06-20T23:00,7.21,26.5,100.19,1020.71,4.8,0.7,1.2,13,18,336,10,96
2025-06-20T23:30,7.22,26.54,100.22,1020.74,4.9,0.8,1.3,15,21,342,10.8,88
2025-06-21T00:00,7.29,26.76,100.259995,1020.9,4.4,0.8,1.4,13,18,345,10.5,89
2025-06-21T00:30,7.18,26.76,100.33,1020.92,4.3,0.8,1.4,18,22,335,10.6,89
2025-06-21T01:00,7.22,26.82,100.39,1020.96,4,0.8,1.2,22,29,333,10.9,88
2025-06-21T01:30,7.5,26.86,100.45,1020.96,4.2,0.8,1.3,22,27,319,10.9,87
2025-06-21T02:00,7.59,26.85,100.479996,1020.94,4.1,0.7,1.4,19,25,315,10.9,85
2025-06-21T02:30,7.48,26.78,100.520004,1020.9,4,0.6,0.9,23,29,334,11.4,85
2025-06-21T03:00,7.44,26.72,100.56,1020.86,4.2,0.7,1.4,19,31,331,10.9,85
2025-06-21T03:30,7.41,26.7,100.61,1020.85,4.3,0.7,1.2,16,20,320,10.4,87
2025-06-21T04:00,7.41,26.68,100.62,1020.83,4.4,0.6,0.9,15,19,326,10.2,88
2025-06-21T04:30,7.21,26.8,100.68,1020.94,4.6,0.7,1.1,14,19,316,9.7,90
2025-06-21T05:00,7.02,26.95,100.7,1021.09,5.1,0.7,1.1,20,23,340,9.7,83
2025-06-21T05:30,6.97,27,100.71,1021.14,5,0.7,1.1,12,16,318,11.2,83
2025-06-21T06:00,6.9,27.09,100.79,1021.21,5,0.7,1.1,8,12,296,10.1,87
2025-06-21T06:30,6.81,27.15,100.840004,1021.27,5.1,0.6,0.9,10,14,317,9.6,87
2025-06-21T07:00,6.9,27.02,100.87,1021.16,5.3,0.7,1.3,12,15,312,10.5,82
2025-06-21T07:30,7.25,26.73,100.93,1020.88,5.8,0.7,1,7,10,316,9.5,88
2025-06-21T08:00,7.36,26.64,100.97,1020.81,5.4,0.6,0.9,9,12,287,8.9,91
2025-06-21T08:30,7.35,26.63,101.03,1020.79,5.4,0.7,1.1,10,14,285,9.4,91
2025-06-21T09:00,7.32,26.64,101.090004,1020.81,6.1,0.7,1.2,12,16,254,9,90
2025-06-21T09:30,7.32,26.67,101.12,1020.83,5.8,0.7,1.2,12,15,301,9.6,90
2025-06-21T10:00,7.39,26.73,101.15,1020.87,6,0.8,1.2,12,15,314,9.7,89
2025-06-21T10:30,7.49,26.79,101.19,1020.9,6.4,0.9,1.2,10,13,323,9.7,88
2025-06-21T11:00,7.57,26.81,101.22,1020.91,6.1,0.8,1.2,10,13,315,10,88
2025-06-21T11:30,6.8,26.74,101.259995,1020.95,6,0.8,1.2,10,16,283,8.7,91
2025-06-21T12:00,6.84,26.74,101.28,1020.95,6.4,0.7,1,11,13,233,8.7,91
2025-06-21T12:30,6.95,26.74,101.31,1020.93,5.9,0.8,1.3,13,18,231,8.6,94
2025-06-21T13:00,7.14,26.73,101.3,1020.9,5.9,0.8,1.1,14,19,230,9,92
2025-06-21T13:30,7.1,26.73,101.3,1020.9,5.4,0.6,1.1,14,19,235,9.4,91
2025-06-21T14:00,7.27,26.72,101.3,1020.88,5.2,0.7,1.1,15,19,234,9.4,91
2025-06-21T15:00,7.38,26.85,101.33,1020.97,3.8,0.3,0.6,13,16,230,9.7,95
2025-06-21T15:30,7.86,26.91,101.38,1020.95,3.8,0.4,0.5,18,24,249,9.9,94
2025-06-21T16:00,8.04,26.94,101.38,1020.95,3,0.4,0.6,22,29,245,9.9,94
2025-06-21T16:30,7.92,26.95,101.4,1020.98,2.9,0.5,0.9,20,26,243,10.9,86
2025-06-21T17:00,8.17,26.97,101.37,1020.96,3.1,0.5,0.8,24,32,236,11.4,84
2025-06-21T18:00,8.43,26.95,101.33,1020.9,3.1,0.6,1,21,29,230,11.7,82
2025-06-21T18:30,8.38,26.96,101.340004,1020.92,3.2,0.6,1,25,33,236,11.7,76
2025-06-21T20:00,7.92,26.72,101.3,1020.79,3.1,0.5,1,25,32,226,13.1,66
2025-06-21T20:30,8.08,26.57,101.240005,1020.65,2.9,0.5,0.8,23,28,227,12.9,67
2025-06-21T21:00,8.18,26.45,101.2,1020.55,2.9,0.5,0.9,24,28,220,13.1,65
2025-06-21T21:30,8.25,26.4,101.2,1020.5,2.9,0.5,0.8,19,25,227,12.1,71
2025-06-21T22:00,8.3,26.37,101.21,1020.47,2.9,0.5,0.8,29,34,237,13.1,66
2025-06-21T22:30,8.17,26.32,101.21,1020.45,3,0.5,1,34,41,240,13.1,66
2025-06-21T23:00,8.33,26.28,101.229996,1020.39,3,0.6,1,33,39,240,13,68
2025-06-21T23:30,8.35,26.26,101.240005,1020.38,3.1,0.8,1.3,34,41,241,12.6,69
2025-06-22T00:30,8.33,26.25,101.259995,1020.37,3.3,0.8,1.3,24,34,240,12.3,72
2025-06-22T01:00,8.17,26.27,101.259995,1020.41,3.2,0.7,1.1,19,25,217,11.2,79
2025-06-22T01:30,7.92,26.32,101.240005,1020.48,3.3,0.6,1,19,23,223,11.2,79
2025-06-22T02:00,7.74,26.33,101.229996,1020.51,3.2,0.5,1.2,19,25,222,10.8,81
2025-06-22T02:30,7.66,26.35,101.229996,1020.54,3.4,0.6,1,20,24,235,10.9,80
2025-06-22T03:00,7.6,26.36,101.259995,1020.55,3.5,0.6,1.1,16,20,216,10.5,82
2025-06-22T03:30,7.5,26.38,101.28,1020.59,3.4,0.5,0.8,12,17,216,10.5,82
2025-06-22T04:30,7.45,26.41,101.2,1020.61,3.2,0.3,0.6,10,13,210,10.9,81
2025-06-22T05:00,7.38,26.42,101.13,1020.63,3.1,0.3,0.5,13,17,193,11.3,81
2025-06-22T05:30,7.37,26.43,101.13,1020.64,3.1,0.3,0.3,16,20,197,12.2,75
2025-06-22T06:00,7.34,26.42,101.13,1020.63,2.9,0.2,0.3,14,18,193,11.8,76
2025-06-22T06:30,7.31,26.42,101.11,1020.64,2.7,0.2,0.4,7,10,208,10.5,82
2025-06-22T07:00,7.29,26.42,101.07,1020.64,2.7,0.2,0.3,4,7,191,11.1,81
2025-06-22T07:30,7.27,26.42,101.06,1020.64,2.8,0.2,0.3,3,6,205,10.6,82
2025-06-22T08:00,7.15,26.46,101.04,1020.68,2.5,0.2,0.3,10,12,203,10.6,72
2025-06-22T10:00,7.99,26.29,100.979996,1020.45,2.5,0.1,0.2,9,11,171,10.8,84
2025-06-22T11:00,8.2,26.28,100.909996,1020.41,2.5,0.2,0.4,4,7,25,10.1,88
2025-06-22T11:30,8.63,26.18,100.94,1020.28,2.5,0.1,0.2,8,10,333,9.6,93
2025-06-22T12:00,8.61,26.1,100.89,1020.22,3,0.2,0.3,14,17,47,9.8,96
2025-06-22T12:30,8.62,26.09,100.86,1020.21,2.8,0.1,0.2,11,15,71,9.5,98
2025-06-22T13:00,8.58,26.13,100.78,1020.25,0,0,0,20,23,81,10,99
2025-06-22T13:30,8.68,26.08,100.75,1020.2,2.6,0.1,0.2,21,26,71,9.8,99
2025-06-22T14:00,8.63,26.15,100.729996,1020.25,2.4,0.2,0.3,25,29,73,9.8,100
2025-06-22T14:30,8.63,26.17,100.729996,1020.27,2.6,0.4,0.6,30,35,76,9.8,100
2025-06-22T15:00,8.5,26.2,100.729996,1020.31,2.7,0.5,0.8,32,40,83,9.7,100
2025-06-22T15:30,8.42,26.24,100.72,1020.35,2.9,0.6,0.9,31,39,82,9.7,100
2025-06-22T16:00,8.31,26.27,100.740005,1020.4,3.2,0.7,1.1,32,39,81,9.6,100
2025-06-22T16:30,8.16,26.33,100.770004,1020.45,3.4,0.9,2,28,38,81,9.5,100
2025-06-22T17:00,8.09,26.34,100.78,1020.48,3.8,1,1.4,27,33,85,9.5,100
2025-06-22T17:30,8.04,26.34,100.82,1020.48,3.8,1,1.7,25,32,67,9.3,100
2025-06-22T18:00,8.05,26.36,100.86,1020.49,4,1,1.8,24,29,68,9.3,100
2025-06-22T18:30,8.18,26.33,100.909996,1020.46,3.9,0.9,1.6,18,25,68,9.3,100
2025-06-22T19:00,8.09,26.33,101.020004,1020.47,4,1,2.1,17,21,5,9,100
2025-06-22T19:30,7.93,26.36,101.06,1020.51,4,0.9,1.3,16,20,22,9.6,100
2025-06-22T20:00,7.84,26.38,101.1,1020.54,3.9,0.9,1.4,14,19,23,9.8,100
2025-06-22T20:30,7.81,26.39,101.12,1020.55,4.2,0.9,1.4,11,17,39,10,100
2025-06-22T21:00,7.98,26.34,101.159996,1020.49,4,0.7,1.1,6,9,20,10,100
2025-06-22T21:30,8.24,26.27,101.2,1020.4,4.3,0.8,1.4,3,7,321,10,100
2025-06-22T22:00,8.3,26.31,101.28,1020.43,4.4,0.7,1.2,6,11,290,10.2,100
2025-06-22T22:30,8.22,26.38,101.340004,1020.49,4.3,0.6,1.1,7,10,235,9.8,100
2025-06-22T23:00,8.37,26.31,101.37,1020.42,4.6,0.6,0.9,9,13,182,10,100
2025-06-22T23:30,8.53,26.23,101.38,1020.33,4.6,0.6,0.8,14,17,183,9.9,100
2025-06-23T00:00,8.61,26.22,101.37,1020.31,4.7,0.5,1,16,20,179,9.6,100
2025-06-23T00:30,8.51,26.24,101.38,1020.34,4.5,0.5,0.8,14,17,183,9.7,100
2025-06-23T01:00,8.56,26.25,101.43,1020.34,4.4,0.5,0.7,10,14,233,9.5,100
2025-06-23T01:30,8.6,26.24,101.409996,1020.33,4.2,0.4,0.7,6,9,247,9.1,100
2025-06-23T02:00,8.51,26.25,101.4,1020.35,4.3,0.4,0.6,8,11,261,9.1,100
2025-06-23T02:30,8.43,26.23,101.47,1020.34,4.4,0.4,0.7,7,10,316,8.7,100
2025-06-23T03:00,8.25,26.28,101.479996,1020.41,4,0.4,0.7,5,7,318,8.6,100
2025-06-23T03:30,8.29,26.25,101.43,1020.38,4,0.4,0.5,4,6,230,8.5,100
2025-06-23T04:00,8.39,26.23,101.43,1020.35,4,0.4,0.6,4,5,195,8.4,100
2025-06-23T04:30,8.37,26.24,101.43,1020.36,3.9,0.3,0.6,7,9,211,8.4,100
2025-06-23T05:00,8.33,26.25,101.44,1020.38,3.8,0.4,0.6,12,14,224,8.1,100
2025-06-23T05:30,8.23,26.28,101.43,1020.41,3.7,0.3,0.4,13,15,224,8.1,100
2025-06-23T06:00,8.22,26.3,101.44,1020.42,3.7,0.2,0.4,9,12,234,8,100
2025-06-23T06:30,8.26,26.32,101.44,1020.43,3.6,0.2,0.5,6,8,232,8,100
2025-06-23T07:00,8.26,26.32,101.47,1020.44,3.6,0.2,0.4,5,7,236,8.2,100
2025-06-23T07:30,8.38,26.3,101.509995,1020.4,3.7,0.3,0.4,4,6,74,8.3,100
2025-06-23T08:00,8.33,26.3,101.55,1020.41,3.6,0.2,0.3,5,6,148,8.4,100
2025-06-23T08:30,8.18,26.3,101.6,1020.43,3.6,0.2,0.3,7,9,223,8.8,100
2025-06-23T09:00,7.89,26.31,101.62,1020.47,3.5,0.2,0.3,15,18,236,8.9,100
2025-06-23T09:30,7.89,26.31,101.61,1020.48,3.3,0.2,0.3,11,15,245,8.8,100
2025-06-23T10:30,8.07,26.34,101.45,1020.48,3.1,0.1,0.2,19,21,184,8.8,100
2025-06-23T11:00,8.2,26.34,101.63,1020.46,3,0.1,0.2,16,19,256,8.9,100
2025-06-23T11:30,8.34,26.32,101.65,1020.43,3.4,0.1,0.1,13,16,306,8.5,100
2025-06-23T12:00,8.02,26.37,101.65,1020.5,3.3,0.1,0.1,5,6,296,8.5,100
2025-06-23T12:30,8.18,26.37,101.659996,1020.49,3.8,0.1,0.1,3,4,270,8.8,100
2025-06-23T13:00,8.69,26.27,101.69,1020.34,4.1,0.1,0.2,4,6,329,9.2,100
2025-06-23T13:30,8.98,26.21,101.64,1020.25,3.9,0.1,0.1,2,3,19,9.5,100
2025-06-23T14:00,9.12,26.24,101.65,1020.26,0,0,0,1,1,272,10.7,100
2025-06-23T14:30,9.2,26.22,101.659996,1020.23,4.5,0.1,0.1,5,7,210,9.9,100
2025-06-23T15:00,9.39,26.17,101.6,1020.16,4.7,0.1,0.1,2,3,148,10.2,100
2025-06-23T15:30,9.61,26.27,101.58,1020.21,0,0,0,4,5,71,10.4,100
2025-06-23T16:00,9.23,26.23,101.53,1020.23,4.1,0.1,0.1,7,8,83,10.5,100
2025-06-23T17:30,9.45,26.26,101.5,1020.23,0,0,0,14,16,53,10.1,100
2025-06-23T18:00,9.49,26.24,101.55,1020.21,0,0,0,13,15,43,9.7,100
2025-06-23T18:30,9.13,26.26,101.45,1020.27,4.2,0.1,0.2,19,23,66,9.4,100
2025-06-23T19:00,8.98,26.29,101.409996,1020.31,3.6,0.1,0.2,15,18,103,9.4,100
2025-06-23T19:30,8.95,26.28,101.37,1020.31,3.2,0.1,0.2,14,16,98,9.4,100
2025-06-23T20:30,8.92,26.28,101.32,1020.32,2.6,0.1,0.2,13,15,39,9.1,100
2025-06-23T21:00,8.88,26.28,101.259995,1020.32,2.6,0.1,0.2,21,24,30,9.6,100
2025-06-23T21:30,8.75,26.29,101.21,1020.35,2.5,0.1,0.2,19,22,24,9.7,100
2025-06-23T22:00,8.65,26.29,101.159996,1020.36,2.3,0.1,0.2,22,27,41,9.7,100
2025-06-23T22:30,8.52,26.3,101.159996,1020.38,2.5,0.2,0.3,21,29,37,10,100
2025-06-23T23:00,8.46,26.29,101.15,1020.39,2.6,0.3,0.7,21,26,51,10.1,100
2025-06-23T23:30,8.54,26.29,101.18,1020.37,2.6,0.3,0.5,15,19,47,10,97
2025-06-24T00:00,8.68,26.27,101.14,1020.34,2.8,0.3,0.5,12,20,47,9.6,98
2025-06-24T00:30,8.76,26.31,101.11,1020.36,2.9,0.3,0.5,12,17,54,9.7,99
2025-06-24T01:00,8.79,26.33,101.11,1020.37,2.8,0.3,0.6,12,18,25,9.6,98
2025-06-24T01:30,8.53,26.33,101.06,1020.41,2.9,0.2,0.7,10,14,79,10,96
2025-06-24T02:00,8.54,26.25,101,1020.35,2.9,0.2,0.4,14,19,34,9.6,97
2025-06-24T02:30,8.59,26.22,101.009995,1020.31,2.9,0.3,0.5,10,17,36,9.8,95
2025-06-24T03:00,8.6,26.18,101.009995,1020.28,3.2,0.3,0.5,11,14,16,9.8,95
2025-06-24T03:30,8.62,26.17,101.020004,1020.27,2.9,0.3,0.4,4,8,34,9.6,97
2025-06-24T04:30,8.56,26.18,100.990005,1020.28,3,0.3,0.4,12,15,18,9.4,99
2025-06-24T05:00,8.2,26.28,100.95,1020.41,3.1,0.3,0.5,6,9,22,9.5,97
2025-06-24T05:30,8.35,26.22,100.95,1020.35,3.4,0.3,0.7,4,6,9,9.5,96
2025-06-24T06:00,8.39,26.21,100.97,1020.33,3.4,0.4,0.6,6,9,202,9.3,96
2025-06-24T06:30,8.63,26.16,100.97,1020.26,3.6,0.5,0.8,6,9,221,9.3,96
2025-06-24T07:00,8.52,26.21,100.979996,1020.32,3.8,0.5,0.7,6,11,252,8.2,100
2025-06-24T07:30,8.42,26.22,100.95,1020.34,3.8,0.5,0.7,6,11,238,8.1,100
2025-06-24T08:00,8.47,26.24,100.909996,1020.34,3.6,0.5,0.8,4,7,225,7.9,100
2025-06-24T08:30,8.44,26.23,100.96,1020.35,3.6,0.4,0.6,7,12,259,8,100
2025-06-24T09:00,8.58,26.19,100.96,1020.29,3.7,0.5,0.7,10,14,255,8,100
2025-06-24T09:30,8.42,26.23,101.03,1020.34,3.8,0.4,0.6,10,14,270,8.3,100
2025-06-24T10:00,8.08,26.34,101.009995,1020.48,3.9,0.3,0.7,8,12,240,8,100
2025-06-24T10:30,7.8,26.44,101.03,1020.59,3.9,0.3,0.6,7,10,258,8,100
2025-06-24T11:00,7.71,26.49,101,1020.64,3.8,0.3,0.5,6,9,233,8.1,100
2025-06-24T11:30,7.19,26.57,101.020004,1020.77,4.1,0.3,0.4,8,10,255,8.1,100
2025-06-24T12:00,7.31,26.55,101.020004,1020.74,4.1,0.3,0.5,10,12,252,8.5,100
2025-06-24T13:00,7.39,26.57,101.020004,1020.74,4.4,0.3,0.4,8,10,201,8.7,100
2025-06-24T13:30,7.26,26.57,101.009995,1020.76,4.5,0.3,0.4,4,7,227,8.8,100
2025-06-24T14:00,7.32,26.54,100.990005,1020.73,4.1,0.2,0.3,7,9,228,9.1,100
2025-06-24T14:30,7.14,26.59,100.979996,1020.79,4.2,0.2,0.3,3,5,215,9.6,100
2025-06-24T15:00,7.39,26.67,100.94,1020.82,4.1,0.2,0.4,7,9,217,9.8,100
2025-06-24T15:30,7.42,26.46,100.89,1020.65,3.9,0.2,0.4,11,13,203,9.9,100
2025-06-24T16:00,7.77,26.39,100.88,1020.56,3.9,0.2,0.3,13,15,223,10,100
2025-06-24T16:30,7.74,26.59,100.81,1020.72,3.7,0.2,0.3,22,26,230,11.1,100
2025-06-24T17:00,7.4,26.68,100.81,1020.83,3.8,0.2,0.4,25,29,238,12.2,100
2025-06-24T17:30,7.98,26.7,100.759995,1020.77,2.6,0.2,0.4,27,36,241,12.8,100
2025-06-24T18:00,7.78,26.85,100.71,1020.91,2.8,0.3,0.7,29,37,235,13.8,100
2025-06-24T18:30,7.64,26.82,100.7,1020.91,3.1,0.5,0.8,28,36,231,13.9,100
2025-06-24T19:00,7.57,26.82,100.7,1020.92,3.3,0.7,1.1,27,35,241,14.4,95
2025-06-24T19:30,7.54,26.82,100.71,1020.92,3.4,0.7,1.1,26,33,240,14.4,91
2025-06-24T20:00,7.53,26.84,100.72,1020.94,3.2,0.7,1.1,27,32,252,13.1,96
2025-06-24T20:30,7.95,26.83,100.7,1020.88,3.2,0.7,1.4,29,36,253,13.4,91
2025-06-24T21:00,7.66,26.84,100.72,1020.92,3.4,0.7,1.2,28,35,251,12.7,87
2025-06-24T21:30,7.56,26.79,100.7,1020.89,3.2,0.7,1.1,28,34,253,12.9,83
2025-06-24T22:00,7.47,26.74,100.72,1020.87,3,0.7,1,26,33,251,12.7,77
2025-06-24T22:30,7.31,26.76,100.729996,1020.9,3.1,0.6,0.9,21,26,249,13.3,71
2025-06-24T23:00,7.12,26.79,100.759995,1020.95,2.8,0.5,0.9,17,23,294,15.3,64
2025-06-24T23:30,7.1,26.85,100.770004,1021,2.8,0.5,0.8,19,24,285,12.8,74
2025-06-25T00:00,7.92,26.64,100.8,1020.73,2.7,0.3,0.6,27,30,282,17.3,60
2025-06-25T00:30,8.17,26.78,100.81,1020.81,2.8,0.3,0.6,25,29,288,17.2,59
2025-06-25T01:00,7.44,26.89,100.83,1020.99,2.8,0.3,0.6,19,23,289,15.2,65
2025-06-25T01:30,7.39,26.91,100.86,1021.01,2.8,0.3,0.6,19,22,277,16.1,63
2025-06-25T02:00,7.45,26.93,100.86,1021.02,2.9,0.3,0.5,19,23,274,16.1,64
2025-06-25T02:30,7.38,27.01,100.87,1021.09,3.1,0.3,0.5,15,18,250,12,79
2025-06-25T03:00,7.55,27.1,100.88,1021.14,2.8,0.2,0.4,17,20,254,14.2,73
2025-06-25T03:30,7.62,27.1,100.9,1021.13,2.9,0.2,0.3,14,17,261,13.4,76
2025-06-25T04:00,7.44,27.1,100.92,1021.15,2.9,0.2,0.3,15,17,290,13.3,75
2025-06-25T04:30,7.56,27.11,100.96,1021.15,3,0.1,0.6,24,28,314,15.6,65
2025-06-25T05:00,7.41,27.09,101.020004,1021.15,2.5,0.2,0.3,26,32,331,15.2,69
2025-06-25T05:30,7.12,27.1,101.090004,1021.19,2.6,0.3,0.4,20,23,337,14.3,72
2025-06-25T06:30,6.93,27.09,101.229996,1021.21,2.7,0.4,0.6,20,26,339,13.9,72
2025-06-25T07:00,8.18,26.68,101.240005,1020.73,2.8,0.4,0.7,33,41,352,14.4,63
2025-06-25T07:30,7.65,26.87,101.28,1020.95,3,0.6,1.2,26,36,347,14.3,63
2025-06-25T08:00,8.18,26.69,101.32,1020.73,3.1,0.6,1.1,18,24,325,13.7,65
2025-06-25T08:30,8.77,26.54,101.36,1020.54,3.1,0.5,0.8,17,23,321,12.8,69
2025-06-25T09:00,8.91,26.5,101.409996,1020.49,3.1,0.6,1,22,29,334,12.8,60
2025-06-25T09:30,8.47,26.6,101.43,1020.63,3,0.6,0.9,25,34,333,13.6,59
2025-06-25T10:00,8.54,26.59,101.509995,1020.61,3.1,0.5,0.9,15,21,334,12.3,70
2025-06-25T10:30,8.35,26.64,101.520004,1020.67,3,0.4,0.7,16,24,333,11.8,73
2025-06-25T11:00,8.18,26.67,101.55,1020.72,3.1,0.3,0.6,18,25,342,11.8,72
2025-06-25T11:30,8.01,26.71,101.590004,1020.77,3,0.5,0.8,13,17,321,11.3,75
2025-06-25T12:00,7.76,26.79,101.6,1020.87,3,0.3,0.4,19,24,323,11.5,74
2025-06-25T12:30,7.44,26.96,101.63,1021.05,2.9,0.3,0.6,21,27,334,11.7,69
2025-06-25T13:00,7.37,27.08,101.65,1021.15,3,0.3,0.6,16,20,328,11.4,71
2025-06-25T13:30,6.94,27.16,101.67,1021.26,3,0.3,0.7,13,20,334,11.7,69
2025-06-25T14:00,6.64,27.11,101.68,1021.25,3,0.3,0.5,14,17,289,11.8,69
2025-06-25T14:30,6.81,27.1,101.68,1021.23,2.9,0.2,0.7,16,19,268,10.3,75
2025-06-25T15:00,6.99,27.12,101.67,1021.22,2.8,0.2,0.3,12,15,257,10.5,72
2025-06-25T15:30,7.26,27.11,101.65,1021.18,2.6,0.2,0.2,11,13,257,10.5,74
2025-06-25T16:00,7.27,27.14,101.64,1021.21,2.7,0.2,0.3,19,21,250,10.5,76
2025-06-25T16:30,7.62,27.18,101.62,1021.19,2.6,0.2,0.3,14,16,251,10.6,76
2025-06-25T17:00,8.01,27.13,101.62,1021.1,2.6,0.2,0.3,12,14,228,11.2,71
2025-06-25T17:30,7.9,27.16,101.590004,1021.14,2.6,0.2,0.3,9,11,229,11.3,74
2025-06-25T18:00,7.25,27.21,101.6,1021.26,2.8,0.2,0.3,5,8,354,12,72
2025-06-25T18:30,7.74,27.34,101.590004,1021.31,2.7,0.2,0.3,9,11,337,14.3,63
2025-06-25T19:00,9.65,27.01,101.6,1020.78,2.7,0.1,0.2,13,16,314,13.6,68
2025-06-25T19:30,10.47,26.64,101.6,1020.36,2.8,0.4,0.7,16,21,328,13.7,69
2025-06-25T20:00,10.33,26.69,101.62,1020.42,2.8,0.4,0.6,13,19,344,14.3,65
2025-06-25T20:30,10.82,26.63,101.62,1020.3,2.9,0.4,0.7,11,17,335,13.7,70
2025-06-25T21:00,10.97,26.59,101.63,1020.25,2.8,0.4,0.6,17,22,344,14.2,65
2025-06-25T21:30,10.94,26.56,101.67,1020.23,2.8,0.4,0.6,14,18,357,14.2,66
2025-06-25T22:00,11.31,26.47,101.7,1020.09,3,0.4,0.8,18,25,4,14.2,62
2025-06-25T22:30,11.06,26.48,101.729996,1020.15,2.8,0.4,0.8,20,27,345,14.5,61
2025-06-25T23:00,11.31,26.48,101.759995,1020.1,2.7,0.3,0.6,18,24,354,14.2,65
2025-06-25T23:30,11.16,26.3,101.8,1019.99,2.7,0.3,0.6,21,30,329,14.7,60
2025-06-26T00:00,10.77,26.35,101.8,1020.09,2.9,0.5,0.8,22,29,340,14.3,60
2025-06-26T00:30,10.19,26.47,101.82,1020.28,3,0.5,0.8,17,24,338,13.5,66
2025-06-26T01:00,10.4,26.4,101.88,1020.19,3,0.4,0.7,13,20,347,13.3,67
2025-06-26T01:30,10.12,26.56,101.9,1020.36,3.1,0.3,0.5,10,14,326,12.4,73
2025-06-26T02:00,10.08,26.6,101.909996,1020.39,3,0.2,0.3,8,11,313,12.2,75
2025-06-26T02:30,9.64,26.76,101.9,1020.58,2.9,0.2,0.4,9,13,309,12.3,72
2025-06-26T03:00,9.03,26.96,101.93,1020.83,2.8,0.2,0.3,13,16,299,12.1,73
2025-06-26T03:30,8.73,27.08,101.95,1020.97,2.8,0.2,0.3,12,15,304,11.8,75
2025-06-26T04:00,8.59,27.11,102.009995,1021.01,2.8,0.1,0.2,18,21,316,11.3,78
2025-06-26T04:30,8.48,27.14,102.03,1021.04,2.6,0.1,0.2,14,18,328,11.2,78
2025-06-26T05:00,8.45,27.13,102.03,1021.04,2.7,0.1,0.3,20,23,337,11.3,72
2025-06-26T05:30,8.19,27.14,102.03,1021.09,2.5,0.2,0.3,16,20,332,11.5,70
2025-06-26T06:00,8.05,27.16,102.03,1021.12,2.5,0.2,0.4,12,16,326,10.7,77
2025-06-26T07:30,7.96,27.15,102.05,1021.12,2.5,0.1,0.3,14,18,321,10.5,76
2025-06-26T08:00,8,27.15,102.03,1021.12,2.5,0.1,0.2,16,19,331,10.5,75
2025-06-26T08:30,8.4,27.05,102.06,1020.99,2.4,0.2,0.3,11,14,345,10.5,77
2025-06-26T09:00,8.79,26.96,102.08,1020.86,2.3,0.2,0.4,14,18,345,10.5,78
2025-06-26T09:30,9.68,26.48,102.090004,1020.36,2.4,0.2,0.3,16,20,330,10.6,75
2025-06-26T10:00,9.88,26.31,102.12,1020.2,2.6,0.3,0.5,15,18,326,10.4,78
2025-06-26T10:30,9.99,26.23,102.12,1020.12,2.5,0.3,0.5,16,20,333,10.5,74
2025-06-26T11:00,10.07,26.13,102.13,1020.03,2.5,0.2,0.4,13,16,336,10.6,76
2025-06-26T11:30,10.04,25.98,102.159996,1019.92,2.6,0.2,0.3,11,15,317,10.6,78
2025-06-26T12:00,10.07,25.96,102.19,1019.9,2.6,0.2,0.5,12,17,322,10.7,77
2025-06-26T12:30,10.12,25.97,102.2,1019.9,2.5,0.2,0.3,13,18,321,10.9,78
2025-06-26T13:00,10.19,25.98,102.18,1019.89,2.7,0.2,0.5,6,10,301,11.2,72
2025-06-26T13:30,10.38,26.01,102.2,1019.89,2.8,0.1,0.2,17,21,241,10.1,79
2025-06-26T14:00,10.47,26.09,102.19,1019.94,2.5,0.2,0.3,19,26,239,10.1,81
2025-06-26T14:30,10.24,26.32,102.18,1020.15,2.4,0.2,0.3,22,28,238,10.1,81
2025-06-26T15:00,10.3,26.44,102.15,1020.23,2.7,0.3,0.7,24,30,238,9.7,80
2025-06-26T15:30,8.49,26.82,102.13,1020.79,2.6,0.3,0.5,30,37,241,9.6,78
2025-06-26T16:00,8.11,26.82,102.090004,1020.85,2.6,0.4,0.8,26,32,243,9.9,76
2025-06-26T16:30,8.34,26.86,102.07,1020.85,2.7,0.5,0.8,23,31,236,9.8,78
2025-06-26T17:00,8.09,26.89,102.05,1020.91,2.9,0.5,0.9,25,31,234,10,78
2025-06-26T17:30,7.74,27.02,102.020004,1021.05,2.8,0.5,1,28,35,246,10.3,76
2025-06-26T18:00,7.71,27.04,102,1021.07,2.9,0.5,0.9,26,31,238,10.3,76
2025-06-26T18:30,7.68,27.1,101.96,1021.12,2.8,0.4,0.9,28,34,243,10.4,72
2025-06-26T19:00,7.38,27.2,101.94,1021.24,3,0.6,0.8,26,32,243,10.8,73
2025-06-26T19:30,7.37,27.2,101.9,1021.24,3,0.6,0.9,26,33,239,11,72
2025-06-26T20:00,7.58,27.14,101.909996,1021.17,3.2,0.6,0.8,22,29,229,11,72
2025-06-26T20:30,7.47,27.12,101.83,1021.17,3.4,0.6,1.1,25,34,248,10.9,73
2025-06-26T21:00,7.54,27.06,101.8,1021.11,3.2,0.6,1,27,35,248,10.7,74
2025-06-26T21:30,7.73,27.07,101.78,1021.09,3.1,0.7,1,27,35,251,10.7,74
2025-06-26T22:00,7.79,27.07,101.8,1021.09,3.2,0.7,1.3,25,33,255,10.9,73
2025-06-26T22:30,8.02,27.08,101.81,1021.06,3.4,0.8,1.2,26,34,253,10.9,74
2025-06-26T23:00,8.37,27.05,101.81,1020.99,3.4,0.9,1.5,30,40,253,11.1,72
2025-06-26T23:30,8.99,26.89,101.840004,1020.78,3.7,1,1.7,25,33,251,11.1,73
2025-06-27T00:00,8.99,26.91,101.85,1020.8,3.6,1,1.5,23,31,257,10.5,78
2025-06-27T00:30,9.07,26.78,101.88,1020.68,3.5,0.8,1.2,19,24,255,10.4,81
2025-06-27T01:00,9.12,26.66,101.9,1020.58,3.3,0.7,1.3,17,23,251,10.2,84
2025-06-27T01:30,9.19,26.58,101.9,1020.51,3.2,0.6,1,12,18,244,10.2,84
2025-06-27T02:00,9.15,26.56,101.96,1020.5,3.3,0.5,0.9,11,19,265,9.9,87
2025-06-27T02:30,9.17,26.55,101.979996,1020.49,3.3,0.4,0.6,10,15,278,10.3,85
2025-06-27T03:00,9.22,26.52,102.009995,1020.46,3.3,0.3,0.4,9,14,260,10.4,85
2025-06-27T03:30,11.07,25.24,102.05,1019.18,3.4,0.2,0.4,12,18,220,9.8,88
2025-06-27T04:00,11.26,25.09,102.090004,1019.03,3.2,0.2,0.3,6,10,243,10.3,88
2025-06-27T04:30,11.25,25.11,102.12,1019.05,3.2,0.2,0.3,8,12,258,11,84
2025-06-27T05:00,11.08,25.25,102.13,1019.19,3.1,0.1,0.2,11,17,287,12.1,80
2025-06-27T05:30,10.9,25.39,102.13,1019.33,3.3,0.1,0.2,15,17,298,12.5,78
2025-06-27T06:00,10.61,25.59,102.15,1019.52,3.2,0.1,0.2,6,9,21,12,82
2025-06-27T06:30,10.4,25.63,102.159996,1019.59,3.4,0.1,0.2,7,11,330,12.1,79
2025-06-27T07:00,8.64,26.9,102.17,1020.84,3.2,0.1,0.1,10,11,301,12.1,79
2025-06-27T07:30,8.19,27.16,102.19,1021.1,3.2,0.1,0.1,8,10,305,11.1,84
2025-06-27T08:00,8.08,27.18,102.21,1021.14,3.2,0.1,0.2,8,10,307,11.1,82
2025-06-27T08:30,7.98,27.2,102.25,1021.16,3,0.1,0.2,9,12,336,11.1,84
2025-06-27T09:00,7.92,27.2,102.3,1021.17,2.9,0.1,0.2,21,24,336,11.5,78
2025-06-27T09:30,7.88,27.18,102.32,1021.16,2.4,0.2,0.3,17,20,341,11.7,77
2025-06-27T10:00,8.4,26.81,102.340004,1020.8,2.4,0.1,0.4,17,21,340,11.5,78
2025-06-27T10:30,9.05,26.57,102.39,1020.53,2.3,0.2,0.3,16,20,326,11.2,82
2025-06-27T11:00,9.29,26.63,102.44,1020.54,2.4,0.2,0.4,11,14,319,11.1,84
2025-06-27T11:30,9.36,26.64,102.45,1020.54,2.5,0.2,0.3,12,15,323,11.3,85
2025-06-27T12:00,10.52,25.77,102.46999,1019.68,2.6,0.2,0.3,9,12,332,11.5,85
2025-06-27T12:30,10.95,25.53,102.5,1019.43,2.5,0.2,0.3,7,9,325,11.8,84
2025-06-27T13:00,11.16,25.53,102.53001,1019.39,2.7,0.1,0.2,7,10,221,11.7,82
2025-06-27T13:30,11.22,25.64,102.55,1019.47,2.6,0.1,0.2,12,16,233,11.5,78
2025-06-27T14:00,11.4,25.7,102.53001,1019.48,2.7,0.1,0.2,13,15,235,11.5,77
2025-06-27T14:30,11.46,25.77,102.53001,1019.53,2.5,0.1,0.1,15,17,224,11.6,77
2025-06-27T15:00,11.66,25.66,102.52,1019.41,2.5,0.1,0.2,18,21,240,11.8,76
2025-06-27T15:30,11.36,25.89,102.52,1019.64,2.3,0.1,0.2,22,27,244,11.6,78
2025-06-27T16:00,11.85,25.85,102.48,1019.52,2.5,0.1,0.3,19,22,244,11.6,77
2025-06-27T16:30,10.91,26.33,102.43001,1020.05,2.5,0.1,0.6,18,22,234,11.3,79
2025-06-27T17:00,10.1,26.71,102.4,1020.48,2.3,0.2,0.3,20,24,241,10.9,80
2025-06-27T17:30,9.65,26.79,102.37,1020.61,2.3,0.2,0.3,20,24,252,11,79
2025-06-27T18:00,9.75,27.12,102.340004,1020.85,2.4,0.2,0.4,18,23,256,11,81
2025-06-27T18:30,9.86,27.08,102.31,1020.8,2.5,0.2,0.3,18,22,255,11.4,80
2025-06-27T19:00,9.43,26.9,102.28,1020.72,2.5,0.2,0.3,17,20,251,11.9,77
2025-06-27T19:30,10.01,26.77,102.229996,1020.54,2.5,0.2,0.3,16,20,244,12,77
2025-06-27T20:00,11.75,26.34,102.21,1019.92,2.7,0.2,0.3,13,16,236,12,77
2025-06-27T20:30,11.98,26.12,102.2,1019.71,2.7,0.2,0.3,14,17,241,12,74
2025-06-27T21:00,11.94,26.05,102.18,1019.66,2.6,0.2,0.3,15,19,239,12.6,75
2025-06-27T21:30,11.94,26.03,102.15,1019.64,2.7,0.2,0.4,15,20,236,12.6,76
2025-06-27T22:00,10.03,26.45,102.12,1020.29,2.5,0.2,0.3,13,17,242,12.3,79
2025-06-27T22:30,11.68,26.07,102.12,1019.72,2.7,0.2,0.4,13,17,239,12.3,79
2025-06-27T23:00,11.74,26.07,102.12,1019.71,2.6,0.2,0.3,15,20,249,12.5,77
2025-06-27T23:30,11.68,26.09,102.1,1019.74,2.7,0.2,0.3,11,15,256,12.4,79
2025-06-28T00:00,11.74,26.02,102.08,1019.68,2.8,0.1,0.3,10,14,256,12.7,75
2025-06-28T00:30,11.48,26.08,102.08,1019.76,2.6,0.2,0.3,10,13,270,12.3,79
2025-06-28T01:00,11.37,26.11,102.090004,1019.81,2.6,0.1,0.3,9,12,266,12.5,79
2025-06-28T01:30,11.22,26.14,102.12,1019.86,2.5,0.1,0.2,10,12,258,13,75
2025-06-28T02:00,11.06,26.17,102.11,1019.9,2.8,0.1,0.3,8,11,252,12.6,77
2025-06-28T02:30,11.26,26.03,102.11,1019.76,2.9,0.1,0.1,7,10,247,12.4,78
2025-06-28T03:00,11.36,26.11,102.08,1019.81,0,0,0,9,10,181,12.4,78
2025-06-28T03:30,11.61,26.07,102.08,1019.73,0,0,0,7,9,214,12,78
2025-06-28T04:00,11.56,26.1,102.06,1019.77,3.3,0.1,0.2,7,8,211,11.5,77
2025-06-28T04:30,11.51,26.13,102.03,1019.8,0,0,0,9,10,223,11.5,76
2025-06-28T05:30,11.27,26.25,102.03,1019.93,0,0,0,9,10,227,11.6,77
2025-06-28T06:00,9.61,27.04,102,1020.81,0,0,0,11,12,242,11.7,76
2025-06-28T07:00,9.23,27.15,101.979996,1020.95,0,0,0,12,13,242,11,84
2025-06-28T07:30,9.04,27.19,101.96,1021.01,0,0,0,15,18,204,10.8,86
2025-06-28T08:00,8.8,27.24,101.96,1021.08,0,0,0,14,16,208,11.2,82
2025-06-28T08:30,8.76,27.24,101.990005,1021.09,0,0,0,23,26,221,12.9,76
2025-06-28T09:00,8.73,27.24,101.979996,1021.09,0,0,0,14,16,204,12.2,77
2025-06-28T09:30,8.77,27.23,102,1021.08,2.9,0.1,0.2,8,10,207,12.9,74
2025-06-28T10:00,8.79,27.23,102.009995,1021.07,0,0,0,10,11,181,11.5,80
2025-06-28T10:30,8.82,27.21,102.009995,1021.05,2.7,0.1,0.1,4,7,192,11.5,81
2025-06-28T11:00,9.11,27.12,102.009995,1020.95,3,0.1,0.3,8,9,172,11.5,83
2025-06-28T11:30,9.27,27.04,102.009995,1020.86,3,0.2,0.3,7,10,180,12,81
2025-06-28T12:00,9.5,27.02,102.03,1020.81,3.1,0.2,0.4,5,7,228,11.9,84
2025-06-28T12:30,9.75,26.98,102.009995,1020.74,2.9,0.1,0.2,1,3,323,14.3,76
2025-06-28T13:00,9.95,26.91,101.979996,1020.65,2.9,0.2,0.2,9,10,67,12.8,83
2025-06-28T13:30,9.88,26.92,101.97,1020.67,3.2,0.1,0.2,4,6,54,12.8,88
2025-06-28T14:00,9.83,26.99,101.94,1020.73,3.2,0.1,0.2,6,7,4,13.8,84
2025-06-28T14:30,10.42,27.13,101.94,1020.75,3.4,0.1,0.1,5,7,353,13.9,84
2025-06-28T15:00,11.44,27.02,101.95,1020.5,3.2,0.1,0.1,3,7,156,15.3,73
2025-06-28T15:30,11.38,27.12,101.9,1020.59,0,0,0,5,8,289,15,70
2025-06-28T16:00,10.14,27.05,101.9,1020.74,2.7,0.1,0.3,6,11,197,14.8,68
2025-06-28T16:30,10.53,27.11,101.88,1020.72,2.4,0.2,0.4,7,14,199,14.8,67
2025-06-28T17:00,11.76,27.2,101.88,1020.59,2.3,0.2,0.3,12,16,272,12.8,82
2025-06-28T17:30,10.95,27.22,101.85,1020.74,2.7,0.2,0.3,15,18,273,13.1,80
2025-06-28T18:00,11.12,27.19,101.85,1020.68,2.6,0.2,0.3,2,5,151,13.1,80
2025-06-28T18:30,10.97,27.19,101.78,1020.72,2.5,0.2,0.5,20,25,226,12.8,79
2025-06-28T19:00,11.41,27.18,101.78,1020.63,2.7,0.4,0.6,21,27,220,12.5,80
2025-06-28T19:30,11.14,27.17,101.759995,1020.67,2.6,0.3,0.5,15,19,212,12.4,80
2025-06-28T20:00,10.49,27.18,101.759995,1020.78,2.6,0.2,0.3,18,23,215,12.6,80
2025-06-28T20:30,9.97,27.21,101.759995,1020.89,2.5,0.2,0.2,20,24,205,12.5,80
2025-06-28T21:30,10.05,27.22,101.740005,1020.88,2.6,0.3,0.4,12,17,221,12.5,80
2025-06-28T22:00,10.33,27.19,101.729996,1020.82,2.7,0.3,0.5,8,11,203,12.1,81
2025-06-28T22:30,10.37,27.18,101.71,1020.8,2.7,0.2,0.4,5,8,158,12.4,80
2025-06-28T23:00,10.74,27.11,101.7,1020.69,2.7,0.2,0.3,9,12,152,12.4,80
2025-06-28T23:30,10.67,27.11,101.69,1020.7,2.6,0.2,0.3,10,13,165,12.4,82
2025-06-29T00:00,10.52,27.13,101.69,1020.74,2.5,0.2,0.3,14,18,182,12,85
2025-06-29T00:30,10.43,27.15,101.68,1020.77,2.5,0.2,0.3,12,16,180,12.7,82
2025-06-29T01:30,10.37,27.16,101.7,1020.78,2.5,0.2,0.3,12,18,189,12.1,85
2025-06-29T02:00,10.3,27.16,101.68,1020.8,2.5,0.2,0.3,15,19,153,12.4,85
2025-06-29T02:30,10.6,27.09,101.63,1020.69,2.5,0.2,0.3,15,19,159,12.4,84
2025-06-29T03:00,10.61,27.03,101.63,1020.65,2.3,0.1,0.3,12,15,178,12.2,84
2025-06-29T03:30,10.56,26.99,101.62,1020.62,2.4,0.1,0.3,12,15,194,11.4,91
2025-06-29T04:00,10.51,27.02,101.590004,1020.65,2.6,0.1,0.2,9,10,138,11.5,92
2025-06-29T04:30,10.57,26.96,101.590004,1020.6,0,0,0,8,10,123,11.5,93
2025-06-29T05:00,10.44,26.93,101.53,1020.59,0,0,0,16,19,129,11.8,89
2025-06-29T05:30,10.19,26.94,101.53,1020.64,0,0,0,11,13,145,11.5,90
2025-06-29T06:00,10.18,26.92,101.53,1020.63,0,0,0,6,9,118,11.5,90
2025-06-29T06:30,10.04,26.9,101.479996,1020.63,0,0,0,6,8,104,10.9,95
2025-06-29T07:00,9.96,26.95,101.43,1020.68,0,0,0,9,11,124,10.9,95
2025-06-29T07:30,9.9,26.97,101.4,1020.71,0,0,0,14,17,112,10.8,96
2025-06-29T08:00,9.94,26.98,101.37,1020.71,0,0,0,14,17,111,11.1,95
2025-06-29T08:30,10.25,26.92,101.37,1020.62,0,0,0,12,14,107,11.1,95
2025-06-29T09:00,10.28,26.92,101.37,1020.61,0,0,0,12,14,94,11,96
2025-06-29T09:30,10.3,26.92,101.35,1020.61,3.1,0.1,0.3,12,14,94,10.9,97
2025-06-29T10:00,10.32,26.91,101.36,1020.6,0,0,0,13,15,89,11,97
2025-06-29T10:30,10.36,26.92,101.35,1020.6,0,0,0,13,14,93,11,96
2025-06-29T11:00,10.36,26.95,101.38,1020.62,2.9,0.1,0.2,11,13,89,11.1,96
2025-06-29T11:30,10.33,26.98,101.38,1020.65,0,0,0,10,13,85,11,96
2025-06-29T12:00,10.19,26.98,101.38,1020.67,0,0,0,13,15,86,11.1,96
2025-06-29T12:30,10.2,26.99,101.38,1020.68,0,0,0,10,13,85,11.1,96
2025-06-29T13:00,10.28,27.01,101.38,1020.68,3,0.1,0.2,10,13,93,11.1,96
2025-06-29T13:30,10.36,27.03,101.340004,1020.68,3.6,0.2,0.3,12,15,93,11,97
2025-06-29T14:00,10.38,27.04,101.37,1020.69,0,0,0,11,14,86,11,98
2025-06-29T14:30,10.4,27.03,101.39,1020.68,0,0,0,9,12,77,11,99
2025-06-29T15:30,10.31,27.02,101.340004,1020.69,2.8,0.1,0.1,11,13,100,11,100
2025-06-29T16:00,10.24,26.98,101.35,1020.67,0,0,0,10,12,89,11,100
2025-06-29T16:30,10.23,26.99,101.33,1020.68,3,0.1,0.3,10,13,100,11,100
2025-06-29T17:00,10.3,26.97,101.32,1020.65,2.8,0.1,0.1,12,14,93,11,100
2025-06-29T17:30,10.28,27,101.31,1020.67,2.8,0.1,0.2,11,12,99,10.9,100
2025-06-29T18:00,10.36,27.01,101.33,1020.67,2.9,0.1,0.2,12,15,101,10.8,100
2025-06-29T18:30,10.33,27.02,101.31,1020.68,3,0.1,0.2,11,14,105,10.8,100
2025-06-29T19:00,10.32,27.02,101.28,1020.68,2.8,0.1,0.3,8,13,106,10.7,99
2025-06-29T19:30,10.07,27.09,101.3,1020.78,2.9,0.1,0.3,7,11,97,10.7,99
2025-06-29T20:00,9.9,27.15,101.28,1020.85,2.9,0.1,0.2,10,13,107,10.6,99
2025-06-29T20:30,10.33,27.04,101.3,1020.7,2.8,0.2,0.3,9,11,114,10.7,99
2025-06-29T21:00,10.62,27.03,101.31,1020.64,2.8,0.2,0.4,8,11,103,10.8,98
2025-06-29T21:30,10.94,27,101.28,1020.57,2.8,0.2,0.3,8,11,79,10.9,98
2025-06-29T22:00,10.95,26.96,101.28,1020.54,2.8,0.2,0.3,6,8,117,10.9,98
2025-06-29T22:30,11.04,26.95,101.22,1020.51,2.9,0.2,0.3,12,14,101,11.1,98
2025-06-29T23:00,10.98,26.95,101.25,1020.52,3.1,0.2,0.3,11,14,112,11.2,99
2025-06-29T23:30,10.97,26.95,101.22,1020.52,3,0.2,0.4,10,12,105,11.1,99
2025-06-30T00:00,10.97,26.95,101.259995,1020.53,2.9,0.2,0.4,5,9,62,11.1,99
2025-06-30T00:30,10.96,26.96,101.28,1020.53,3,0.2,0.4,5,7,18,11.2,99
2025-06-30T01:00,10.93,26.96,101.3,1020.54,3.1,0.2,0.4,8,10,353,11.2,100
2025-06-30T01:30,10.9,26.96,101.3,1020.54,3.1,0.3,0.4,7,11,49,11.3,100
2025-06-30T02:00,10.82,26.97,101.3,1020.57,3.1,0.2,0.4,6,8,42,11.3,100
2025-06-30T02:30,10.88,26.97,101.3,1020.56,3.2,0.2,0.4,6,9,39,11.3,100
2025-06-30T03:00,10.71,26.99,101.31,1020.6,3.4,0.2,0.4,6,9,38,11.5,100
2025-06-30T03:30,10.43,27.04,101.3,1020.68,3.3,0.2,0.3,5,7,22,11.4,100
2025-06-30T04:00,10.26,27.08,101.32,1020.74,3.5,0.2,0.3,3,4,335,11.4,100
2025-06-30T04:30,9.68,27.22,101.29,1020.94,3.5,0.1,0.2,2,4,205,11.3,100
2025-06-30T05:00,9.58,27.21,101.28,1020.95,3.4,0.1,0.2,2,3,179,11.1,100
2025-06-30T05:30,10.53,27.07,101.28,1020.69,3.8,0.1,0.1,2,3,319,11.2,100
2025-06-30T06:00,10.91,26.97,101.28,1020.55,3.8,0.1,0.1,1,2,145,11.4,100
2025-06-30T06:30,10.85,26.95,101.25,1020.55,3.6,0.1,0.2,4,4,142,11,100
2025-06-30T07:00,10.35,27,101.25,1020.67,3.7,0.1,0.2,5,7,234,10.9,100
2025-06-30T07:30,10.79,26.95,101.259995,1020.55,3.8,0.1,0.2,6,7,248,10.7,100
2025-06-30T08:00,10.68,26.94,101.270004,1020.57,4.5,0.1,0.2,3,4,250,10.7,100
2025-06-30T08:30,10.94,26.85,101.259995,1020.45,4.1,0.1,0.2,4,5,225,10.7,100
2025-06-30T09:00,11.03,26.83,101.259995,1020.42,4.6,0.1,0.2,6,8,207,10.3,100
2025-06-30T09:30,11.16,26.82,101.32,1020.39,4.7,0.2,0.3,6,8,270,10.4,100
2025-06-30T10:00,11.18,26.82,101.32,1020.39,5.3,0.2,0.3,4,6,283,10.7,100
2025-06-30T10:30,11.23,26.83,101.32,1020.39,5.1,0.3,0.4,6,7,336,10.8,100
2025-06-30T11:00,11.09,26.87,101.31,1020.45,5.2,0.3,0.5,1,2,174,11,100
2025-06-30T11:30,10.95,26.92,101.31,1020.51,5.1,0.3,0.5,2,3,151,11.3,100
2025-06-30T12:00,10.79,27.02,101.32,1020.61,4.8,0.3,0.5,7,8,164,11,100
2025-06-30T12:30,10.89,27.01,101.3,1020.59,4.8,0.3,0.6,7,8,134,10.4,100
2025-06-30T13:00,10.86,27.01,101.28,1020.59,4.6,0.3,0.5,7,8,137,10.4,100
2025-06-30T13:30,10.95,27.02,101.240005,1020.58,4.8,0.3,0.5,6,8,123,10.8,100
2025-06-30T14:00,11,27,101.25,1020.56,4.6,0.3,0.4,5,7,84,11.2,100
2025-06-30T14:30,11.37,26.86,101.229996,1020.39,4.5,0.2,0.4,4,6,105,11.5,100
2025-06-30T15:00,11.75,26.83,101.25,1020.3,4.9,0.2,0.4,4,6,105,11.5,100
2025-06-30T15:30,12.09,26.77,101.229996,1020.2,4.9,0.3,0.4,7,9,120,11.9,100
2025-06-30T16:00,11.7,26.85,101.21,1020.33,4.9,0.2,0.3,8,10,124,11.9,100
2025-06-30T16:30,11.82,26.74,101.19,1020.22,4.8,0.2,0.3,9,10,129,12.1,100
2025-06-30T17:00,11.55,27.01,101.15,1020.47,5,0.2,0.3,7,9,129,12.1,100
2025-06-30T17:30,11.95,26.99,101.090004,1020.39,4.9,0.2,0.4,8,9,132,11.9,100
2025-06-30T18:00,11.6,27.17,101.07,1020.59,4.4,0.2,0.3,7,8,119,11.3,100
2025-06-30T18:30,10.22,27.34,101.020004,1020.95,4.8,0.2,0.4,8,9,112,11.5,100
2025-06-30T19:00,9.45,27.56,101.020004,1021.23,4.7,0.2,0.2,9,10,124,11.5,100
2025-06-30T19:30,9.57,27.51,100.96,1021.18,5,0.2,0.4,9,10,131,11.2,100
2025-06-30T20:00,9.7,27.45,100.95,1021.11,4.8,0.1,0.2,8,11,130,10.6,100
2025-06-30T20:30,9.12,27.68,100.93,1021.38,4.6,0.2,0.3,7,11,142,10.5,100
2025-06-30T21:00,8.59,27.56,100.9,1021.36,4,0.3,0.6,10,11,139,10.1,100
2025-06-30T21:30,10.8,27.3,100.86,1020.83,4.2,0.4,0.6,10,13,123,10.7,100
2025-06-30T22:00,11.44,27.18,100.83,1020.63,4,0.4,0.7,10,13,121,10.7,100
2025-06-30T23:00,12.13,27.08,100.81,1020.43,3.6,0.3,0.4,8,10,166,11.8,100
2025-06-30T23:30,11.74,27.11,100.78,1020.52,3.7,0.3,0.4,13,16,216,14.6,93
2025-07-01T00:00,11.42,27.04,100.78,1020.52,3.5,0.3,0.5,8,9,158,13.6,92
2025-07-01T00:30,11.52,27.03,100.79,1020.5,3.6,0.2,0.4,4,6,150,14.1,92
2025-07-01T01:00,11.59,27.01,100.81,1020.47,3.5,0.2,0.4,5,8,138,14.7,92
2025-07-01T01:30,11.59,27.01,100.81,1020.47,3.5,0.2,0.3,3,6,38,13,94
2025-07-01T02:00,11.62,27.01,100.81,1020.47,3.3,0.2,0.3,10,13,39,13.5,94
2025-07-01T02:30,11.64,27.02,100.759995,1020.47,3.5,0.2,0.3,3,7,26,14.5,93
2025-07-01T03:00,11.42,27.02,100.759995,1020.5,3.2,0.2,0.3,11,14,353,14.6,91
2025-07-01T03:30,11.22,27.13,100.740005,1020.62,3.2,0.2,0.3,12,16,218,14.7,89
2025-07-01T04:00,10.98,27.18,100.72,1020.7,3.1,0.2,0.4,15,18,221,14.7,88
2025-07-01T04:30,10.8,27.32,100.729996,1020.84,2.9,0.2,0.3,11,14,237,14,90
2025-07-01T05:00,10.49,27.35,100.729996,1020.92,3.1,0.2,0.3,13,15,238,13,90
2025-07-01T05:30,10.36,27.34,100.72,1020.92,3.1,0.2,0.3,16,17,203,12.2,93
2025-07-01T06:00,10.43,27.31,100.71,1020.89,2.9,0.2,0.2,14,15,220,12.7,93
2025-07-01T06:30,10.62,27.27,100.7,1020.83,3.3,0.2,0.4,13,15,215,13,92
2025-07-01T07:00,10.68,27.23,100.63,1020.79,3.1,0.2,0.3,10,12,198,12.1,94
2025-07-01T07:30,11.47,26.95,100.6,1020.44,3.1,0.2,0.3,8,11,170,12.4,96
2025-07-01T08:00,11.7,26.93,100.6,1020.39,3.1,0.2,0.5,3,5,191,12.2,95
2025-07-01T08:30,11.63,26.93,100.58,1020.4,3.1,0.2,0.3,4,5,246,12.5,94
2025-07-01T09:00,11.62,26.92,100.57,1020.39,3.2,0.1,0.2,4,6,232,13,94
2025-07-01T09:30,11.42,26.95,100.57,1020.45,3.2,0.1,0.2,9,10,182,14.2,93
2025-07-01T10:00,11.9,26.94,100.54,1020.36,3.6,0.1,0.2,7,8,158,13.9,93
2025-07-01T10:30,12.01,26.94,100.55,1020.34,3.8,0.1,0.2,5,6,161,13.8,93
2025-07-01T11:00,12.16,26.94,100.54,1020.32,4,0.1,0.2,4,5,295,13.8,95
2025-07-01T11:30,12.2,26.95,100.53,1020.31,4.1,0.1,0.2,3,3,329,13.5,95
2025-07-01T12:00,12.49,26.93,100.53,1020.25,4.2,0.1,0.1,6,7,334,13.5,95
2025-07-01T12:30,12.54,26.95,100.509995,1020.25,4.2,0.1,0.1,5,7,27,13.7,95
2025-07-01T13:00,12.69,26.88,100.490005,1020.17,4.5,0.1,0.2,6,8,18,13.3,96
2025-07-01T13:30,12.76,26.93,100.479996,1020.2,5.2,0.1,0.2,8,9,49,13.4,96
2025-07-01T14:00,12.53,26.96,100.479996,1020.26,4.5,0.1,0.1,6,8,93,13.4,98
2025-07-01T15:00,12.42,27,100.46,1020.32,4.3,0.1,0.2,7,9,153,13.2,97
2025-07-01T15:30,12.77,26.97,100.42,1020.23,4.7,0.1,0.2,6,8,119,13,97
2025-07-01T16:00,12.77,26.95,100.39,1020.21,4.2,0.1,0.1,10,11,108,12.9,98
2025-07-01T16:30,12.82,26.93,100.37,1020.19,0,0,0,4,6,116,13,97
2025-07-01T17:00,12.98,26.93,100.36,1020.16,4.1,0.1,0.1,6,7,31,13.5,98
2025-07-01T17:30,12.82,26.91,100.33,1020.17,0,0,0,7,8,118,13.8,99
2025-07-01T18:00,12.76,26.88,100.259995,1020.16,0,0,0,11,14,88,13.4,98
2025-07-01T18:30,11.83,26.91,100.240005,1020.35,0,0,0,7,10,114,12.8,98
2025-07-01T19:00,11.79,26.93,100.21,1020.37,0,0,0,9,11,97,12.5,99
2025-07-01T19:30,11.84,26.92,100.18,1020.36,0,0,0,10,11,61,12.5,99
2025-07-01T20:00,12.11,26.91,100.17,1020.3,0,0,0,8,11,51,12.7,99
2025-07-01T21:00,12.31,26.92,100.11,1020.27,0,0,0,11,13,101,12.6,100
2025-07-01T21:30,12.29,26.91,100.11,1020.27,0,0,0,8,10,115,12.6,100
2025-07-01T22:00,12.39,26.88,100.11,1020.22,0,0,0,7,9,194,11.9,100
2025-07-01T22:30,12.02,26.92,100.11,1020.32,0,0,0,8,10,177,11.4,100
2025-07-01T23:00,12.1,26.87,100.11,1020.27,3.1,0.1,0.2,7,8,344,11.7,100
2025-07-01T23:30,12.24,26.89,100.12,1020.26,3.3,0.1,0.2,4,5,340,12.2,100
2025-07-02T01:00,12.38,26.88,100.15,1020.23,3.5,0.2,0.3,7,8,341,12.7,100
2025-07-02T01:30,12.32,26.9,100.13,1020.26,3.3,0.2,0.2,4,6,76,12.9,100
2025-07-02T02:00,12.34,26.89,100.13,1020.25,3.3,0.2,0.3,4,5,189,12.9,100
2025-07-02T02:30,12.31,26.89,100.08,1020.25,3.2,0.2,0.3,3,4,129,12.9,100
2025-07-02T03:00,12.35,26.87,100.08,1020.23,3.2,0.2,0.3,8,10,193,11.9,100
2025-07-02T03:30,12.2,26.94,100.1,1020.31,3.4,0.2,0.3,6,9,297,12.3,100
2025-07-02T04:00,12.32,26.95,100.13,1020.29,3.6,0.1,0.3,7,9,308,12.4,100
2025-07-02T04:30,12.18,26.97,100.12,1020.34,3.5,0.2,0.3,6,8,309,12.3,100
2025-07-02T05:30,11.81,26.94,100.1,1020.38,3.6,0.2,0.2,16,18,286,12.7,100
2025-07-02T06:30,11.64,26.98,100.07,1020.44,3.8,0.1,0.2,15,18,245,12,100
2025-07-02T07:00,11.79,26.95,100.07,1020.39,3.7,0.2,0.3,19,24,265,11.9,100
2025-07-02T07:30,11.79,26.95,100.08,1020.38,2.6,0.4,0.7,23,31,250,11.4,100
2025-07-02T08:00,11.74,26.95,100.07,1020.39,2.8,0.5,1,30,38,254,12.5,100
2025-07-02T08:30,11.37,26.98,100.08,1020.48,2.7,0.5,0.9,23,29,254,11,100
2025-07-02T09:00,11.02,27.02,100.12,1020.57,2.8,0.5,0.8,20,26,241,10.8,100
2025-07-02T09:30,10.16,27.16,100.15,1020.82,2.9,0.5,0.7,27,34,251,11.4,100
2025-07-02T10:00,9.88,27.22,100.14,1020.91,3,0.6,1,26,34,260,11.4,100
2025-07-02T10:30,10.29,27.14,100.22,1020.78,3,0.5,1,26,33,260,10.9,100
2025-07-02T11:00,10.49,27.07,100.240005,1020.7,3,0.5,1,29,36,258,10.9,100
2025-07-02T11:30,11.32,27.01,100.259995,1020.51,3,0.5,0.8,24,30,246,10.6,100
2025-07-02T12:00,11.38,27.01,100.28,1020.5,3,0.5,0.8,21,29,246,11.2,100
2025-07-02T12:30,11.36,27.02,100.259995,1020.52,3,0.5,0.7,18,26,243,11.5,100
2025-07-02T13:00,11.5,27.02,100.270004,1020.49,3,0.4,0.7,19,27,250,12,100
2025-07-02T13:30,11.56,27.03,100.28,1020.49,3,0.4,0.7,19,25,249,12.7,100
2025-07-02T14:00,11.5,27.04,100.31,1020.5,3.2,0.5,0.8,18,24,249,12.1,100
2025-07-02T14:30,11.5,27.04,100.32,1020.51,3,0.4,0.6,18,26,248,12.1,98
2025-07-02T15:30,11.49,27,100.29,1020.48,2.9,0.4,0.7,21,28,237,13.4,94
2025-07-02T16:00,11.63,26.95,100.3,1020.42,2.9,0.4,0.6,16,21,239,14.7,89
2025-07-02T16:30,11.7,26.93,100.28,1020.39,2.8,0.4,0.7,22,28,236,14.7,90
2025-07-02T17:00,11.67,26.91,100.28,1020.38,3,0.5,0.8,29,37,212,14.7,90
2025-07-02T17:30,11.63,26.9,100.25,1020.38,3,0.5,1,31,43,208,14.5,92
2025-07-02T18:00,11.71,26.91,100.22,1020.37,3,0.6,0.9,36,44,206,15.2,88
2025-07-02T18:30,11.6,26.97,100.22,1020.44,3.2,0.8,1.2,38,50,204,14.5,90
2025-07-02T19:00,11.38,27.09,100.2,1020.56,3.3,0.8,1.1,40,54,205,14.7,89
2025-07-02T19:30,11.26,27.16,100.21,1020.64,3.2,0.8,1.5,41,50,203,14.4,88
2025-07-02T20:00,11.51,27.1,100.19,1020.55,3.1,0.8,1.3,42,52,203,15,87
2025-07-02T20:30,11.23,27.18,100.2,1020.66,3.2,0.8,1.5,39,47,203,14.4,87
2025-07-02T21:00,11.44,27.15,100.21,1020.6,3.6,1,1.6,35,42,206,14.2,86
2025-07-02T21:30,11.22,27.17,100.22,1020.66,3.5,0.9,1.6,33,41,208,12.9,88
2025-07-02T22:00,10.37,27.28,100.22,1020.88,3.3,0.8,1.3,26,30,196,11.9,89
2025-07-02T22:30,10.23,27.31,100.240005,1020.92,3.2,0.7,1.2,26,34,199,11.5,89
2025-07-02T23:00,10.02,27.36,100.270004,1020.99,3.3,0.7,1.3,25,32,203,12.2,86
2025-07-02T23:30,9.68,27.45,100.3,1021.11,3.3,0.6,1,22,28,199,12.3,86
2025-07-03T00:00,9.88,27.41,100.31,1021.05,3.4,0.5,1,19,24,198,12.2,87
2025-07-03T00:30,10.11,27.33,100.31,1020.96,3.2,0.4,0.7,18,23,193,12.3,86
2025-07-03T01:00,11.1,27.08,100.36,1020.6,3.5,0.4,0.7,16,21,193,12.6,85
2025-07-03T01:30,11.14,27.03,100.37,1020.56,3.5,0.4,0.7,14,18,192,13.4,82
2025-07-03T02:00,11.12,27.03,100.39,1020.56,3.3,0.3,0.6,13,16,182,13.2,83
2025-07-03T02:30,10.85,27.07,100.409996,1020.63,3.2,0.2,0.5,13,18,221,12.4,85
2025-07-03T03:30,10.99,26.95,100.47,1020.52,3.1,0.2,0.3,17,22,216,12.5,86
2025-07-03T04:00,10.95,26.9,100.490005,1020.49,3.1,0.2,0.4,12,17,230,12.6,88
2025-07-03T04:30,10.99,26.88,100.490005,1020.47,3,0.2,0.4,14,18,222,12.7,88
2025-07-03T05:00,11.01,26.88,100.509995,1020.46,2.8,0.2,0.4,11,16,197,12.9,87
2025-07-03T05:30,11.15,26.93,100.520004,1020.48,2.7,0.2,0.3,9,12,196,12.6,89
2025-07-03T06:00,11.16,26.99,100.509995,1020.52,2.8,0.1,0.2,5,7,249,12.7,88
2025-07-03T06:30,11.06,27.05,100.47,1020.59,3.1,0.1,0.2,6,9,142,12.9,87
2025-07-03T07:00,11.08,27.06,100.490005,1020.6,2.9,0.1,0.4,11,14,206,13,86
2025-07-03T07:30,10.95,27.09,100.490005,1020.63,3,0.1,0.1,12,14,233,12.5,89
2025-07-03T08:00,11.1,27.06,100.479996,1020.59,0,0,0,10,12,223,12.1,92
2025-07-03T08:30,11.12,27.07,100.53,1020.59,0,0,0,17,20,194,13.2,91
2025-07-03T09:00,10.53,27.23,100.56,1020.81,0,0,0,7,9,213,12.4,90
2025-07-03T09:30,10.5,27.26,100.62,1020.84,0,0,0,14,17,192,11.6,94
2025-07-03T10:30,10.49,27.26,100.58,1020.84,0,0,0,2,3,221,11.4,96
2025-07-03T11:30,10.15,27.39,100.61,1021,0,0,0,11,14,152,11.4,99
2025-07-03T12:00,10.19,27.39,100.62,1020.99,0,0,0,8,11,150,11.9,98
2025-07-03T12:30,10.25,27.4,100.6,1020.99,0,0,0,3,4,294,12.5,98
2025-07-03T13:00,10.31,27.39,100.61,1020.98,4.2,0.1,0.6,4,6,352,13.3,94
2025-07-03T13:30,10.62,27.36,100.590004,1020.9,0,0,0,4,6,284,13.8,92
2025-07-03T14:00,11.2,27.13,100.63,1020.62,0,0,0,9,11,248,12.8,94
2025-07-03T14:30,11.76,27.05,100.61,1020.47,0,0,0,9,11,234,11.9,95
2025-07-03T15:30,12.09,27.06,100.62,1020.42,3.5,0.1,0.1,8,10,243,12.2,94
2025-07-03T16:00,12.48,27.04,100.54,1020.33,0,0,0,9,14,208,13.3,90
2025-07-03T16:30,12.51,27.01,100.5,1020.31,0,0,0,16,19,253,13.2,92
2025-07-03T17:00,12.49,27.04,100.490005,1020.33,0,0,0,14,17,264,13.2,89
2025-07-03T17:30,12.32,27.04,100.479996,1020.36,4.3,0.1,0.2,13,16,277,13.7,90
2025-07-03T18:00,12.15,27,100.43,1020.36,3.2,0.1,0.2,8,11,265,14.1,89
2025-07-03T18:30,12.22,26.99,100.490005,1020.35,0,0,0,4,5,60,15.3,84
2025-07-03T19:00,12.52,27.02,100.5,1020.31,0,0,0,4,5,107,17.1,75
2025-07-03T19:30,13.05,27.03,100.53,1020.23,3,0.1,0.2,5,6,128,16.2,83
2025-07-03T20:00,13.23,26.98,100.5,1020.15,0,0,0,11,13,180,14.1,89
2025-07-03T20:30,13.56,27.01,100.47,1020.11,0,0,0,10,11,180,14.3,88
2025-07-03T21:00,13.61,27.03,100.46,1020.12,0,0,0,6,9,244,14.9,84
2025-07-03T21:30,13.76,27.05,100.45,1020.1,0,0,0,7,8,238,15,85
2025-07-03T22:00,13.8,27.07,100.46,1020.11,0,0,0,9,10,244,14.3,88
2025-07-03T22:30,13.36,27.08,100.490005,1020.2,0,0,0,14,15,265,14.1,87
2025-07-03T23:00,13.08,27.21,100.54,1020.35,0,0,0,19,22,246,14.2,86
2025-07-03T23:30,12.8,27.15,100.53,1020.36,2.8,0.1,0.2,29,35,244,13.2,89
2025-07-04T01:00,11.29,27.33,100.590004,1020.77,2.6,0.3,0.5,39,48,294,14.3,92
2025-07-04T01:30,11.1,27.34,100.61,1020.8,3.2,0.8,1.3,31,38,288,13.7,93
2025-07-04T02:00,11.6,27.11,100.62,1020.54,3.2,0.8,1.3,26,32,302,14.1,86
2025-07-04T02:30,12.11,27.05,100.69,1020.41,3.1,0.6,1.1,15,19,300,14,90
2025-07-04T03:00,12.34,27.02,100.72,1020.35,2.9,0.5,0.9,12,17,265,14.2,86
2025-07-04T03:30,12.23,27.01,100.729996,1020.36,3,0.4,0.6,16,21,286,15.4,79
2025-07-04T04:00,12.28,27.01,100.72,1020.35,2.8,0.4,0.6,11,16,266,12,95
2025-07-04T04:30,12.38,26.88,100.729996,1020.23,2.7,0.3,0.5,14,17,268,13.3,92
2025-07-04T05:00,12.38,26.79,100.71,1020.16,2.8,0.2,0.4,16,20,292,12.8,95
2025-07-04T05:30,12.56,26.68,100.72,1020.05,2.7,0.2,0.4,9,14,303,12.8,95
2025-07-04T06:00,12.45,26.62,100.740005,1020.02,2.8,0.2,0.3,14,20,214,12.7,92
2025-07-04T06:30,12.54,26.45,100.740005,1019.87,2.7,0.1,0.3,16,20,226,12.1,97
2025-07-04T07:00,12.7,26.42,100.770004,1019.82,2.9,0.2,0.3,15,20,245,12,97
2025-07-04T07:30,12.79,26.37,100.770004,1019.76,2.8,0.1,0.2,11,16,254,12.9,95
2025-07-04T08:00,13.09,26.37,100.79,1019.71,2.8,0.1,0.2,15,19,228,12.4,96
2025-07-04T08:30,12.9,26.36,100.81,1019.73,3,0.1,0.2,16,21,257,12,96
2025-07-04T09:00,12.98,26.36,100.83,1019.72,2.8,0.1,0.2,15,20,252,12.6,94
2025-07-04T09:30,13.09,26.36,100.840004,1019.7,2.6,0.1,0.2,15,19,258,12,95
2025-07-04T10:00,13.01,26.37,100.85,1019.72,2.5,0.1,0.2,15,21,256,11.5,97
2025-07-04T10:30,12.54,26.44,100.87,1019.86,2.4,0.1,0.2,16,19,261,12.2,94
2025-07-04T11:00,12.52,26.57,100.9,1019.96,2.5,0.1,0.6,22,28,261,12,93
2025-07-04T11:30,12.39,26.79,100.88,1020.16,2.2,0.1,0.3,20,24,261,11.7,93
2025-07-04T12:00,11.71,27.01,100.89,1020.45,2.4,0.1,0.3,20,25,259,11.5,93
2025-07-04T12:30,11.53,27.15,100.909996,1020.59,2.4,0.2,0.3,20,25,268,11,95
2025-07-04T13:00,11.16,27.31,100.9,1020.77,2.4,0.2,0.3,21,25,253,11,95
2025-07-04T13:30,11.04,27.38,100.9,1020.85,2.3,0.2,0.3,19,23,249,10.8,96
2025-07-04T14:30,10.9,27.38,100.990005,1020.87,2.4,0.2,0.3,19,23,248,10.1,96
2025-07-04T15:00,10.73,27.42,100.990005,1020.93,2.4,0.2,0.3,23,28,252,10.2,97
2025-07-04T15:30,10.49,27.46,101.009995,1021,2.6,0.3,0.5,21,27,251,10.2,96
2025-07-04T16:30,10.87,27.35,101.020004,1020.85,2.6,0.3,0.5,20,28,253,10.1,96
2025-07-04T17:30,11.02,27.24,101.05,1020.74,2.7,0.4,0.6,22,32,249,10.5,97
2025-07-04T18:00,10.98,27.21,101.05,1020.73,2.7,0.4,0.8,23,29,250,10.6,95
2025-07-04T18:30,10.82,27.25,101.06,1020.78,2.7,0.4,0.8,25,32,249,10.8,95
2025-07-04T19:00,10.73,27.27,101.090004,1020.81,2.7,0.5,0.7,25,32,245,11,95
2025-07-04T19:30,10.75,27.26,101.11,1020.8,2.8,0.5,0.9,24,30,245,11,97
2025-07-04T20:00,10.7,27.26,101.12,1020.81,2.7,0.5,0.8,30,38,247,11,97
2025-07-04T20:30,10.73,27.29,101.12,1020.83,2.7,0.5,0.8,26,32,240,11.2,97
2025-07-04T21:00,10.55,27.33,101.15,1020.89,2.7,0.5,0.8,22,29,248,11.2,96
2025-07-04T21:30,10.43,27.36,101.15,1020.93,2.6,0.5,0.8,23,28,245,11.2,95
2025-07-04T22:00,7.73,26.9,101.13,1020.96,2.6,0.4,0.7,22,28,245,10.9,95
2025-07-04T22:30,7.94,27.07,101.18,1021.07,2.7,0.4,0.7,19,25,251,10.8,95
2025-07-04T23:00,8.14,27.17,101.19,1021.12,2.6,0.3,0.6,21,26,261,11.1,98
2025-07-04T23:30,10.47,27.3,101.2,1020.88,2.7,0.3,0.5,20,25,261,11,96
2025-07-05T00:00,10.59,27.26,101.22,1020.83,2.8,0.3,0.6,19,24,267,11.3,98
2025-07-05T00:30,10.78,27.21,101.22,1020.76,2.8,0.3,0.5,11,15,266,10.5,98
2025-07-05T01:00,10.72,27.21,101.240005,1020.77,2.9,0.3,0.6,7,11,246,10.6,100
2025-07-05T01:30,10.7,27.21,101.28,1020.77,3,0.4,0.7,8,12,210,10.9,100
2025-07-05T02:00,10.66,27.2,101.31,1020.77,3.1,0.4,0.7,9,13,127,10.2,99
2025-07-05T02:30,10.58,27.2,101.32,1020.78,3.3,0.3,0.5,8,12,130,10.2,100
2025-07-05T03:00,10.58,27.2,101.32,1020.78,3.1,0.3,0.5,7,9,138,10.6,100
2025-07-05T03:30,10.54,27.2,101.33,1020.79,3.3,0.3,0.5,4,9,109,10.8,100
2025-07-05T04:00,10.53,27.18,101.33,1020.77,3.2,0.3,0.5,4,6,135,11.1,100
2025-07-05T04:30,10.68,27.17,101.36,1020.74,3.2,0.2,0.5,2,4,195,10.5,100
2025-07-05T05:00,10.63,27.17,101.38,1020.75,3.2,0.2,0.3,6,8,255,10.1,100
2025-07-05T05:30,10.7,27.19,101.4,1020.75,3.2,0.2,0.3,3,5,230,10.4,100
2025-07-05T06:00,10.62,27.17,101.42,1020.76,3,0.2,0.3,7,8,358,11.4,100
2025-07-05T06:30,10.6,27.17,101.43,1020.75,2.9,0.2,0.3,5,6,347,11.5,100
2025-07-05T07:00,10.51,27.17,101.44,1020.77,2.9,0.1,0.2,5,5,348,11.5,100
2025-07-05T07:30,10.32,27.22,101.45,1020.84,2.9,0.1,0.2,2,3,304,11.4,100
2025-07-05T08:00,8.21,27.01,101.479996,1020.98,3.1,0.1,0.2,2,4,258,11,100
2025-07-05T08:30,7.74,26.43,101.479996,1020.59,0,0,0,7,7,175,10.9,100
2025-07-05T09:00,7.99,26.5,101.509995,1020.62,0,0,0,10,10,189,10.7,100
2025-07-05T09:30,8.06,26.57,101.490005,1020.66,0,0,0,9,10,181,9.6,100
2025-07-05T10:00,8.28,26.86,101.509995,1020.85,0,0,0,11,14,187,9,100
2025-07-05T10:30,7.64,25.92,101.53,1020.2,0,0,0,12,13,237,8.4,100
2025-07-05T11:00,7.81,25.79,101.55,1020.08,5.4,0.1,0.1,11,13,225,8.9,100
2025-07-05T11:30,7.66,25.85,101.55,1020.15,5.3,0.1,0.1,10,12,242,8.9,100
2025-07-05T12:00,7.42,25.87,101.56,1020.2,5.2,0.1,0.2,10,12,240,8.7,100
2025-07-05T12:30,7.59,25.9,101.57,1020.19,5.3,0.1,0.1,10,11,227,8.7,100
2025-07-05T13:00,7.64,25.98,101.55,1020.25,5.1,0.1,0.2,10,12,252,9.2,100
2025-07-05T14:00,8.06,26.11,101.520004,1020.3,5,0.1,0.2,7,9,228,9.7,100
2025-07-05T14:30,8.46,26.22,101.509995,1020.33,5.1,0.1,0.2,13,16,244,10.5,100
2025-07-05T15:00,8.27,26.25,101.490005,1020.38,4.8,0.1,0.2,9,11,238,11.3,93
2025-07-05T15:30,8.51,26.27,101.47,1020.37,4.5,0.1,0.2,10,12,254,11.3,93
2025-07-05T16:00,9.03,26.33,101.45,1020.34,4.5,0.1,0.2,10,12,262,11.4,91
2025-07-05T16:30,9.3,26.61,101.43,1020.51,3.6,0.1,0.2,13,17,250,11.8,89
2025-07-05T17:00,9.79,26.77,101.43,1020.57,3,0.1,0.2,19,24,250,11.9,89
2025-07-05T17:30,10.49,27.11,101.36,1020.73,2.7,0.2,0.3,20,26,242,12.5,86
2025-07-05T18:00,9.95,27.13,101.33,1020.83,2.8,0.3,0.5,16,21,249,12.6,86
2025-07-05T18:30,9.94,27.13,101.33,1020.83,2.8,0.3,0.5,21,28,248,13.1,84
2025-07-05T19:00,10.35,27.12,101.31,1020.76,2.7,0.3,0.7,20,28,244,13.4,84
2025-07-05T19:30,10.49,27.14,101.28,1020.75,2.7,0.3,0.7,26,34,249,13.5,82
2025-07-05T20:00,10.46,27.1,101.229996,1020.72,2.8,0.4,0.7,26,33,247,13.6,82
2025-07-05T20:30,9.66,26.93,101.2,1020.71,2.9,0.5,1.4,28,35,247,13.8,81
2025-07-05T21:00,8.82,26.59,101.15,1020.58,2.8,0.5,1.1,38,47,244,14.6,75
2025-07-05T21:30,8.67,26.26,101.12,1020.33,3,0.7,1.2,39,49,252,14.8,74
2025-07-05T22:00,8.77,25.88,101.08,1020.02,2.9,0.6,1.1,27,33,242,13.1,80
2025-07-05T22:30,8.45,25.48,101.03,1019.75,3.2,0.7,1.6,25,30,247,12.9,81
2025-07-05T23:30,8.17,25.42,100.990005,1019.74,3.2,0.7,1.1,32,38,244,13.9,79
2025-07-06T00:30,8.5,25.28,100.96,1019.59,3.2,0.6,1,29,35,248,14,80
2025-07-06T01:00,8.43,25.31,100.94,1019.62,3.4,0.6,1.1,33,40,246,14.4,79
2025-07-06T02:00,8.28,25.61,100.93,1019.88,3,0.5,0.9,29,35,236,12.6,87
2025-07-06T02:30,8.15,25.8,100.909996,1020.04,3.2,0.6,0.8,22,28,228,11.9,89
2025-07-06T03:30,7.51,26.1,100.88,1020.36,4,1.1,1.8,38,48,240,13.1,91
2025-07-06T04:00,8.42,26.36,100.85,1020.45,3.9,1.2,1.9,34,42,240,12.8,92
2025-07-06T04:30,8.81,26.54,100.86,1020.53,4.1,1.2,1.9,27,35,241,12.1,95
2025-07-06T05:00,9.19,26.73,100.81,1020.63,4,1.1,1.8,27,34,236,11.9,96
2025-07-06T05:30,11.25,27.01,100.78,1020.52,4,1,1.5,23,30,239,11.5,97
2025-07-06T06:00,11.16,27,100.7,1020.53,3.8,0.9,1.6,28,34,233,12.1,95
2025-07-06T06:30,11,27,100.71,1020.56,3.6,0.8,1.3,26,34,237,12.1,95
2025-07-06T07:00,10.95,27,100.69,1020.56,3.4,0.8,1.6,24,32,241,12,99
2025-07-06T07:30,10.93,26.99,100.64,1020.57,3.4,0.7,1.1,22,28,233,12.3,100
2025-07-06T08:00,8.25,26.56,100.65,1020.63,3.3,0.7,1.2,19,24,248,11.1,99
2025-07-06T08:30,8.29,26.51,100.63,1020.58,3.2,0.5,0.8,22,27,249,11.3,100
2025-07-06T09:00,7.88,26.18,100.61,1020.37,2.9,0.5,0.8,19,23,254,11,100
2025-07-06T09:30,7.84,26.11,100.590004,1020.33,3.1,0.4,1,13,16,229,9.8,100
2025-07-06T10:00,7.89,26.22,100.6,1020.41,2.8,0.3,0.6,12,16,243,10.4,100
2025-07-06T10:30,8.24,26.3,100.590004,1020.42,2.8,0.2,0.5,19,22,235,10.8,100
2025-07-06T11:00,7.91,25.48,100.58,1019.82,3.1,0.2,0.5,19,22,225,11.1,100
2025-07-06T11:30,8.09,25.14,100.56,1019.54,2.9,0.2,0.4,29,34,232,11.1,99
2025-07-06T12:00,8.07,25.19,100.56,1019.58,2.9,0.3,0.8,33,40,237,11.9,97
2025-07-06T12:30,8.14,25.18,100.56,1019.56,3,0.7,1.1,37,43,236,12.4,95
2025-07-06T13:00,8.19,25.11,100.56,1019.5,3.2,0.8,1.1,36,43,241,12.5,96
2025-07-06T13:30,8.03,25.41,100.56,1019.75,3.3,0.8,1.4,32,36,247,12.8,94
2025-07-06T14:00,8.03,25.7,100.57,1019.98,3.3,0.8,1.2,28,38,242,12.6,95
2025-07-06T14:30,8.14,25.89,100.58,1020.11,3.2,0.8,1.4,32,38,245,13.2,94
2025-07-06T15:00,8.27,26.02,100.61,1020.2,3.2,0.7,1.3,33,40,251,12.9,94
2025-07-06T15:30,8.37,26.12,100.61,1020.27,3.5,0.9,1.5,34,40,244,13.1,94
2025-07-06T16:00,8.49,26.22,100.6,1020.33,3.3,0.8,1.4,36,44,248,13.4,96
2025-07-06T16:30,8.64,26.33,100.61,1020.39,3.5,1,1.4,38,48,245,13.7,97
2025-07-06T17:00,8.8,26.46,100.61,1020.47,3.5,1,1.6,36,45,245,13.7,98
2025-07-06T17:30,8.89,26.54,100.63,1020.52,3.7,1.1,1.4,34,42,251,13.4,100
2025-07-06T18:00,8.99,26.62,100.69,1020.57,3.6,0.9,1.4,27,37,264,12.6,100
2025-07-06T18:30,9.06,26.67,100.65,1020.6,3.3,0.9,1.3,24,30,240,12.4,100
2025-07-06T19:00,9.19,26.76,100.7,1020.65,3.4,0.8,1.4,27,34,245,12.9,100
2025-07-06T19:30,9.44,26.86,100.729996,1020.69,3.3,0.7,1.2,23,29,234,12.4,100
2025-07-06T20:00,9.73,26.86,100.729996,1020.65,3.1,0.6,1,23,29,234,12.4,100
2025-07-06T21:00,8.91,26.47,100.770004,1020.47,2.7,0.4,0.7,24,32,256,12.5,100
2025-07-06T21:30,8.64,26.36,100.759995,1020.41,2.6,0.3,0.6,26,31,258,12.5,100
2025-07-06T22:00,8.49,26.35,100.81,1020.43,2.5,0.3,0.5,23,27,253,12.2,100
2025-07-06T22:30,9.78,27.02,100.840004,1020.77,2.5,0.3,0.5,23,29,251,11.3,100
2025-07-06T23:00,8.95,25.92,100.83,1020.03,2.6,0.2,0.9,24,29,240,10.8,100
2025-07-06T23:30,8.8,25.84,100.88,1019.99,2.5,0.3,0.5,22,26,250,11.1,100
2025-07-07T00:00,8.25,25.54,100.94,1019.83,2.5,0.3,0.5,23,26,247,11.1,100
2025-07-07T00:30,8.11,25.45,100.990005,1019.77,2.5,0.2,0.4,22,26,250,11.1,100
2025-07-07T01:00,8,25.33,101.04,1019.7,2.4,0.3,0.5,20,24,255,11.2,100
2025-07-07T01:30,7.97,25.34,101.08,1019.71,2.5,0.3,0.4,14,16,270,10.8,99
2025-07-07T02:00,7.98,25.31,101.12,1019.68,2.6,0.2,0.6,14,17,280,10.5,100
2025-07-07T02:30,8.01,25.3,101.14,1019.67,2.6,0.2,0.3,12,15,286,10,98
2025-07-07T03:00,8.02,25.3,101.2,1019.66,2.6,0.2,0.3,14,16,296,11.2,89
2025-07-07T03:30,7.99,25.37,101.22,1019.73,2.6,0.2,0.3,11,14,319,12,84
2025-07-07T04:00,8.08,25.28,101.240005,1019.64,2.7,0.2,0.3,11,15,340,12.1,80
2025-07-07T04:30,8.17,25.21,101.28,1019.58,2.6,0.1,0.2,12,16,338,12.1,77
2025-07-07T05:00,8.21,25.15,101.31,1019.53,2.6,0.1,0.2,10,12,358,11.8,79
2025-07-07T05:30,8.22,25.15,101.32,1019.53,2.7,0.1,0.2,9,11,6,11.5,80
2025-07-07T06:00,8.2,25.16,101.340004,1019.54,2.7,0.1,0.2,7,8,19,11.6,78
2025-07-07T06:30,8.32,25.13,101.36,1019.5,2.6,0.1,0.2,9,10,14,11.1,80
2025-07-07T07:00,8.87,24.15,101.37,1018.66,3,0.1,0.2,11,13,12,11.1,80
2025-07-07T07:30,8.96,24.03,101.44,1018.56,0,0,0,8,11,8,10.7,83
2025-07-07T08:00,9.06,23.9,101.479996,1018.44,0,0,0,9,13,14,10.7,81
2025-07-07T09:00,9.03,24.01,101.520004,1018.53,0,0,0,8,9,31,11.6,77
2025-07-07T09:30,8.91,24.26,101.520004,1018.74,0,0,0,2,3,41,11.6,77
2025-07-07T10:00,8.72,24.49,101.590004,1018.95,0,0,0,4,5,113,10.9,82
2025-07-07T10:30,8.95,24.22,101.6,1018.7,0,0,0,5,6,161,11.3,78
2025-07-07T11:00,8.99,24.29,101.63,1018.75,0,0,0,5,6,113,11.1,80
2025-07-07T11:30,9.01,24.3,101.67,1018.76,0,0,0,1,2,56,11.5,77
2025-07-07T12:00,9,24.3,101.67,1018.76,0,0,0,5,6,46,11.2,80
2025-07-07T12:30,8.85,24.59,101.67,1019,0,0,0,2,3,70,11.2,80
2025-07-07T13:00,9.23,25.67,101.659996,1019.79,0,0,0,3,4,101,11.5,80
2025-07-07T13:30,9.1,25.55,101.69,1019.72,0,0,0,5,6,111,11.1,85
2025-07-07T14:00,9.08,25.56,101.65,1019.73,5.7,0.1,0.2,8,9,95,11.1,85
2025-07-07T14:30,9.17,25.79,101.659996,1019.9,0,0,0,5,7,67,11.2,86
2025-07-07T15:00,9.44,26.24,101.68,1020.21,0,0,0,1,1,339,11.8,85
2025-07-07T15:30,9.77,26.5,101.69,1020.36,0,0,0,1,2,43,12.7,76
2025-07-07T16:00,9.94,26.57,101.7,1020.39,6.1,0.1,0.2,,,,12.5,79
2025-07-07T17:00,10.14,26.37,101.65,1020.21,3.8,0.2,0.3,5,5,351,12.2,80
2025-07-07T17:30,10.04,26.25,101.590004,1020.13,4.5,0.1,0.2,3,3,97,12.3,82
2025-07-07T18:00,9.47,26.2,101.62,1020.18,4.9,0.1,0.1,5,5,222,12,85
2025-07-07T18:30,9.92,26.44,101.58,1020.29,4.6,0.1,0.2,1,2,219,12.6,76
2025-07-07T19:00,10.21,26.47,101.58,1020.27,0,0,0,4,5,302,12.7,76
2025-07-07T20:00,9.95,24.63,101.53,1018.88,5.1,0.1,0.1,11,12,222,12.8,78
2025-07-07T20:30,9.68,24.8,101.53,1019.05,5.2,0.1,0.2,6,7,240,12.8,78
2025-07-07T21:30,9.9,24.83,101.509995,1019.04,5.1,0.1,0.2,7,8,338,12.2,86
2025-07-07T22:00,9.96,25.12,101.54,1019.26,0,0,0,9,10,259,12.2,86
2025-07-07T22:30,10.66,25.6,101.53,1019.53,0,0,0,6,7,276,12.5,85
2025-07-07T23:00,11.61,23.63,101.509995,1017.85,0,0,0,9,11,235,12.5,88
2025-07-07T23:30,11.53,23.75,101.509995,1017.95,0,0,0,10,11,247,12.2,86
2025-07-08T00:00,11.39,23.31,101.490005,1017.63,0,0,0,10,11,247,11.9,87
2025-07-08T00:30,9.7,23.88,101.479996,1018.34,0,0,0,12,13,262,11.9,84
2025-07-08T01:30,9.74,23.53,101.490005,1018.06,0,0,0,8,9,253,11.4,91
2025-07-08T02:00,9.47,23.62,101.490005,1018.16,0,0,0,8,9,264,11,94
2025-07-08T02:30,10.2,23.36,101.479996,1017.85,0,0,0,10,12,272,10.7,94
2025-07-08T03:00,10.04,23.26,101.479996,1017.8,0,0,0,9,11,260,10.6,91
2025-07-08T03:30,9.81,23.33,101.479996,1017.89,0,0,0,8,8,245,10.5,90
2025-07-08T04:00,9.41,23.53,101.479996,1018.1,0,0,0,8,8,236,10.5,90
2025-07-08T04:30,9.01,23.72,101.5,1018.3,0,0,0,8,9,231,10.4,92
2025-07-08T05:00,8.81,23.85,101.490005,1018.44,0,0,0,9,10,214,10,94
2025-07-08T05:30,8.84,24.1,101.47,1018.63,0,0,0,11,13,226,10.3,91
2025-07-08T06:00,8.91,24.32,101.46,1018.78,0,0,0,10,12,234,10.3,92
2025-07-08T06:30,8.79,24.56,101.45,1018.99,0,0,0,10,12,230,10.3,92
2025-07-08T07:00,8.92,24.41,101.45,1018.86,0,0,0,12,14,230,9.9,95
2025-07-08T07:30,8.79,24.48,101.45,1018.93,4.7,0.1,0.2,13,16,225,9.9,96
2025-07-08T08:00,8.57,24.61,101.45,1019.05,0,0,0,10,11,217,9.9,98
2025-07-08T08:30,8.35,24.61,101.45,1019.09,0,0,0,11,13,219,9.7,98
2025-07-08T09:00,8.32,24.65,101.490005,1019.12,0,0,0,11,12,242,9.6,99
2025-07-08T09:30,8.28,24.52,101.53,1019.02,0,0,0,11,12,257,9.8,98
2025-07-08T10:00,8.74,24.2,101.57,1018.71,0,0,0,10,11,253,9.4,96
2025-07-08T10:30,8.64,24.14,101.56,1018.68,0,0,0,9,10,258,9.4,96
2025-07-08T11:00,8.86,24.07,101.6,1018.6,3.7,0.1,0.2,12,14,235,9.7,96
2025-07-08T11:30,8.93,24.16,101.61,1018.66,3.6,0.1,0.2,11,12,244,9.6,96
2025-07-08T12:00,9.14,24.05,101.62,1018.55,0,0,0,10,11,260,9.6,96
2025-07-08T12:30,9.5,23.75,101.659996,1018.26,0,0,0,9,10,267,9.9,96
2025-07-08T13:00,9.6,23.74,101.69,1018.24,0,0,0,12,14,259,10.4,96
2025-07-08T13:30,9.83,23.68,101.69,1018.16,0,0,0,11,13,249,10.5,96
2025-07-08T14:00,10.1,23.69,101.7,1018.12,5.2,0.1,0.3,12,13,262,10.8,94
2025-07-08T14:30,10.31,23.53,101.7,1017.97,4.4,0.1,0.2,13,15,280,11.1,92
2025-07-08T15:00,10.48,23.31,101.69,1017.78,0,0,0,9,11,269,11.3,92
2025-07-08T15:30,10.32,23.34,101.68,1017.82,0,0,0,11,12,268,11.4,93
2025-07-08T16:00,9.99,23.26,101.65,1017.81,0,0,0,8,9,294,11.8,92
2025-07-08T16:30,10.78,23.3,101.65,1017.73,0,0,0,8,9,297,12.2,91
2025-07-08T17:00,10.8,23.46,101.62,1017.84,0,0,0,7,7,239,12.2,89
2025-07-08T17:30,12.05,23.53,101.62,1017.7,0,0,0,11,13,217,13.1,89
2025-07-08T18:00,11.73,23.56,101.62,1017.77,0,0,0,10,12,244,13,93
2025-07-08T18:30,11.53,23.62,101.6,1017.85,0,0,0,7,8,239,12.9,92
2025-07-08T19:00,10.98,23.77,101.6,1018.05,0,0,0,8,9,284,13.4,91
2025-07-08T19:30,11.43,24.12,101.590004,1018.26,0,0,0,6,6,306,13.4,91
2025-07-08T20:00,11.51,24.18,101.58,1018.28,0,0,0,9,10,324,12.4,90
2025-07-08T20:30,11.12,24.29,101.590004,1018.44,0,0,0,9,10,330,12.4,89
2025-07-08T21:00,10.89,24.18,101.57,1018.39,0,0,0,8,9,313,13.1,84
2025-07-08T21:30,10.58,24.31,101.56,1018.54,0,0,0,8,9,330,13.1,84
2025-07-08T22:00,10.64,24.38,101.55,1018.58,0,0,0,8,9,326,13.5,81
2025-07-08T22:30,10.72,24.29,101.55,1018.5,0,0,0,8,8,329,14.2,76
2025-07-08T23:00,10.5,24.18,101.53,1018.45,0,0,0,8,9,319,14.4,74
2025-07-08T23:30,10.81,24.14,101.55,1018.37,0,0,0,11,14,233,13.1,85
2025-07-09T00:00,9.64,23.87,101.56,1018.34,0,0,0,8,8,149,12.6,89
2025-07-09T00:30,10.41,23.96,101.58,1018.29,3.3,0.1,0.1,8,9,197,12.6,92
2025-07-09T01:00,12.28,23.52,101.590004,1017.64,0,0,0,6,8,176,12.3,94
2025-07-09T01:30,12.13,23.33,101.58,1017.53,0,0,0,9,10,222,12.8,93
2025-07-09T02:00,12.79,22.69,101.57,1016.92,0,0,0,9,10,201,13,93
2025-07-09T02:30,12.33,22.41,101.590004,1016.78,0,0,0,8,10,215,13.1,91
2025-07-09T03:00,11.68,22.27,101.590004,1016.79,0,0,0,6,7,179,13.1,90
2025-07-09T03:30,11.99,22.2,101.61,1016.68,0,0,0,6,6,205,13.3,89
2025-07-09T04:00,11.76,21.96,101.61,1016.52,0,0,0,1,2,141,13.1,91
2025-07-09T04:30,11.56,21.83,101.590004,1016.46,0,0,0,5,6,154,12.8,93
2025-07-09T05:00,11.14,21.91,101.590004,1016.59,0,0,0,6,7,200,13,92
2025-07-09T05:30,11.42,21.88,101.590004,1016.53,0,0,0,8,8,200,13.1,92
2025-07-09T06:30,11.45,21.92,101.590004,1016.55,0,0,0,6,6,199,12.7,92
2025-07-09T07:00,11.82,22.01,101.590004,1016.56,0,0,0,5,6,209,13,92
2025-07-09T07:30,11.66,21.9,101.590004,1016.5,0,0,0,6,6,243,12.8,93
2025-07-09T08:30,11.56,21.9,101.6,1016.51,0,0,0,8,9,250,12.3,94
2025-07-09T09:00,11.57,21.89,101.63,1016.51,0,0,0,9,9,237,12.3,93
2025-07-09T09:30,11.49,21.89,101.63,1016.52,0,0,0,7,7,220,12,95
2025-07-09T10:00,11.34,22.02,101.63,1016.64,0,0,0,6,7,220,12.1,94
2025-07-09T10:30,10.63,22.36,101.659996,1017.01,0,0,0,10,11,212,12.3,92
2025-07-09T11:00,10.9,22.23,101.659996,1016.88,0,0,0,9,10,247,12.3,92
2025-07-09T11:30,11.44,21.96,101.69,1016.58,0,0,0,9,11,254,11.9,94
2025-07-09T12:00,11.54,22.01,101.69,1016.61,0,0,0,11,12,250,11.9,93
2025-07-09T13:00,11.78,22.06,101.72,1016.61,3.7,0.1,0.3,10,11,246,12.1,92
2025-07-09T13:30,12.09,22.05,101.72,1016.54,0,0,0,8,8,259,12.4,92
2025-07-09T14:00,12.22,22.06,101.72,1016.53,0,0,0,6,7,279,12.9,92
2025-07-09T14:30,12.88,22.07,101.72,1016.43,0,0,0,6,7,278,12.9,92
2025-07-09T15:00,12.73,22.06,101.72,1016.44,0,0,0,5,6,233,13.9,87
2025-07-09T15:30,13.16,22.07,101.69,1016.38,0,0,0,9,10,238,14,88
2025-07-09T16:00,13.1,22,101.68,1016.34,0,0,0,7,8,250,13.9,88
2025-07-09T16:30,13.18,22.03,101.65,1016.35,0,0,0,6,7,262,14.5,86
2025-07-09T17:00,13.73,22,101.63,1016.22,0,0,0,4,4,267,15.1,84
2025-07-09T17:30,13.46,22.06,101.58,1016.32,5.3,0.1,0.2,6,7,243,15.8,82
2025-07-09T18:00,14.91,21.61,101.56,1015.7,4.1,0.1,0.1,3,4,132,16.3,83
2025-07-09T18:30,13.51,22.08,101.57,1016.33,0,0,0,5,6,141,17,81
2025-07-09T19:00,12.76,22.23,101.55,1016.57,0,0,0,9,9,107,16.6,87
2025-07-09T19:30,12.03,22.14,101.54,1016.62,0,0,0,5,6,116,16.5,89
2025-07-09T20:00,11.81,22.13,101.520004,1016.65,0,0,0,7,8,72,16.3,90
2025-07-09T20:30,11.36,22.23,101.53,1016.8,5.3,0.1,0.1,2,2,329,16.3,90
2025-07-09T21:00,11.73,22.16,101.509995,1016.69,5,0.1,0.3,4,5,61,16.6,91
2025-07-09T21:30,12,22.19,101.509995,1016.67,0,0,0,3,4,51,16.6,91
2025-07-09T22:00,12.13,22.26,101.509995,1016.7,0,0,0,2,2,20,16.8,91
2025-07-09T22:30,12.22,22.26,101.509995,1016.69,0,0,0,6,7,347,16.8,91
2025-07-09T23:00,12.38,22.23,101.520004,1016.64,0,0,0,6,7,11,16.5,93
2025-07-09T23:30,12.36,22.16,101.520004,1016.59,0,0,0,7,8,40,16.5,94
2025-07-10T00:00,12.78,22.16,101.520004,1016.51,0,0,0,7,7,49,16.8,89
2025-07-10T00:30,12.45,22.31,101.53,1016.68,0,0,0,9,10,42,16.8,86
2025-07-10T01:00,13.05,22.13,101.53,1016.44,0,0,0,6,6,78,16.1,93
2025-07-10T01:30,13.92,22.12,101.55,1016.28,0,0,0,7,9,52,16.2,91
2025-07-10T02:30,14.69,22.13,101.56,1016.14,0,0,0,4,5,136,15.7,94
2025-07-10T03:00,15.58,22.2,101.56,1016.01,0,0,0,8,9,22,15.8,92
2025-07-10T03:30,14,22.09,101.55,1016.24,3,0.1,0.2,9,10,316,15.9,89
2025-07-10T04:00,14.1,22.02,101.520004,1016.17,0,0,0,10,11,45,15.9,85
2025-07-10T04:30,14.01,21.96,101.520004,1016.13,0,0,0,11,12,32,15.7,87
2025-07-10T05:00,13.36,21.84,101.54,1016.16,0,0,0,16,20,352,15.2,90
2025-07-10T05:30,13.84,21.79,101.53,1016.04,0,0,0,14,16,27,15,92
2025-07-10T06:00,13.68,21.76,101.53,1016.04,0,0,0,14,16,34,15.2,93
2025-07-10T06:30,13.48,21.73,101.55,1016.06,0,0,0,9,11,49,15,93
2025-07-10T07:00,13.44,21.72,101.55,1016.06,0,0,0,10,12,52,14.9,91
2025-07-10T07:30,13.34,21.7,101.58,1016.07,4.1,0.1,0.1,7,10,190,15,90
2025-07-10T08:00,13.16,21.68,101.61,1016.08,0,0,0,4,5,140,15.2,91
2025-07-10T08:30,12.96,21.63,101.61,1016.08,2.9,0.1,0.3,8,8,71,15.2,91
2025-07-10T09:00,13.2,21.64,101.61,1016.04,0,0,0,9,10,66,14.7,95
2025-07-10T09:30,13.3,21.63,101.62,1016.01,0,0,0,7,8,72,14.7,94
2025-07-10T10:00,13.27,21.57,101.65,1015.98,0,0,0,12,14,70,14.8,94
2025-07-10T10:30,13.24,21.58,101.65,1015.99,0,0,0,9,10,84,14.9,93
2025-07-10T11:00,13.54,21.58,101.68,1015.93,0,0,0,10,12,61,14.4,94
2025-07-10T11:30,13.61,21.68,101.69,1016,0,0,0,6,7,80,14.4,93
2025-07-10T12:00,13.72,21.81,101.69,1016.07,0,0,0,5,5,106,14.9,90
2025-07-10T12:30,13.5,22.09,101.7,1016.33,0,0,0,9,12,50,14.5,93
2025-07-10T13:00,13.98,22.15,101.69,1016.29,0,0,0,10,11,60,14.5,93
2025-07-10T13:30,14.12,22.02,101.7,1016.17,0,0,0,9,11,75,14.6,93
2025-07-10T14:00,14.1,22,101.72,1016.15,0,0,0,10,12,71,15.1,91
2025-07-10T14:30,14.03,21.87,101.7,1016.07,0,0,0,10,12,55,15.6,86
2025-07-10T15:00,14.53,21.6,101.7,1015.76,0,0,0,12,15,61,16.1,82
2025-07-10T15:30,14.45,21.69,101.68,1015.85,0,0,0,15,19,54,15.8,83
2025-07-10T16:00,13.97,21.78,101.659996,1016.01,2.7,0.1,0.1,17,21,55,15.8,80
2025-07-10T16:30,14.4,21.73,101.62,1015.89,2.9,0.1,0.2,20,24,53,15.6,85
2025-07-10T17:00,15.04,21.71,101.65,1015.75,2.5,0.2,0.6,16,25,161,16,83
2025-07-10T17:30,14.3,21.8,101.65,1015.97,2.4,0.2,0.3,6,10,120,17,76
2025-07-10T18:00,13.96,22,101.6,1016.18,2.7,0.2,0.5,22,27,87,16.7,75
2025-07-10T18:30,13.15,22.56,101.58,1016.76,2.6,0.3,0.5,26,32,84,16.2,76
2025-07-10T19:00,11.97,23.29,101.55,1017.52,2.8,0.4,0.6,15,21,73,15.6,78
2025-07-10T19:30,12.21,23.5,101.56,1017.65,2.9,0.3,0.6,15,19,69,15.3,79
2025-07-10T20:30,12.36,23.49,101.58,1017.61,2.9,0.4,0.7,12,15,135,15.4,81
2025-07-10T21:00,12.62,23.19,101.61,1017.33,3,0.4,0.6,6,9,82,15.8,81
2025-07-10T22:00,12.81,22.8,101.659996,1017,3,0.3,0.6,8,11,63,14.5,91
2025-07-10T22:30,13.79,22.17,101.6,1016.34,3.2,0.3,0.6,19,23,57,14.5,96
2025-07-10T23:00,14.5,21.73,101.63,1015.87,3.4,0.3,0.5,16,21,72,14.5,97
2025-07-10T23:30,14.6,21.72,101.63,1015.85,3.9,0.3,0.5,10,15,33,14.9,95
2025-07-11T00:00,14.37,21.72,101.63,1015.89,3.8,0.3,0.7,14,18,107,16,92
2025-07-11T00:30,13.42,21.83,101.659996,1016.15,3.7,0.4,0.7,26,33,30,14.8,97
2025-07-11T01:00,13.54,21.84,101.68,1016.13,4.2,0.5,0.9,20,28,25,14.5,96
2025-07-11T01:30,13.05,21.9,101.63,1016.27,3.8,0.5,0.7,15,20,35,14.7,96
2025-07-11T02:00,12.92,21.9,101.62,1016.29,3.9,0.4,0.7,18,23,62,14.9,94
2025-07-11T02:30,13.1,21.96,101.61,1016.3,4.4,0.4,0.5,24,30,74,14.6,95
2025-07-11T03:30,12.6,22.03,101.57,1016.44,3.6,0.4,0.7,19,24,85,14.3,95
2025-07-11T04:00,12.77,22.14,101.55,1016.5,3.5,0.3,0.6,20,26,99,14.4,94
2025-07-11T04:30,12.87,22.1,101.54,1016.45,3.7,0.4,0.6,15,21,98,14.4,94
2025-07-11T05:00,12.84,22.15,101.54,1016.5,3.4,0.3,0.6,8,13,89,14.4,95
2025-07-11T06:00,12.77,22.25,101.55,1016.59,3.3,0.3,0.5,5,10,66,14.3,94
2025-07-11T06:30,12.66,22.33,101.55,1016.66,3.2,0.3,0.4,11,15,159,14.9,94
2025-07-11T07:00,12.78,22.25,101.55,1016.58,3,0.2,0.4,13,17,155,15.1,93
2025-07-11T07:30,12.74,22.26,101.55,1016.6,2.9,0.2,0.3,18,21,148,15.4,91
2025-07-11T08:00,12.72,22.27,101.55,1016.61,3,0.2,0.3,20,23,167,16.1,85
2025-07-11T08:30,12.66,22.3,101.54,1016.64,3,0.2,0.4,17,20,163,15.6,89
2025-07-11T09:00,12.6,22.33,101.56,1016.67,2.9,0.2,0.4,14,17,151,14.8,92
2025-07-11T09:30,12.54,22.33,101.58,1016.69,3,0.2,0.4,8,12,157,15.9,82
2025-07-11T10:00,12.43,22.34,101.58,1016.71,3.1,0.2,0.2,15,18,146,15,89
2025-07-11T10:30,12.33,22.32,101.62,1016.72,3.1,0.1,0.2,12,13,135,14.4,92
2025-07-11T11:00,12.18,22.39,101.64,1016.79,3.2,0.1,0.2,15,17,138,14.6,92
2025-07-11T12:30,12.4,22.28,101.7,1016.67,3.5,0.1,0.2,10,13,141,14.3,94
2025-07-11T13:00,13.03,22.18,101.729996,1016.49,3.6,0.1,0.2,4,6,210,14.7,94
2025-07-11T13:30,13.02,22.21,101.740005,1016.51,3.4,0.1,0.2,13,17,358,14.3,93
2025-07-11T14:00,12.9,22.26,101.740005,1016.57,3.6,0.1,0.1,13,16,9,13.9,96
2025-07-11T14:30,12.76,22.35,101.72,1016.67,3.9,0.1,0.2,16,20,50,13.8,96
2025-07-11T15:00,12.38,22.49,101.69,1016.84,3.6,0.1,0.2,15,20,58,13.8,96
2025-07-11T15:30,12.28,22.57,101.68,1016.92,4.1,0.1,0.2,14,18,70,14,96
2025-07-11T16:00,12.26,22.6,101.69,1016.94,4,0.1,0.2,15,19,81,14,96
2025-07-11T16:30,12.16,22.83,101.65,1017.13,3.5,0.2,0.4,13,18,79,14.5,94
2025-07-11T17:00,12.15,22.95,101.63,1017.23,3.2,0.1,0.3,16,21,68,14.5,94
2025-07-11T17:30,11.97,23.15,101.63,1017.41,3.1,0.2,0.3,15,19,44,14.5,94
2025-07-11T18:00,11.86,23.29,101.61,1017.54,2.9,0.2,0.3,16,22,37,13.9,95
2025-07-11T18:30,11.94,23.27,101.61,1017.51,2.7,0.2,0.3,17,21,40,13.9,96
2025-07-11T19:00,11.81,23.34,101.590004,1017.59,2.6,0.2,0.3,22,26,50,14,95
2025-07-11T19:30,11.86,23.29,101.590004,1017.54,2.5,0.2,0.4,21,26,48,14.1,95
2025-07-11T20:00,12.03,23.26,101.58,1017.49,2.5,0.3,0.5,20,26,53,14.2,94
2025-07-11T20:30,12.21,23.22,101.590004,1017.43,2.6,0.4,0.7,21,28,59,14.2,94
2025-07-11T21:00,12.5,23.08,101.58,1017.27,2.7,0.4,1.1,18,22,69,14.4,93
2025-07-11T21:30,12.8,22.92,101.61,1017.1,2.7,0.4,0.8,17,22,61,14.6,91
2025-07-11T22:00,12.65,22.95,101.61,1017.15,2.8,0.4,0.7,18,24,75,14.6,91
2025-07-11T22:30,12.59,22.97,101.63,1017.17,2.9,0.4,0.6,14,19,73,14.5,91
2025-07-11T23:00,12.4,23.02,101.65,1017.25,2.9,0.3,0.7,14,19,70,14.5,91
2025-07-11T23:30,13.19,22.7,101.67,1016.86,3,0.4,0.6,12,16,70,14.3,92
2025-07-12T00:00,13.76,22.45,101.69,1016.56,3,0.4,0.7,14,18,77,14.9,89
2025-07-12T00:30,13.25,22.47,101.69,1016.67,3.2,0.3,0.6,11,15,82,14.9,89
2025-07-12T01:00,12.95,22.52,101.69,1016.76,3.4,0.3,0.5,10,14,81,14.8,88
2025-07-12T02:00,12.53,22.55,101.72,1016.86,3.4,0.3,0.6,11,15,73,14.5,89
2025-07-12T02:30,12.44,22.57,101.71,1016.89,3.3,0.3,0.5,14,18,74,14.5,89
2025-07-12T03:00,12.33,22.7,101.7,1017.01,3.6,0.2,0.4,12,16,94,14.2,92
2025-07-12T03:30,12.07,22.82,101.7,1017.14,3.7,0.2,0.5,9,12,62,13.7,95
2025-07-12T04:00,12.23,22.93,101.71,1017.21,3.5,0.2,0.4,14,17,25,13.6,98
2025-07-12T04:30,12.07,23.15,101.72,1017.4,3.4,0.2,0.3,13,16,25,13.4,97
2025-07-12T05:30,12.29,23.07,101.72,1017.3,3,0.2,0.3,13,17,22,13.1,98
2025-07-12T06:00,12.02,23.25,101.71,1017.48,2.9,0.2,0.3,6,9,38,12.8,98
2025-07-12T06:30,11.54,23.58,101.72,1017.82,3,0.2,0.7,8,10,28,12.4,98
2025-07-12T07:00,11.13,23.72,101.72,1018,3,0.2,0.3,5,6,32,12,98
2025-07-12T07:30,11.04,23.72,101.729996,1018.01,2.8,0.2,0.3,8,10,50,12.4,100
2025-07-12T08:00,10.98,23.71,101.740005,1018.01,2.8,0.2,0.4,2,5,236,12.3,100
2025-07-12T08:30,10.94,23.8,101.78,1018.09,2.9,0.2,0.3,6,8,199,11.5,100
2025-07-12T09:00,10.65,23.92,101.81,1018.22,2.9,0.2,0.3,5,7,186,11.4,100
2025-07-12T09:30,10.49,23.95,101.81,1018.27,3,0.2,0.4,4,7,106,11.4,100
2025-07-12T10:00,10.41,24.01,101.83,1018.33,3,0.2,0.3,9,12,145,11.5,99
2025-07-12T10:30,10.31,24.07,101.88,1018.39,3.2,0.2,0.4,6,7,155,11.9,97
2025-07-12T11:00,10.44,24,101.92,1018.32,3,0.1,0.3,6,8,161,12.2,96
2025-07-12T11:30,10.79,23.88,101.94,1018.17,3.1,0.1,0.2,5,7,101,12.4,94
2025-07-12T12:00,11.43,23.56,101.97,1017.82,3.3,0.1,0.2,2,4,55,12.4,94
2025-07-12T12:30,11.77,23.48,101.96,1017.7,3.5,0.1,0.2,8,11,57,12.6,95
2025-07-12T13:00,12.45,23.17,101.97,1017.35,3.5,0.1,0.2,9,11,58,12.6,95
2025-07-12T13:30,12.57,23.13,101.95,1017.3,3.4,0.1,0.2,7,10,78,13,96
2025-07-12T14:00,12.41,23.24,101.97,1017.41,3.4,0.1,0.2,4,6,74,13.7,95
2025-07-12T14:30,12.41,23.12,101.96,1017.32,3.7,0.1,0.2,4,6,46,13.7,95
2025-07-12T15:00,12.35,23.19,101.97,1017.38,3.5,0.1,0.2,4,6,64,14,96
2025-07-12T15:30,12.42,23.21,101.96,1017.39,3.7,0.1,0.2,5,8,57,14,97
2025-07-12T16:00,12.66,23.31,101.94,1017.42,3.8,0.1,0.2,8,10,72,14.5,97
2025-07-12T17:00,11.11,23.86,101.9,1018.11,3.5,0.1,0.2,8,10,56,14.7,97
2025-07-12T17:30,11.47,24.07,101.86,1018.21,3.6,0.1,0.2,6,8,80,14.6,97
2025-07-12T18:00,11.47,24.11,101.840004,1018.24,3.6,0.1,0.2,6,8,50,14.9,96
2025-07-12T18:30,13.61,23.82,101.82,1017.65,3.5,0.1,0.2,9,12,61,15.2,96
2025-07-12T19:00,14.17,23.77,101.8,1017.5,3.3,0.1,0.2,11,13,61,15.5,94
2025-07-12T19:30,12.75,23.84,101.8,1017.82,3.2,0.1,0.2,12,15,58,15.2,94
2025-07-12T20:00,12.18,24.16,101.78,1018.16,3.1,0.1,0.2,12,15,79,15.2,95
2025-07-12T20:30,12.76,23.93,101.740005,1017.88,3,0.1,0.2,10,14,83,15.3,94
2025-07-12T21:00,14.05,23.87,101.72,1017.6,3,0.1,0.2,12,14,89,15.5,95
2025-07-12T21:30,13.8,23.79,101.7,1017.59,3,0.1,0.2,11,13,110,15.7,92
2025-07-12T22:00,14.16,23.69,101.7,1017.44,3.2,0.1,0.1,9,12,110,15.9,89
2025-07-12T22:30,14.46,23.63,101.72,1017.34,3.3,0.1,0.1,7,9,15,15.7,91
2025-07-12T23:00,14.68,23.61,101.7,1017.28,3.3,0.1,0.2,11,13,49,15.3,93
2025-07-12T23:30,14.53,23.58,101.7,1017.29,3.1,0.1,0.1,14,17,53,15.3,93
2025-07-13T00:00,14.35,23.63,101.7,1017.36,3.1,0.1,0.1,19,24,51,15.4,94
2025-07-13T01:00,13.79,23.82,101.740005,1017.61,2.9,0.1,0.1,8,10,41,15.1,94
2025-07-13T01:30,15.09,23.51,101.740005,1017.12,0,0,0,11,14,30,14.9,95
2025-07-13T02:00,14.04,23.76,101.740005,1017.52,3,0.1,0.2,12,15,46,15.4,94
2025-07-13T02:30,14.5,23.42,101.729996,1017.17,3.3,0.1,0.1,11,15,39,15.4,94
2025-07-13T03:00,14.1,23.22,101.7,1017.09,3.9,0.1,0.1,14,18,48,15.3,96
2025-07-13T03:30,13.76,23.46,101.69,1017.34,4,0.1,0.1,12,16,41,15.2,96
2025-07-13T04:00,13.04,24.05,101.659996,1017.93,0,0,0,15,20,38,15,96
2025-07-13T04:30,12.52,24.44,101.659996,1018.32,3.5,0.1,0.2,11,14,29,14.7,96
2025-07-13T05:00,11.88,24.59,101.63,1018.55,3.2,0.1,0.1,11,14,34,14.2,97
2025-07-13T05:30,11.31,24.78,101.62,1018.79,0,0,0,10,13,53,13.9,98
2025-07-13T06:00,11.08,24.78,101.61,1018.82,3.1,0.1,0.1,10,12,42,13.6,98
2025-07-13T06:30,11.16,24.82,101.56,1018.84,3.1,0.1,0.2,11,15,51,13.4,98
2025-07-13T07:00,11.43,24.81,101.54,1018.79,2.9,0.1,0.2,11,13,50,13.4,98
2025-07-13T07:30,11.47,24.78,101.520004,1018.76,2.9,0.1,0.2,12,15,67,13.6,98
2025-07-13T08:00,11.67,24.65,101.520004,1018.63,2.7,0.1,0.1,10,12,91,13.2,99
2025-07-13T08:30,11.67,24.58,101.53,1018.58,2.9,0.1,0.1,8,10,117,13,99
2025-07-13T09:00,11.47,24.59,101.55,1018.62,3.2,0.1,0.2,6,8,172,13,99
2025-07-13T09:30,11.51,24.49,101.56,1018.53,2.8,0.1,0.1,5,7,209,12.3,98
2025-07-13T10:00,11.98,24.37,101.57,1018.36,2.8,0.1,0.2,5,8,213,12.1,98
2025-07-13T10:30,12.05,24.35,101.58,1018.33,2.5,0.1,0.2,2,4,179,12.3,97
2025-07-13T11:00,11.84,24.42,101.590004,1018.42,2.6,0.1,0.2,9,11,173,12,94
2025-07-13T11:30,11.42,24.56,101.6,1018.6,2.8,0.1,0.2,7,9,191,12.1,95
2025-07-13T12:00,11.22,24.73,101.6,1018.77,0,0,0,4,6,209,12.1,95
2025-07-13T12:30,11.33,24.84,101.61,1018.83,3.1,0.1,0.2,3,4,270,13.5,92
2025-07-13T13:00,12.93,24.09,101.590004,1017.98,3.4,0.1,0.2,2,5,30,14.5,88
2025-07-13T13:30,12.85,23.86,101.590004,1017.81,0,0,0,4,7,47,14.4,92
2025-07-13T14:00,13.11,23.95,101.56,1017.84,3.5,0.1,0.2,6,8,72,14.4,94
2025-07-13T14:30,13.08,24.08,101.55,1017.94,3.6,0.1,0.1,7,9,83,14.6,96
2025-07-13T15:00,12.91,24.13,101.509995,1018.01,3.4,0.2,0.4,15,19,110,14.6,97
2025-07-13T15:30,12.81,24.21,101.47,1018.09,3.3,0.1,0.2,19,24,109,14.4,97
2025-07-13T16:00,12.25,24.47,101.46,1018.39,3.2,0.2,0.4,15,20,105,14.4,98
2025-07-13T16:30,11.82,24.68,101.409996,1018.62,3.2,0.2,0.5,21,28,89,14.4,97
2025-07-13T17:00,11.65,24.72,101.37,1018.68,3.3,0.2,0.4,13,19,94,14.3,97
2025-07-13T17:30,11.87,24.71,101.32,1018.64,3.2,0.2,0.3,15,20,89,14.4,97
2025-07-13T18:00,11.72,24.68,101.3,1018.64,3.2,0.3,0.5,12,17,84,14.4,96
2025-07-13T18:30,11.32,24.82,101.28,1018.81,3.2,0.2,0.4,13,19,74,14.4,97
2025-07-13T19:00,11.95,24.7,101.28,1018.62,3.1,0.3,0.6,11,15,56,14.4,95
2025-07-13T19:30,11.92,24.77,101.229996,1018.68,3,0.3,0.6,11,14,35,14.4,96
2025-07-13T20:00,12.24,24.82,101.2,1018.66,3.1,0.3,0.4,11,13,73,14.9,96
2025-07-13T20:30,12.43,24.74,101.19,1018.57,2.9,0.2,0.4,10,12,61,14.8,96
2025-07-13T21:00,12.58,24.7,101.159996,1018.51,2.9,0.2,0.5,11,15,59,14.8,96
2025-07-13T21:30,13.08,24.61,101.15,1018.35,2.9,0.3,0.5,12,16,76,15.1,96
2025-07-13T22:00,13.24,24.62,101.11,1018.33,3,0.2,0.4,8,11,68,15.4,95
2025-07-13T22:30,13.66,24.61,101.13,1018.24,2.8,0.2,0.3,4,7,98,15.4,93
2025-07-13T23:00,13.65,24.55,101.159996,1018.2,3,0.2,0.5,10,13,19,15.1,94
2025-07-13T23:30,13.12,24.65,101.159996,1018.38,2.9,0.2,0.4,11,14,31,15,97
2025-07-14T00:00,12.61,24.68,101.13,1018.49,3,0.2,0.4,8,11,54,14.9,98
2025-07-14T00:30,12.88,24.62,101.13,1018.4,3,0.2,0.4,7,10,61,15,98
2025-07-14T01:00,13.01,24.54,101.17,1018.31,3,0.2,0.3,8,12,66,15.2,96
2025-07-14T01:30,12.32,24.66,101.15,1018.52,3,0.2,0.4,7,10,53,15.1,95
2025-07-14T02:00,11.55,24.78,101.18,1018.75,3.3,0.2,0.3,2,4,172,16.3,96
2025-07-14T02:30,11.75,24.88,101.22,1018.79,3.3,0.2,0.3,14,17,249,16.4,93
2025-07-14T03:00,11.77,24.92,101.22,1018.82,3.4,0.1,0.2,13,16,194,14.2,94
2025-07-14T03:30,11.53,25.24,101.22,1019.11,3.7,0.1,0.2,9,11,194,14.2,94
2025-07-14T04:00,11.37,25.25,101.18,1019.14,4,0.1,0.2,5,8,196,14.6,99
2025-07-14T04:30,11.29,25.29,101.13,1019.18,3.9,0.1,0.2,9,11,176,13.1,100
2025-07-14T05:00,11.04,25.44,101.15,1019.34,3.8,0.1,0.2,13,16,222,14.2,100
2025-07-14T05:30,10.68,25.46,101.17,1019.42,4.1,0.1,0.2,6,8,224,13.1,100
2025-07-14T06:00,10.34,25.56,101.159996,1019.54,3.7,0.1,0.2,10,13,271,12.9,100
2025-07-14T06:30,9.88,25.64,101.1,1019.68,3.1,0.2,0.2,28,34,220,13.3,100
2025-07-14T07:00,9.11,25.97,101.090004,1020.05,2.9,0.2,0.4,22,27,230,12.6,100
2025-07-14T07:30,8.96,26.18,101.090004,1020.23,3.3,0.4,0.7,16,20,232,12,100
2025-07-14T08:00,9.19,26.24,101.090004,1020.25,3.3,0.4,0.5,11,16,243,11.2,100
2025-07-14T08:30,9.16,26.35,101.090004,1020.34,3.5,0.4,0.6,11,15,264,11.6,100
2025-07-14T09:00,8.57,26.28,101.1,1020.36,3.5,0.4,0.6,14,19,266,11.3,100
2025-07-14T09:30,8.73,26.29,101.11,1020.35,3.6,0.3,0.6,15,19,240,12.1,100
2025-07-14T10:00,8.44,26.23,101.11,1020.35,3.5,0.3,0.5,18,22,234,11.8,100
2025-07-14T10:30,8.11,26.06,101.12,1020.25,3.5,0.3,0.5,17,21,243,11.5,100
2025-07-14T11:00,8.8,25.86,101.13,1020,3.6,0.3,0.6,17,20,238,11,100
2025-07-14T11:30,9.02,25.81,101.15,1019.93,3.5,0.3,0.5,16,19,238,11.2,100
2025-07-14T12:00,9.38,25.73,101.15,1019.82,3.3,0.4,0.7,18,22,241,11.1,100
2025-07-14T12:30,9.6,25.69,101.17,1019.76,3.1,0.3,0.5,17,23,236,11.1,100
2025-07-14T13:00,9.76,25.68,101.15,1019.73,3.1,0.3,0.5,21,27,237,12.6,100
2025-07-14T13:30,9.87,25.65,101.17,1019.68,2.9,0.3,0.5,21,27,248,12.9,100
2025-07-14T14:30,9.77,25.7,101.19,1019.74,2.9,0.4,0.7,25,33,246,12.8,100
2025-07-14T15:30,9.1,25.97,101.17,1020.05,2.8,0.4,0.7,21,26,241,12.8,100
2025-07-14T16:00,9.18,26.49,101.15,1020.44,2.7,0.4,0.7,23,29,250,13.3,100
2025-07-14T16:30,8.54,26.96,101.12,1020.9,2.6,0.3,0.6,25,32,255,13.5,100
2025-07-14T17:30,8.6,26.89,101.1,1020.84,2.7,0.4,0.8,19,25,266,13.7,100
2025-07-14T18:00,8.31,27.04,101.06,1020.99,2.8,0.4,0.6,20,24,248,13.3,100
2025-07-14T18:30,7.7,27.34,101.020004,1021.31,2.8,0.4,0.7,27,33,244,14,100
2025-07-14T19:00,7.41,27.37,101.009995,1021.37,2.8,0.5,0.8,22,27,247,14,100
2025-07-14T19:30,7.7,27.4,101.020004,1021.36,3.1,0.5,0.8,20,25,311,14,100
2025-07-14T20:00,7.99,27.42,101,1021.33,3.2,0.5,1.1,16,19,310,15.6,100
2025-07-14T20:30,8.11,27.41,100.990005,1021.31,3.4,0.5,0.8,12,16,267,15.6,100
2025-07-14T21:00,8.01,27.37,100.909996,1021.29,3.3,0.5,0.8,21,28,248,13.6,99
2025-07-14T21:30,8.92,27.26,100.9,1021.08,3.4,0.5,0.8,28,36,233,13.7,98
2025-07-14T22:00,8.36,27.22,100.909996,1021.13,3.4,0.6,0.9,27,35,240,14.7,93
2025-07-14T22:30,8.56,27.17,100.93,1021.06,3.4,0.6,1.1,28,36,240,14.8,89
2025-07-14T23:00,9.2,26.88,100.909996,1020.74,3.4,0.7,1.2,29,41,242,14.8,90
2025-07-14T23:30,9.44,26.63,100.92,1020.51,3.6,0.7,1,27,35,246,13.8,93
2025-07-15T00:00,9.15,26.84,100.93,1020.72,3.4,0.7,1,24,31,238,13.2,93
2025-07-15T00:30,8.82,27.03,100.94,1020.92,3.1,0.6,1,27,35,243,13.4,91
2025-07-15T01:00,8.32,27.26,100.95,1021.16,3.1,0.6,1.3,24,30,241,12.6,94
2025-07-15T01:30,8.15,27.33,100.95,1021.24,3,0.5,0.8,21,27,248,12.6,94
2025-07-15T02:00,8.01,27.35,101.009995,1021.28,3,0.6,1.1,18,25,265,11.4,94
2025-07-15T02:30,7.55,27.46,101.020004,1021.42,2.9,0.5,0.8,21,25,260,12.2,97
2025-07-15T03:00,7.49,27.47,101.03,1021.44,2.8,0.4,0.8,19,23,259,11.6,97
2025-07-15T03:30,7.54,27.5,101.04,1021.46,2.7,0.4,0.8,20,26,255,12,95
2025-07-15T04:00,7.7,27.51,101.05,1021.44,2.6,0.4,0.6,17,22,249,11.4,98
2025-07-15T04:30,7.93,27.51,101.04,1021.41,2.8,0.2,0.4,25,29,250,11.4,98
2025-07-15T05:00,8.07,27.59,101.04,1021.46,2.8,0.3,0.5,24,29,241,13.3,97
2025-07-15T06:00,7.3,27.97,101.020004,1021.85,3.1,0.6,0.9,16,21,237,11.6,98
2025-07-15T06:30,7.48,27.98,101.009995,1021.84,3.2,0.6,1.1,16,21,224,12.5,100
2025-07-15T07:00,7.42,27.99,101.020004,1021.86,3.2,0.6,1,22,29,245,12.7,100
2025-07-15T07:30,7.42,28,101.05,1021.86,3.2,0.6,1,16,21,259,11.8,99
2025-07-15T08:30,7.58,28.03,101.08,1021.86,3.1,0.4,0.8,20,26,255,12.6,100
2025-07-15T09:00,7.78,27.99,101.04,1021.81,3.4,0.6,1,20,25,236,12.6,100
2025-07-15T09:30,7.51,28.01,101.05,1021.86,3.4,0.6,1.1,22,30,247,13.4,96
2025-07-15T10:00,7.47,27.8,101.11,1021.7,3.6,0.6,1.3,14,22,275,11.4,100
2025-07-15T10:30,7.49,27.8,101.11,1021.7,3.5,0.6,1.1,20,29,255,11.6,100
2025-07-15T11:00,8.04,27.51,101.13,1021.4,3.3,0.6,1,22,30,257,11.9,100
2025-07-15T12:00,10.42,26.07,101.18,1019.93,3.5,0.7,1,21,30,258,12,100
2025-07-15T12:30,11.5,25.58,101.2,1019.37,3.6,0.6,1.1,25,32,256,12.7,98
2025-07-15T13:00,12.02,25.41,101.22,1019.15,3.5,0.8,1.4,29,35,254,13.4,97
2025-07-15T13:30,12.3,25.33,101.240005,1019.05,3.7,0.9,1.8,22,31,238,13.2,98
2025-07-15T14:00,12.43,25.31,101.240005,1019.01,3.4,0.7,1.3,19,26,248,13.3,98
2025-07-15T14:30,12.54,25.3,101.240005,1018.98,3.6,0.7,1.1,19,26,245,13.3,98
2025-07-15T15:00,12.91,25.22,101.25,1018.85,3.4,0.6,1.2,20,28,243,13.4,96
2025-07-15T15:30,13.13,25.19,101.28,1018.79,3.3,0.6,1.1,16,26,262,13.2,95
2025-07-15T16:00,12.97,25.3,101.3,1018.9,3.2,0.5,0.8,21,29,237,14.2,92
2025-07-15T16:30,12.55,25.4,101.32,1019.06,2.9,0.5,1,22,28,246,14.4,91
2025-07-15T17:00,12.64,25.52,101.31,1019.13,2.9,0.5,0.8,19,25,243,14.6,89
2025-07-15T17:30,9.47,27.7,101.3,1021.35,2.9,0.4,0.8,19,23,238,14.7,90
2025-07-15T18:00,10.48,27.43,101.28,1020.98,2.9,0.3,0.5,16,22,251,13.8,89
2025-07-15T19:00,11.04,26.96,101.22,1020.52,3.2,0.3,0.6,17,20,222,13.8,91
2025-07-15T19:30,11.03,26.98,101.22,1020.54,3.4,0.4,0.6,19,24,225,13.8,90
2025-07-15T20:00,10.8,27.21,101.259995,1020.75,3.4,0.4,0.6,15,19,252,14.5,86
2025-07-15T21:00,10.68,27.33,101.3,1020.87,3.3,0.3,0.4,15,19,234,14.3,86
2025-07-15T21:30,10.69,27.32,101.3,1020.86,3.2,0.3,0.5,11,15,234,13.7,89
2025-07-15T22:00,10.53,27.34,101.28,1020.9,3.2,0.3,0.4,15,18,225,13.7,88
2025-07-15T23:00,10.11,27.52,101.3,1021.11,3,0.3,0.5,11,20,224,16.7,72
2025-07-16T00:00,10.14,27.48,101.36,1021.07,2.9,0.3,0.6,9,13,328,15.4,79
2025-07-16T00:30,9.84,27.51,101.36,1021.14,2.9,0.3,0.5,15,19,278,16.4,74
2025-07-16T01:00,9.83,27.49,101.36,1021.13,3,0.3,0.5,10,15,259,14.7,82
2025-07-16T01:30,10.07,27.4,101.4,1021.02,2.8,0.3,0.5,6,12,219,13.9,86
2025-07-16T02:30,12.69,25.75,101.36,1019.3,3,0.2,0.4,13,18,227,13.4,87
2025-07-16T03:00,13.36,25.32,101.409996,1018.84,2.9,0.2,0.4,18,25,248,13.4,84
2025-07-16T03:30,14.18,25.02,101.44,1018.46,2.5,0.2,0.3,12,17,254,13.8,88
2025-07-16T04:00,14.29,24.93,101.45,1018.37,2.4,0.2,0.3,9,14,267,13.9,89
2025-07-16T04:30,14.3,24.91,101.490005,1018.35,2.6,0.1,0.3,11,15,276,13.8,90
2025-07-16T05:00,11.85,26.51,101.47,1020.03,2.5,0.1,0.2,11,13,302,13.6,91
2025-07-16T06:00,12.89,25.74,101.479996,1019.26,0,0,0,2,4,172,14.3,89
2025-07-16T06:30,13.03,25.75,101.490005,1019.24,0,0,0,3,4,193,14.3,89
2025-07-16T07:00,13.16,25.72,101.45,1019.19,0,0,0,7,9,205,13.6,93
2025-07-16T07:30,13,25.83,101.44,1019.31,0,0,0,6,7,233,14,91
2025-07-16T08:00,13.01,25.79,101.38,1019.28,0,0,0,5,7,183,14.2,90
2025-07-16T08:30,12.9,25.85,101.38,1019.34,0,0,0,11,13,200,14.2,90
2025-07-16T09:00,12.82,25.93,101.340004,1019.42,0,0,0,7,8,224,14,91
2025-07-16T09:30,12.61,26.07,101.3,1019.56,0,0,0,11,13,200,13.6,93
2025-07-16T10:00,12.59,26.13,101.240005,1019.61,0,0,0,7,9,180,14,92
2025-07-16T10:30,12.56,26.26,101.229996,1019.72,0,0,0,10,12,214,14.1,92
2025-07-16T11:00,12.61,26.37,101.229996,1019.79,0,0,0,13,15,230,14.1,92
2025-07-16T11:30,12.52,26.38,101.2,1019.82,0,0,0,13,15,270,14,92
2025-07-16T12:00,12.32,26.44,101.15,1019.9,0,0,0,7,8,293,14.4,89
2025-07-16T12:30,12.4,26.55,101.14,1019.97,0,0,0,11,12,306,14.2,90
2025-07-16T13:00,12.43,26.52,101.13,1019.95,0,0,0,9,11,254,14.3,92
2025-07-16T13:30,12.49,26.46,101.1,1019.89,0,0,0,9,12,274,14.2,93
2025-07-16T14:00,12.35,26.56,101.08,1019.99,0,0,0,14,16,234,14.7,90
2025-07-16T14:30,12.35,26.6,101.08,1020.01,3.8,0.1,0.2,14,16,230,15,88
2025-07-16T15:00,12.41,26.61,101.05,1020.02,0,0,0,16,19,227,15.5,91
2025-07-16T15:30,12.64,26.67,101.090004,1020.02,5,0.1,0.1,13,16,226,15.3,92
2025-07-16T16:00,13.57,26.16,101.04,1019.45,4.1,0.1,0.2,18,23,237,15.3,91
2025-07-16T16:30,13.75,25.83,101.009995,1019.17,2.9,0.1,0.1,29,36,247,15.6,92
2025-07-16T17:00,13.49,25.8,101,1019.2,2.6,0.5,0.9,29,39,247,16.9,91
2025-07-16T17:30,12.75,25.96,100.990005,1019.45,2.9,0.6,1,28,34,241,16.2,90
2025-07-16T18:30,11.09,26.61,100.95,1020.24,2.9,0.6,1,35,44,245,16.9,88
2025-07-16T19:00,11.48,26.55,100.95,1020.13,3,0.6,1.1,33,43,247,16.8,88
2025-07-16T19:30,11.38,26.59,100.97,1020.18,3,0.6,1,20,25,285,15.1,90
2025-07-16T20:00,11.29,26.63,100.93,1020.23,3.3,0.7,1.1,31,37,257,16.6,86
2025-07-16T20:30,11.81,26.41,100.93,1019.97,3.4,0.7,1.1,27,34,254,16.5,85
2025-07-16T21:00,11.69,26.42,100.95,1020,3.5,0.7,1,27,37,267,16.9,84
2025-07-16T21:30,12,26.38,101.06,1019.91,3.5,0.6,1,16,29,71,18.4,82
2025-07-16T22:00,11.78,26.42,101.03,1019.98,3.8,0.6,1,26,34,104,14.8,90
2025-07-16T22:30,11.7,26.41,101.03,1019.99,3.8,0.6,1.2,21,28,76,13.9,94
2025-07-16T23:00,11.02,26.66,101.03,1020.29,3.5,0.6,0.9,23,29,83,13.5,95
2025-07-16T23:30,10.15,26.89,101.020004,1020.61,3.2,0.5,0.9,22,28,92,13.4,97
2025-07-17T00:00,10.29,26.82,101.009995,1020.53,3.3,0.6,1,23,29,92,13.4,98
2025-07-17T00:30,10.3,26.84,101.03,1020.54,3.1,0.6,1.1,12,17,67,13.1,98
2025-07-17T01:00,10.68,26.74,101.04,1020.41,3.2,0.6,1.1,14,20,47,13.2,99
2025-07-17T01:30,10.78,26.78,101.05,1020.43,3.3,0.5,0.9,15,20,57,13.5,100
2025-07-17T02:00,10.55,26.87,101.04,1020.53,3.2,0.5,0.8,21,27,64,14,97
2025-07-17T02:30,10.69,26.86,101.03,1020.5,3.2,0.5,0.9,22,29,62,14,97
2025-07-17T03:00,10.62,26.87,101.05,1020.52,3.1,0.6,0.9,22,29,48,14.2,95
2025-07-17T03:30,10.9,26.8,101.009995,1020.42,3.2,0.6,1,25,32,66,14.3,98
2025-07-17T04:00,10.86,26.8,100.93,1020.42,3.1,0.6,1.1,30,45,91,14.2,96
2025-07-17T04:30,10.83,26.69,100.94,1020.35,3.5,0.7,1.4,23,29,74,14.1,95
2025-07-17T05:00,10.51,26.74,100.92,1020.44,3.7,0.6,1.1,16,21,71,13.6,96
2025-07-17T05:30,10.35,26.81,100.89,1020.52,3.8,0.6,1,16,22,75,13.4,97
2025-07-17T06:30,11.1,26.68,101.020004,1020.3,4.2,0.5,0.8,25,32,349,12.9,97
2025-07-17T07:00,11.56,26.59,100.979996,1020.15,4.2,0.6,1.2,24,30,35,14.2,94
2025-07-17T07:30,11.43,26.67,100.96,1020.23,4,0.5,0.7,16,22,58,14.2,95
2025-07-17T09:00,11.12,26.82,101.04,1020.4,3.7,0.4,0.6,16,20,82,12.8,99
2025-07-17T09:30,10.89,26.9,101.03,1020.5,3.9,0.4,0.7,16,22,87,12.9,96
2025-07-17T10:00,10.62,27.03,101.03,1020.64,3.9,0.4,0.7,18,25,101,12.5,97
2025-07-17T10:30,10.64,27.05,101.07,1020.65,4,0.5,0.8,16,21,103,12.4,98
2025-07-17T11:00,10.2,27.14,101.020004,1020.8,4.2,0.5,0.8,20,28,90,12.5,98
2025-07-17T11:30,9.97,27.2,101.020004,1020.88,4,0.5,0.9,16,23,91,12.5,98
2025-07-17T12:00,9.98,27.25,101.03,1020.92,3.8,0.6,1,13,19,57,12.4,98
2025-07-17T12:30,10.46,27.18,101.009995,1020.79,3.7,0.6,1,16,22,48,12.5,100
2025-07-17T13:00,10.83,27.05,100.990005,1020.62,3.5,0.6,1.1,16,21,64,12.9,100
2025-07-17T13:30,11.12,26.94,100.96,1020.49,3.5,0.5,0.9,22,28,63,13.2,100
2025-07-17T14:30,11.49,26.73,100.909996,1020.26,3.1,0.6,1.1,24,34,56,13.5,99
2025-07-17T15:00,11.58,26.68,100.88,1020.22,3.2,0.7,0.9,24,34,73,13.5,98
2025-07-17T15:30,11.55,26.65,100.86,1020.2,3.3,0.7,1.4,27,33,67,13.5,97
2025-07-17T16:00,11.5,26.63,100.79,1020.19,3.3,0.7,1.1,27,35,66,13.6,97
2025-07-17T16:30,11.42,26.63,100.79,1020.2,3.3,0.7,1.1,27,34,78,13.6,97
2025-07-17T17:00,11.42,26.64,100.78,1020.21,3.3,0.7,1.2,29,38,80,13.6,97
2025-07-17T17:30,11.36,26.66,100.67,1020.23,3.4,0.7,1.3,30,39,85,13.3,100
2025-07-17T19:00,10.07,27.25,100.509995,1020.9,3.8,0.9,1.3,35,46,74,12.9,100
2025-07-17T19:30,9.74,27.31,100.409996,1021,4,0.9,1.5,35,43,74,12.7,100
2025-07-17T20:00,9.28,27.33,100.38,1021.08,4.1,1,1.4,33,44,82,12.5,100
2025-07-17T20:30,9.25,27.28,100.32,1021.05,4.3,1.2,2.3,35,43,86,12.5,100
2025-07-17T21:00,9.19,27.28,100.229996,1021.06,4.5,1.4,2.1,35,45,83,12,100
2025-07-17T21:30,8.94,27.33,100.08,1021.13,4.5,1.5,2.1,36,47,73,11.9,100
2025-07-17T22:00,8.8,27.39,100,1021.2,4.8,1.6,2.2,37,48,71,11.9,100
2025-07-17T22:30,8.57,27.48,100.009995,1021.3,5,1.7,2.9,46,68,82,12.9,100
2025-07-17T23:00,8.49,27.51,99.93,1021.34,4.8,1.7,2.6,31,42,73,12.1,100
2025-07-17T23:30,8.49,27.52,99.87,1021.35,4.8,1.8,2.8,32,40,85,11.9,100
2025-07-18T00:00,8.48,27.53,99.770004,1021.35,4.4,1.5,2.4,30,40,82,11.2,100
2025-07-18T00:30,8.44,27.55,99.740005,1021.37,4.8,1.5,2.5,26,36,97,11.2,100
2025-07-18T01:00,8.36,27.58,99.770004,1021.41,4.6,1.4,2,16,24,81,11.1,100
2025-07-18T01:30,8.33,27.59,99.759995,1021.42,4.7,1.4,2.6,10,17,155,10.8,100
2025-07-18T02:00,8.32,27.6,99.75,1021.43,4.8,1.3,2,4,9,167,10.9,100
2025-07-18T03:00,8.32,27.56,99.8,1021.4,4.8,1,1.9,20,27,303,9.6,100
2025-07-18T03:30,8.43,27.58,99.85,1021.4,4.5,0.9,1.4,19,28,265,11.1,100
2025-07-18T04:00,8.59,27.54,99.89,1021.35,4.4,0.8,1.4,22,30,238,9.8,100
2025-07-18T04:30,8.62,27.55,99.95,1021.35,4.3,0.8,1.1,24,34,259,9.9,100
2025-07-18T05:00,8.61,27.58,99.979996,1021.38,3.6,0.7,1.1,29,39,261,9.9,100
2025-07-18T05:30,8.56,27.61,99.97,1021.41,3.6,0.8,1.3,25,34,255,9.9,100
2025-07-18T06:00,8.52,27.62,100.04,1021.42,3.5,0.7,1.3,27,36,266,10,100
2025-07-18T06:30,8.44,27.65,100.11,1021.45,3.5,0.7,1.2,25,34,284,10.5,100
2025-07-18T07:00,8.23,27.67,100.18,1021.5,3.4,0.7,1.2,30,39,300,12.3,93
2025-07-18T08:00,8.64,27.42,100.270004,1021.24,3.9,0.6,0.8,20,25,289,11.8,89
2025-07-18T09:00,8.46,27.48,100.43,1021.32,4.4,0.6,1,20,26,290,12.2,87
2025-07-18T09:30,8.66,27.44,100.5,1021.26,4.5,0.6,0.9,23,29,299,12.7,84
2025-07-18T10:00,8.59,27.47,100.590004,1021.29,3.7,0.5,0.8,23,28,292,12.9,83
2025-07-18T10:30,8.89,27.52,100.659996,1021.29,3.5,0.5,0.8,26,32,297,12.4,83
2025-07-18T11:00,9.11,27.43,100.7,1021.18,3.6,0.5,1,26,32,300,12.9,81
2025-07-18T11:30,9.18,27.37,100.770004,1021.13,3.5,0.5,0.7,23,30,303,12.3,82
2025-07-18T12:00,10.07,26.86,100.79,1020.6,3.5,0.5,0.8,24,30,295,12.6,80
2025-07-18T12:30,11.23,26.04,100.840004,1019.78,3.4,0.5,1,23,28,296,13.4,79
2025-07-18T13:00,11.57,25.9,100.85,1019.61,3.5,0.5,1,29,36,299,14.4,75
2025-07-18T13:30,11.77,25.68,100.9,1019.41,3.7,0.6,0.8,18,23,286,13.8,79
2025-07-18T14:00,12.07,25.5,100.95,1019.22,3.4,0.6,0.9,17,23,281,13.5,79
2025-07-18T14:30,12.36,25.41,100.95,1019.1,3.4,0.6,0.8,18,26,279,13.5,79
2025-07-18T15:00,12.57,25.33,100.990005,1019,3.4,0.5,0.9,20,26,247,13.5,78
2025-07-18T15:30,12.7,25.3,101.009995,1018.95,3.2,0.5,0.9,19,25,219,13.1,79
2025-07-18T16:00,12.96,25.24,101.03,1018.86,3.5,0.5,1,12,18,232,12.3,82
2025-07-18T16:30,13.09,25.21,101.020004,1018.81,3.3,0.5,0.8,17,24,235,12.4,82
2025-07-18T17:00,13.16,25.21,101.03,1018.8,3.2,0.5,0.9,25,32,223,12.2,82
2025-07-18T17:30,13.16,25.24,101.020004,1018.82,3.1,0.5,0.7,21,30,228,13.2,77
2025-07-18T18:00,12.94,25.37,101.03,1018.96,3,0.5,0.8,20,27,236,13,78
2025-07-18T18:30,12.52,25.92,101.020004,1019.47,2.8,0.4,0.8,21,26,235,12.6,79
2025-07-18T19:00,12.34,26.37,101.020004,1019.84,2.9,0.4,0.7,25,33,239,12.7,79
2025-07-18T19:30,12.32,26.45,101.04,1019.91,2.8,0.4,0.6,19,26,232,11.6,83
2025-07-18T20:00,9.69,27.54,101.020004,1021.19,2.7,0.3,0.4,25,29,246,11.7,80
2025-07-18T20:30,9.58,27.52,101.04,1021.19,2.8,0.3,0.7,21,28,236,11.5,80
2025-07-18T21:00,9.63,27.52,101.06,1021.18,2.7,0.3,0.4,19,25,250,10.8,84
2025-07-18T21:30,9.64,27.53,101.06,1021.18,2.7,0.2,0.5,18,24,245,10.7,84
2025-07-18T22:00,9.87,27.5,101.08,1021.13,2.7,0.3,0.5,18,24,236,10.7,83
2025-07-18T22:30,10.11,27.5,101.08,1021.09,2.7,0.3,0.6,18,23,229,11.8,82
2025-07-18T23:00,10.68,27.43,101.11,1020.94,2.8,0.3,0.6,16,22,235,11.8,83
2025-07-18T23:30,11.38,27.05,101.11,1020.54,2.9,0.3,0.5,19,24,233,11.8,83
2025-07-19T00:00,11.88,26.63,101.15,1020.12,2.8,0.2,0.4,20,24,241,12.2,82
2025-07-19T00:30,11.99,26.13,101.17,1019.72,2.8,0.2,0.4,20,25,239,11.9,83
2025-07-19T01:30,13,25.44,101.2,1019,2.9,0.3,0.5,25,34,241,12.8,80
2025-07-19T02:00,12.99,25.22,101.22,1018.84,3,0.4,0.7,22,30,238,13.3,77
2025-07-19T02:30,12.87,25.14,101.229996,1018.8,3,0.4,0.9,28,34,245,13.7,76
2025-07-19T03:00,12.74,25.13,101.229996,1018.82,3.1,0.4,0.8,26,34,247,14.3,74
2025-07-19T03:30,12.62,25.13,101.240005,1018.83,3.2,0.4,0.7,29,38,245,14.2,74
2025-07-19T04:00,12.21,25.16,101.229996,1018.93,3.2,0.5,0.8,27,36,242,14.1,74
2025-07-19T04:30,12.06,25.12,101.240005,1018.93,3.3,0.5,0.8,30,41,252,14.1,76
2025-07-19T05:00,12.25,25,101.259995,1018.8,3.2,0.6,1.2,32,44,249,14.5,77
2025-07-19T05:30,12.25,24.97,101.28,1018.77,3.2,0.6,1.1,30,40,246,13.7,80
2025-07-19T06:00,12.17,25,101.29,1018.81,3.2,0.7,1.2,28,37,246,13.2,83
2025-07-19T06:30,12.02,25.1,101.3,1018.91,3,0.5,0.9,29,39,247,13.3,83
2025-07-19T07:00,12.11,25.11,101.31,1018.91,3,0.6,1.1,29,37,249,13.4,84
2025-07-19T07:30,12.11,25.21,101.3,1018.99,3.1,0.6,0.8,23,31,247,13.1,85
2025-07-19T08:00,12.26,25.3,101.28,1019.02,3,0.7,1.1,26,35,251,13,86
2025-07-19T08:30,12.29,25.42,101.29,1019.12,2.7,0.5,0.8,28,38,258,12.9,87
2025-07-19T09:00,11.92,25.88,101.28,1019.53,2.8,0.5,0.8,29,37,254,12.6,88
2025-07-19T09:30,11.62,26.11,101.31,1019.77,2.9,0.5,1,28,36,257,12.2,90
2025-07-19T10:00,11.51,26.18,101.32,1019.84,3,0.6,0.9,26,32,251,11.6,90
2025-07-19T10:30,11.22,26.39,101.340004,1020.05,3,0.6,1.1,32,44,252,11.9,93
2025-07-19T11:00,10.96,26.61,101.340004,1020.26,3.4,0.8,1.3,27,34,244,11.4,94
2025-07-19T11:30,10.87,26.67,101.340004,1020.33,3.1,0.6,1,20,27,214,10.5,93
2025-07-19T12:00,10.89,26.72,101.33,1020.36,3.1,0.6,0.8,26,33,238,11.2,95
2025-07-19T12:30,10.72,26.92,101.31,1020.54,3.3,0.6,1,26,32,229,11.6,94
2025-07-19T13:00,10.45,27.1,101.3,1020.73,3.2,0.7,1,23,29,232,11.6,94
2025-07-19T13:30,10.44,26.94,101.240005,1020.6,3.3,0.6,1,24,32,235,10.6,97
2025-07-19T14:00,12.02,25.54,101.19,1019.26,3.6,0.7,1.5,28,37,248,11.3,96
2025-07-19T14:30,12.04,25.33,101.19,1019.09,3.5,0.7,1.1,27,36,245,11.5,96
2025-07-19T15:00,12.11,25.38,101.159996,1019.12,3.6,0.8,1.2,29,38,243,12,96
2025-07-19T15:30,12.15,25.39,101.159996,1019.11,3.7,0.9,1.5,37,47,246,12.6,94
2025-07-19T16:00,12.18,25.39,101.17,1019.11,4,1.1,1.7,39,59,253,13.3,90
2025-07-19T16:30,12.16,25.41,101.18,1019.13,4,1.2,1.8,33,42,253,13.6,85
2025-07-19T17:00,12.09,25.44,101.11,1019.17,3.7,1,1.6,22,30,243,12.2,86
2025-07-19T17:30,12.04,25.46,101.090004,1019.19,3.6,0.8,1.6,31,40,234,12.2,84
2025-07-19T18:00,12.15,25.55,101.090004,1019.24,3.4,0.8,1.3,29,40,248,12.9,86
2025-07-19T18:30,12.14,25.63,101.07,1019.3,3.4,0.8,1.3,32,43,240,13.1,89
2025-07-19T19:00,12.08,25.76,101.08,1019.41,3.3,0.8,1.1,36,47,243,13.3,90
2025-07-19T19:30,11.95,25.89,101.03,1019.53,3.1,0.7,1.1,37,45,247,13.1,90
2025-07-19T20:00,11.84,26.03,101.04,1019.66,3.1,0.6,1.1,32,42,241,13.4,88
2025-07-19T20:30,11.7,26.23,101.04,1019.85,3,0.6,0.9,42,53,245,12.7,89
2025-07-19T21:00,11.21,26.69,100.990005,1020.28,3.1,0.7,1.2,30,41,238,12,92
2025-07-19T21:30,11.06,26.9,100.990005,1020.47,3.1,0.7,1.4,26,35,237,12.2,88
2025-07-19T22:00,10.51,27.27,100.97,1020.85,3.3,0.7,1.2,32,41,241,12.4,91
2025-07-19T22:30,9.79,27.52,100.95,1021.15,3.3,0.8,1.3,30,39,246,12.8,86
2025-07-19T23:00,9.38,27.6,100.97,1021.28,3.5,0.9,1.6,31,43,243,12.8,87
2025-07-19T23:30,9.35,27.59,100.979996,1021.28,3.4,0.8,1.3,23,32,240,12.1,88
2025-07-20T00:00,9.2,27.61,100.979996,1021.32,3.5,0.8,1.4,22,29,238,11.8,88
2025-07-20T00:30,9.15,27.62,100.979996,1021.33,3.6,0.7,1,21,29,235,11.5,91
2025-07-20T01:00,9.09,27.63,101.009995,1021.35,3.4,0.6,0.9,25,36,263,11.5,90
2025-07-20T01:30,9.21,27.6,101.05,1021.3,3.5,0.6,0.9,15,19,313,13.4,82
2025-07-20T02:00,9.23,27.6,101.07,1021.3,3.3,0.5,0.8,21,28,307,13.1,87
2025-07-20T02:30,10.59,27.2,101.05,1020.78,3.2,0.4,0.7,15,18,308,13.2,90
2025-07-20T03:00,10.83,27.08,101.020004,1020.65,3.3,0.4,0.7,11,15,269,13.2,86
2025-07-20T03:30,11.65,26.49,100.97,1020.05,3.3,0.4,0.6,13,17,202,12.8,88
2025-07-20T04:00,11.85,26.34,100.97,1019.9,3.2,0.3,0.6,18,24,217,12.8,88
2025-07-20T04:30,12.18,26.01,100.94,1019.59,2.9,0.3,0.5,22,29,232,11.9,90
2025-07-20T05:00,12.26,25.89,100.92,1019.48,2.9,0.3,0.9,18,25,241,12.2,88
2025-07-20T05:30,12.24,25.91,100.92,1019.5,2.7,0.2,0.4,15,22,242,12.4,89
2025-07-20T06:00,12.23,25.92,100.92,1019.51,3,0.2,0.4,13,17,241,11.7,91
2025-07-20T07:00,12.2,25.84,100.909996,1019.45,2.8,0.2,0.3,13,17,218,11.6,92
2025-07-20T07:30,12.13,25.83,100.87,1019.46,2.7,0.1,0.2,9,12,227,11.2,93
2025-07-20T08:00,12.08,25.82,100.86,1019.46,2.9,0.1,0.3,5,6,197,11.5,93
2025-07-20T08:30,12.05,25.85,100.840004,1019.49,2.7,0.1,0.2,12,15,213,11.7,91
2025-07-20T09:00,12.05,25.88,100.89,1019.52,2.4,0.1,0.2,15,18,227,11.4,93
2025-07-20T09:30,11.77,26.18,100.93,1019.79,2.7,0.1,0.2,18,21,221,11.2,93
2025-07-20T10:00,11.17,26.63,100.92,1020.24,2.9,0.1,0.1,15,18,220,10.9,96
2025-07-20T10:30,10.63,26.93,100.89,1020.56,0,0,0,13,15,196,10,98
2025-07-20T11:00,9.36,27.48,100.82,1021.19,0,0,0,11,13,178,9.6,100
2025-07-20T11:30,9,27.51,100.83,1021.26,0,0,0,14,18,209,9.6,100
2025-07-20T12:00,7.45,27.51,100.79,1021.47,2.5,0.1,0.2,12,15,203,9.9,100
2025-07-20T12:30,7.57,27.48,100.81,1021.43,2.4,0.1,0.2,8,11,237,10.5,100
2025-07-20T13:00,7.97,27.46,100.8,1021.37,2.7,0.2,0.3,9,12,288,10.8,100
2025-07-20T13:30,8.46,27.5,100.78,1021.33,2.6,0.2,0.3,7,9,292,9.9,100
2025-07-20T14:00,8.76,27.49,100.740005,1021.28,2.7,0.1,0.2,8,10,270,9.9,100
2025-07-20T14:30,9.04,27.45,100.729996,1021.21,2.8,0.1,0.2,7,9,284,10.6,100
2025-07-20T15:00,9.12,27.48,100.7,1021.22,2.6,0.1,0.2,8,11,242,11.8,100
2025-07-20T15:30,9.22,27.44,100.68,1021.17,0,0,0,10,12,231,11.9,100
2025-07-20T16:00,9.61,27.44,100.68,1021.12,0,0,0,12,13,198,11.9,100
2025-07-20T16:30,9.98,27.46,100.62,1021.08,3.1,0.1,0.1,5,8,202,11.3,100
2025-07-20T17:00,10.34,27.42,100.58,1021,0,0,0,12,14,183,10.6,100
2025-07-20T17:30,10.17,27.47,100.54,1021.06,0,0,0,12,14,187,10.9,100
2025-07-20T18:00,10.23,27.45,100.58,1021.03,0,0,0,4,7,218,11.4,100
2025-07-20T18:30,10.22,27.58,100.590004,1021.13,0,0,0,6,7,288,12.8,100
2025-07-20T19:30,11.32,27.35,100.54,1020.78,0,0,0,5,9,64,12.7,100
2025-07-20T20:00,10.81,27.51,100.53,1020.99,0,0,0,5,6,230,13,100
2025-07-20T20:30,10.74,27.44,100.590004,1020.94,3.4,0.1,0.2,16,18,350,12.9,100
2025-07-20T21:00,10.01,27.42,100.590004,1021.05,0,0,0,10,12,315,12.9,100
2025-07-20T21:30,9.41,27.47,100.58,1021.17,0,0,0,7,7,9,13.1,100
2025-07-20T22:00,8.71,27.58,100.590004,1021.36,0,0,0,3,4,302,13.4,100
2025-07-20T22:30,9.11,27.7,100.590004,1021.4,0,0,0,4,6,234,13.4,100
2025-07-20T23:00,9.95,27.57,100.61,1021.17,3.5,0.1,0.1,5,7,200,11.9,100
2025-07-20T23:30,9.86,27.57,100.62,1021.18,3.2,0.1,0.3,8,10,232,11.5,100
2025-07-21T00:00,10.62,27.36,100.62,1020.9,0,0,0,10,11,276,11.5,100
2025-07-21T00:30,9.76,27.53,100.62,1021.17,0,0,0,9,9,260,11.8,100
2025-07-21T01:00,10.83,27.27,100.659996,1020.8,0,0,0,6,7,218,11.4,99
2025-07-21T01:30,11.73,27.07,100.659996,1020.49,0,0,0,9,11,249,11.4,99
2025-07-21T02:00,10.96,27.26,100.659996,1020.76,0,0,0,8,11,262,12,100
2025-07-21T02:30,11.23,27.18,100.65,1020.66,0,0,0,12,13,318,12.8,95
2025-07-21T03:00,10.88,27.2,100.659996,1020.74,0,0,0,11,14,339,12.8,90
2025-07-21T03:30,11.54,26.95,100.65,1020.43,0,0,0,16,18,339,13.4,88
2025-07-21T04:00,11.92,26.81,100.659996,1020.26,0,0,0,12,13,324,13.6,84
2025-07-21T04:30,11.85,26.77,100.64,1020.24,0,0,0,11,13,326,13.3,86
2025-07-21T05:00,11.86,26.77,100.63,1020.24,0,0,0,11,13,315,13.2,86
2025-07-21T05:30,11.96,26.75,100.62,1020.2,2.7,0.1,0.2,10,12,324,13.1,86
2025-07-21T06:00,11.97,26.74,100.6,1020.19,0,0,0,7,8,321,13.1,85
2025-07-21T06:30,11.59,26.83,100.6,1020.33,0,0,0,7,8,281,12.9,87
2025-07-21T07:00,12.08,26.8,100.590004,1020.22,0,0,0,7,8,300,12.3,90
2025-07-21T07:30,12.09,26.8,100.590004,1020.22,0,0,0,9,11,317,12.6,88
2025-07-21T08:00,11.91,26.87,100.6,1020.31,0,0,0,12,14,321,12.7,85
2025-07-21T08:30,11.84,26.89,100.61,1020.33,0,0,0,13,17,331,12.7,85
2025-07-21T09:00,11.19,27.09,100.64,1020.6,2.9,0.1,0.1,16,20,337,13,83
2025-07-21T09:30,10.92,27.17,100.659996,1020.7,2.4,0.1,0.3,16,21,321,12.6,85
2025-07-21T10:00,9.44,27.37,100.69,1021.09,2.3,0.1,0.2,18,22,327,12.3,85
2025-07-21T10:30,8.86,27.29,100.7,1021.11,2.4,0.2,0.3,17,24,325,12,84
2025-07-21T11:00,8.64,27.21,100.72,1021.08,2.4,0.2,0.3,23,28,335,12.3,82
2025-07-21T11:30,8.18,27.21,100.72,1021.15,2.6,0.3,0.6,24,30,333,12.2,81
2025-07-21T12:00,7.96,27.26,100.740005,1021.21,2.6,0.3,0.5,17,21,323,11.4,85
2025-07-21T12:30,8.04,27.25,100.770004,1021.19,2.7,0.3,0.5,21,26,333,12.1,81
2025-07-21T13:30,8.14,27.24,100.83,1021.17,2.6,0.3,0.5,20,25,340,12.7,83
2025-07-21T14:00,10.76,27.04,100.840004,1020.63,2.7,0.3,0.5,19,25,345,13.4,80
2025-07-21T14:30,11.18,27.04,100.86,1020.56,2.6,0.3,0.5,13,18,336,14,75
2025-07-21T15:00,12.08,26.99,100.86,1020.36,2.7,0.3,0.5,7,11,336,13.8,80
2025-07-21T15:30,12.12,26.79,100.86,1020.21,2.7,0.3,0.6,8,11,322,14.7,73
2025-07-21T16:00,12.16,26.52,100.86,1019.99,2.8,0.3,0.5,9,12,301,14.9,74
2025-07-21T16:30,12.65,26.63,100.840004,1019.99,2.7,0.2,0.4,13,17,337,14.9,68
2025-07-21T17:00,12.91,26.91,100.86,1020.15,2.7,0.2,0.4,17,22,330,14.8,72
2025-07-21T17:30,12.09,27.04,100.88,1020.41,2.5,0.3,0.7,28,37,339,15.3,62
2025-07-21T18:00,11.66,27.11,100.89,1020.54,2.9,0.5,0.8,21,28,352,15.2,64
2025-07-21T18:30,11.55,27.12,100.909996,1020.56,2.8,0.5,0.8,18,23,354,15.2,66
2025-07-21T19:00,12.29,26.91,100.909996,1020.27,2.8,0.5,0.7,10,14,356,15.1,69
2025-07-21T19:30,13.17,26.63,100.909996,1019.89,2.8,0.3,0.7,8,14,31,16,61
2025-07-21T20:00,14.27,26.3,100.909996,1019.43,2.9,0.3,0.6,4,8,24,16.3,64
2025-07-21T20:30,14.13,26.4,100.93,1019.53,3,0.3,0.6,35,44,341,16.5,66
2025-07-21T21:00,13.75,26.52,100.96,1019.7,2.9,0.4,0.7,14,19,321,15.8,68
2025-07-21T21:30,14.22,26.44,100.979996,1019.55,3,0.4,0.7,15,19,322,16.2,67
2025-07-21T22:00,14.04,26.52,100.990005,1019.64,3,0.3,0.5,15,19,256,14.5,76
2025-07-21T22:30,13.81,26.59,101.020004,1019.74,2.9,0.2,0.4,11,14,279,15.1,72
2025-07-21T23:00,13.71,26.63,101.07,1019.79,2.8,0.2,0.7,15,23,10,16,74
2025-07-21T23:30,12.79,26.85,101.1,1020.13,2.8,0.3,0.6,20,27,340,15.3,77
2025-07-22T00:00,12.37,26.9,101.12,1020.25,2.9,0.4,0.8,19,25,324,15.1,75
2025-07-22T00:30,12.13,27.02,101.15,1020.38,3,0.4,0.6,21,26,311,14.7,78
2025-07-22T01:00,12.06,27.03,101.18,1020.4,2.9,0.4,0.7,19,25,315,14.5,79
2025-07-22T01:30,12.39,26.96,101.2,1020.29,2.8,0.3,0.6,20,26,319,14.4,79
2025-07-22T02:00,12.27,26.95,101.229996,1020.31,2.7,0.3,0.4,17,21,311,14.1,80
2025-07-22T02:30,12.37,26.87,101.240005,1020.23,2.6,0.3,0.4,17,23,318,13.9,83
2025-07-22T03:00,12.34,26.75,101.270004,1020.14,2.7,0.2,0.4,14,17,314,14,83
2025-07-22T04:00,12.01,26.75,101.32,1020.2,2.5,0.2,0.4,17,21,331,13.7,81
2025-07-22T04:30,11.88,26.78,101.340004,1020.24,2.5,0.2,0.3,12,15,332,13.3,83
2025-07-22T05:00,11.34,26.88,101.37,1020.41,2.4,0.1,0.3,17,21,326,13.1,82
2025-07-22T05:30,10.9,26.95,101.4,1020.53,2.4,0.2,0.3,18,24,331,13.3,79
2025-07-22T06:00,11.37,26.83,101.42,1020.37,2.4,0.2,0.3,15,18,330,13.3,78
2025-07-22T06:30,11.91,26.68,101.44,1020.15,2.3,0.2,0.2,15,18,307,12.6,87
2025-07-22T07:30,11.98,26.66,101.5,1020.13,2.6,0.1,0.2,16,19,314,12.8,83
2025-07-22T08:00,12.1,26.62,101.55,1020.08,2.6,0.1,0.2,16,20,301,12.6,83
2025-07-22T08:30,12.46,26.5,101.58,1019.92,2.5,0.1,0.4,17,21,299,12.6,83
2025-07-22T09:00,13.39,25.72,101.62,1019.15,2.6,0.1,0.2,17,22,319,12.6,82
2025-07-22T09:30,13.32,25.75,101.65,1019.19,2.5,0.1,0.2,16,21,323,12.6,83
2025-07-22T10:00,13.34,25.73,101.68,1019.17,2.6,0.1,0.2,19,25,315,12.6,83
2025-07-22T10:30,13.21,25.86,101.68,1019.29,2.4,0.2,0.3,22,27,317,12.6,83
2025-07-22T11:00,13.14,25.93,101.740005,1019.36,2.6,0.3,1,19,26,308,12.9,80
2025-07-22T11:30,13,26.04,101.759995,1019.47,2.6,0.4,0.6,23,31,317,13.1,80
2025-07-22T12:00,13.03,26.04,101.770004,1019.47,2.7,0.4,0.6,22,31,309,13.4,79
2025-07-22T12:30,12.93,26.15,101.759995,1019.56,2.6,0.3,0.5,15,22,337,13.4,81
2025-07-22T13:00,13,26.16,101.770004,1019.56,2.6,0.3,0.5,17,23,311,13.5,80
2025-07-22T13:30,13.04,26.19,101.759995,1019.58,2.7,0.3,0.4,19,27,226,12.6,82
2025-07-22T14:00,12.95,26.3,101.78,1019.68,2.6,0.2,0.4,21,27,233,12.1,83
2025-07-22T15:00,11.26,26.95,101.740005,1020.47,2.5,0.3,0.5,27,34,249,11.9,84
2025-07-22T15:30,11.17,26.98,101.740005,1020.51,2.5,0.3,0.6,27,35,243,12.4,80
2025-07-22T16:30,10.66,27.07,101.71,1020.67,2.7,0.4,0.8,23,30,250,11.9,84
2025-07-22T17:00,10.11,27.11,101.7,1020.78,2.7,0.5,0.8,21,28,252,12.3,82
2025-07-22T17:30,10.18,27.14,101.7,1020.79,2.6,0.4,0.6,23,31,254,12.7,81
2025-07-22T18:00,10.12,27.14,101.72,1020.81,2.9,0.5,0.8,22,29,253,12.3,82
2025-07-22T18:30,10.06,27.13,101.729996,1020.81,2.8,0.5,0.9,21,28,256,12.3,81
2025-07-22T19:00,10.09,27.19,101.7,1020.85,3,0.5,0.8,19,25,254,12.7,78
2025-07-22T19:30,9.86,27.23,101.72,1020.92,2.9,0.5,0.7,23,31,258,12.4,79
2025-07-22T20:00,9.73,27.29,101.729996,1020.98,2.9,0.5,0.8,25,31,258,12.4,77
2025-07-22T20:30,9.79,27.32,101.729996,1021,2.9,0.5,0.9,26,32,254,12.6,77
2025-07-22T21:00,9.79,27.35,101.729996,1021.02,2.9,0.6,0.9,27,34,256,12.8,77
2025-07-22T21:30,9.74,27.36,101.740005,1021.04,2.8,0.6,1,25,33,253,12.1,81
2025-07-22T22:00,9.75,27.31,101.75,1021,2.8,0.5,0.8,23,29,248,12.1,81
2025-07-22T22:30,9.97,27.24,101.770004,1020.91,2.7,0.5,0.7,26,32,254,12.1,82
2025-07-22T23:00,9.51,27.03,101.759995,1020.82,2.6,0.4,0.9,24,29,248,11.7,83
2025-07-22T23:30,9.18,26.93,101.78,1020.79,2.5,0.4,0.6,22,27,253,11.4,84
2025-07-23T00:00,9.66,26.87,101.78,1020.67,2.6,0.4,0.6,18,22,254,11.1,87
2025-07-23T00:30,9.76,26.84,101.8,1020.63,2.5,0.3,0.6,17,23,256,11.3,88
2025-07-23T01:00,10.14,26.87,101.82,1020.6,2.7,0.3,0.5,20,24,260,11.2,89
2025-07-23T01:30,10.25,26.89,101.840004,1020.59,2.8,0.3,0.5,17,22,260,11.4,89
2025-07-23T02:00,10.1,26.92,101.87,1020.64,2.8,0.3,0.5,15,20,259,11.4,88
2025-07-23T02:30,10.08,26.96,101.87,1020.68,2.8,0.3,0.6,14,19,266,11.4,86
2025-07-23T03:00,9.69,26.95,101.86,1020.73,2.8,0.2,0.4,9,12,250,11.4,90
2025-07-23T03:30,9.61,26.99,101.9,1020.77,2.9,0.2,0.3,14,17,252,11.1,91
2025-07-23T04:30,9.43,27.12,101.92,1020.9,2.8,0.1,0.2,11,14,246,11.7,85
2025-07-23T05:00,9.75,27.18,101.94,1020.89,3,0.1,0.2,12,15,269,11.6,87
2025-07-23T05:30,10.48,27.26,101.97,1020.85,2.9,0.1,0.2,16,19,247,11.5,86
2025-07-23T06:00,10.6,27.27,101.97,1020.83,2.9,0.1,0.2,17,21,250,11.5,90
2025-07-23T06:30,10.58,27.29,101.979996,1020.85,3.4,0.2,0.2,16,19,250,11.4,90
2025-07-23T07:00,10.7,27.33,101.979996,1020.86,2.8,0.1,0.2,16,19,245,11.4,90
2025-07-23T07:30,10.84,27.35,102.009995,1020.86,2.7,0.1,0.2,18,22,244,11.5,88
2025-07-23T08:00,10.74,27.35,102.03,1020.87,2.5,0.2,0.3,17,21,248,11.4,89
2025-07-23T08:30,10.72,27.35,102.03,1020.88,2.5,0.1,0.3,18,23,243,11.7,87
2025-07-23T09:00,10.56,27.34,102.07,1020.89,2.6,0.1,0.2,18,22,241,11.3,88
2025-07-23T09:30,10.52,27.33,102.090004,1020.89,2.4,0.1,0.2,15,19,237,11.3,89
2025-07-23T10:00,9.92,27.22,102.11,1020.9,2.4,0.2,0.3,16,20,244,10.8,90
2025-07-23T10:30,9.6,27.03,102.12,1020.8,2.5,0.2,0.4,22,25,246,11.3,88
2025-07-23T11:00,9.74,27.03,102.13,1020.78,2.5,0.3,0.6,23,28,253,11.1,87
2025-07-23T11:30,9.54,27.04,102.14,1020.82,2.4,0.3,0.4,24,32,250,11,87
2025-07-23T12:00,9.11,26.76,102.15,1020.67,2.3,0.2,0.3,23,28,255,10.8,88
2025-07-23T12:30,8.53,26.5,102.15,1020.54,2.4,0.2,0.4,24,30,258,11,87
2025-07-23T13:00,9.16,26.53,102.13,1020.47,2.4,0.2,0.3,23,27,261,11.3,86
2025-07-23T13:30,9.48,26.61,102.12,1020.49,2.4,0.2,0.3,22,27,256,11.5,85
2025-07-23T14:00,9.43,26.57,102.12,1020.47,2.4,0.2,0.3,21,26,257,11.5,86
2025-07-23T15:00,9.64,26.6,102.08,1020.46,2.5,0.3,0.4,17,21,259,11.7,89
2025-07-23T15:30,10.08,26.72,102.020004,1020.49,2.6,0.3,0.7,21,27,246,11.7,89
2025-07-23T16:00,10.67,27.01,101.979996,1020.62,2.7,0.3,0.6,21,27,249,11.9,87
2025-07-23T16:30,9.7,26.67,101.95,1020.5,2.8,0.4,0.6,19,25,246,12.2,89
2025-07-23T17:00,9.55,26.72,101.92,1020.57,2.9,0.4,0.7,19,23,241,12.4,87
2025-07-23T17:30,10,26.79,101.89,1020.56,3,0.3,0.6,19,24,242,12.6,86
2025-07-23T18:00,10.34,26.9,101.88,1020.59,3.1,0.4,0.7,19,24,244,12.4,88
2025-07-23T18:30,10.38,27.25,101.85,1020.86,3,0.4,0.8,23,30,239,12.5,86
2025-07-23T19:00,10.76,27.34,101.82,1020.86,3.1,0.4,0.7,21,28,233,12.7,86
2025-07-23T19:30,10.78,27.42,101.759995,1020.92,3.1,0.5,0.8,22,32,238,12.9,84
2025-07-23T20:00,10.55,27.5,101.759995,1021.02,3.1,0.5,0.7,24,33,245,12.9,84
2025-07-23T20:30,10.42,27.56,101.740005,1021.09,3.1,0.5,0.8,23,31,250,13.7,79
2025-07-23T21:00,10.59,27.58,101.72,1021.07,3.2,0.6,0.9,23,31,250,13.3,82
2025-07-23T21:30,10.55,27.58,101.72,1021.09,3.3,0.6,1.1,26,36,246,13.6,84
2025-07-23T22:00,10.47,27.57,101.7,1021.09,3.1,0.6,1,27,35,256,14.3,81
2025-07-23T22:30,10.53,27.54,101.68,1021.06,3.1,0.6,1,23,28,241,14.3,79
2025-07-23T23:00,10.65,27.46,101.67,1020.97,2.9,0.5,0.9,27,34,237,14.3,76
2025-07-23T23:30,10.33,27.31,101.64,1020.91,2.9,0.5,0.8,21,25,236,13.1,82
2025-07-24T00:00,10.07,26.84,101.63,1020.59,2.4,0.3,0.5,23,27,240,13.4,82
2025-07-24T00:30,10.53,26.86,101.62,1020.53,2.5,0.2,0.5,12,15,228,11.3,90
2025-07-24T01:00,10.05,26.8,101.61,1020.55,2.6,0.2,0.3,13,15,244,12.2,86
2025-07-24T01:30,10.6,26.96,101.590004,1020.59,2.5,0.1,0.2,15,19,244,12.1,87
2025-07-24T02:00,11.44,27.14,101.57,1020.59,2.6,0.1,0.2,10,11,246,11.3,89
2025-07-24T02:30,9.22,26.43,101.57,1020.39,2.6,0.1,0.2,12,15,252,11.8,88
2025-07-24T03:00,9.29,26.5,101.57,1020.43,2.8,0.1,0.2,19,23,257,11.8,88
2025-07-24T03:30,11.5,27.25,101.47,1020.67,2.6,0.2,0.3,24,29,233,12.5,84
2025-07-24T04:00,11.57,27.26,101.44,1020.67,2.5,0.3,0.5,21,26,224,12.6,84
2025-07-24T04:30,11.29,27.15,101.38,1020.62,2.6,0.3,0.6,21,27,231,12.5,86
2025-07-24T05:00,11.16,27.11,101.36,1020.62,2.7,0.3,0.5,18,24,247,11.8,89
2025-07-24T05:30,10.82,27.09,101.31,1020.66,2.7,0.3,0.5,19,24,233,11.8,88
2025-07-24T06:00,10.4,27,101.28,1020.66,2.8,0.2,0.5,17,22,241,11.5,91
2025-07-24T06:30,10.05,26.95,101.270004,1020.67,2.7,0.3,0.4,20,26,261,11.9,89
2025-07-24T07:00,9.82,26.99,101.259995,1020.74,2.8,0.4,1,22,29,251,12.4,86
2025-07-24T07:30,9.65,26.91,101.240005,1020.7,2.8,0.3,0.6,18,22,237,12.2,88
2025-07-24T08:00,9.34,26.96,101.2,1020.79,2.7,0.3,0.5,23,32,242,12.4,87
2025-07-24T08:30,9.82,27.12,101.19,1020.84,3,0.6,1,27,36,249,12.3,88
2025-07-24T09:00,10.24,27.27,101.229996,1020.89,3.2,0.7,1.1,32,44,245,12.9,90
2025-07-24T09:30,10.39,27.29,101.229996,1020.89,3.2,0.7,1.1,28,36,233,12.6,95
2025-07-24T10:30,9.59,27.11,101.18,1020.87,3.2,0.9,1.4,28,34,222,12.7,100
2025-07-24T11:00,9.35,27,101.19,1020.82,3.3,0.8,1.4,21,28,214,12.5,100
2025-07-24T11:30,9.71,27,101.15,1020.76,3.3,0.7,1.1,24,30,216,12.5,100
2025-07-24T12:00,11.13,27.25,101.12,1020.73,3,0.5,0.9,17,22,220,11.9,100
2025-07-24T12:30,9.39,26.89,101.1,1020.72,2.8,0.4,0.7,16,21,221,11.5,100
2025-07-24T13:00,7.9,26.53,101.06,1020.65,2.8,0.4,0.5,23,29,237,11.7,98
2025-07-24T13:30,7.82,26.5,101.07,1020.64,2.7,0.3,0.5,19,23,242,11.4,94
2025-07-24T14:00,7.85,26.43,101.05,1020.58,2.7,0.3,0.4,25,31,236,12.9,91
2025-07-24T14:30,8.12,26.14,101.009995,1020.31,2.6,0.3,0.8,24,31,251,12,93
2025-07-24T15:30,7.76,26.46,100.96,1020.61,2.9,0.5,0.8,19,24,255,11,98
2025-07-24T16:00,7.81,26.57,100.88,1020.69,3.1,0.6,0.9,15,20,227,11.3,98
2025-07-24T16:30,9.9,27.05,100.87,1020.77,3.4,0.6,1,9,13,260,11.6,99
2025-07-24T17:30,10.68,27.22,100.7,1020.78,3.4,0.5,0.8,2,5,128,12.5,99
2025-07-24T18:00,10.16,27.14,100.63,1020.81,3.4,0.4,0.8,3,5,164,13,99
2025-07-24T18:30,10.05,27.19,100.64,1020.86,3.6,0.3,0.6,10,13,285,13,97
2025-07-24T19:00,10.15,27.23,100.63,1020.87,3.4,0.3,0.5,11,14,297,12.7,96
2025-07-24T19:30,9.99,27.35,100.590004,1020.99,3.1,0.3,0.4,23,28,235,15,87
2025-07-24T20:00,9.81,27.34,100.65,1021.02,2.9,0.2,0.6,14,19,275,12.8,93
2025-07-24T20:30,9.38,27.43,100.63,1021.15,3,0.2,0.4,13,17,219,12,97
2025-07-24T21:00,9.2,27.47,100.63,1021.2,3,0.3,0.5,11,16,184,11.3,99
2025-07-24T21:30,9,27.55,100.659996,1021.3,2.9,0.3,0.5,20,25,191,11.9,100
2025-07-24T22:00,8.99,27.56,100.63,1021.3,2.9,0.2,0.4,17,21,198,12.2,100
2025-07-24T22:30,9.1,27.53,100.62,1021.26,2.8,0.2,0.3,21,26,203,12.4,100
2025-07-24T23:30,9.9,27.35,100.64,1021,2.8,0.2,0.8,18,22,212,13.1,100
2025-07-25T00:00,10.05,27.24,100.69,1020.9,2.6,0.2,0.3,12,15,233,12.9,100
2025-07-25T00:30,10.26,27.09,100.67,1020.74,2.5,0.2,0.4,10,12,250,14.1,100
2025-07-25T01:00,8.75,26.47,100.71,1020.49,2.5,0.1,0.2,12,13,254,13.3,100
2025-07-25T01:30,10.51,27.16,100.72,1020.76,0,0,0,19,23,246,13.2,100
2025-07-25T02:00,10.7,27.24,100.7,1020.8,0,0,0,20,24,250,13.6,100
2025-07-25T02:30,10.65,27.21,100.69,1020.78,0,0,0,24,28,260,12.7,100
2025-07-25T03:00,10.82,27.23,100.7,1020.76,3.5,0.1,0.2,20,25,259,12.1,100
2025-07-25T03:30,10.85,27.25,100.69,1020.77,3.2,0.1,0.1,17,20,245,11.2,100
2025-07-25T04:00,10.9,27.24,100.71,1020.76,3.2,0.1,0.2,16,20,258,11.1,100
2025-07-25T04:30,10.84,27.24,100.72,1020.77,2.7,0.1,0.2,18,21,250,12,100
2025-07-25T05:00,10.82,27.27,100.68,1020.8,2.7,0.1,0.2,15,18,253,12,100
2025-07-25T05:30,10.76,27.24,100.64,1020.79,2.6,0.1,0.2,20,25,247,12.4,100
2025-07-25T06:00,10.51,27.26,100.63,1020.84,2.4,0.1,0.3,22,27,250,12.9,100
2025-07-25T06:30,10.45,27.29,100.61,1020.87,2.5,0.2,0.4,22,27,252,12.9,100
2025-07-25T07:00,10.4,27.32,100.6,1020.9,2.5,0.2,0.3,18,24,257,12.5,100
2025-07-25T07:30,10.14,27.4,100.57,1021.01,2.6,0.2,0.7,15,19,255,12.2,100
2025-07-25T08:00,10.02,27.38,100.58,1021.01,2.7,0.2,0.2,15,19,245,12,100
2025-07-25T08:30,9.67,27.47,100.61,1021.14,2.6,0.1,0.2,16,19,238,11.9,100
2025-07-25T09:00,9.26,27.62,100.62,1021.32,2.6,0.1,0.3,15,22,238,11.7,100
2025-07-25T09:30,9.23,27.63,100.67,1021.33,2.6,0.1,0.2,14,16,247,11.7,100
2025-07-25T10:00,9.16,27.67,100.68,1021.37,2.5,0.1,0.2,12,14,281,11.2,100
2025-07-25T10:30,9.45,27.49,100.68,1021.19,2.6,0.1,0.2,11,14,271,12.1,100
2025-07-25T11:00,9.48,27.5,100.69,1021.18,2.5,0.1,0.3,9,11,251,12.1,100
2025-07-25T11:30,9.5,27.5,100.71,1021.18,3.1,0.2,0.4,11,13,263,11.8,100
2025-07-25T12:00,9.65,27.46,100.75,1021.13,2.9,0.1,0.2,15,18,261,11.8,100
2025-07-25T12:30,9.84,27.36,100.770004,1021.03,3.2,0.1,0.1,15,17,256,12.8,100
2025-07-25T13:00,9.77,27.47,100.770004,1021.12,0,0,0,16,18,242,12.1,100
2025-07-25T13:30,10.17,27.44,100.72,1021.03,0,0,0,12,13,285,11.3,100
2025-07-25T14:00,10.62,27.45,100.72,1020.97,0,0,0,15,16,258,11,100
2025-07-25T14:30,11.1,27.42,100.740005,1020.87,0,0,0,16,18,249,11,100
2025-07-25T15:00,11.15,27.26,100.759995,1020.74,0,0,0,17,20,241,11.1,100
2025-07-25T16:00,11.22,27.17,100.759995,1020.66,0,0,0,17,21,240,10.3,100
2025-07-25T16:30,10.48,27.04,100.75,1020.68,0,0,0,14,17,246,10.9,100
2025-07-25T17:00,11.02,27.14,100.75,1020.66,0,0,0,14,17,249,10.9,100
2025-07-25T17:30,9.71,26.91,100.740005,1020.69,0,0,0,13,16,250,11.4,100
2025-07-25T18:00,10,27.01,100.770004,1020.73,0,0,0,16,19,251,11,100
2025-07-25T18:30,10.17,27.05,100.79,1020.73,0,0,0,15,18,251,11.9,100
2025-07-25T19:00,9.8,26.99,100.8,1020.74,2.5,0.1,0.2,17,19,273,11.5,100
2025-07-25T19:30,9.44,26.95,100.8,1020.76,2.3,0.2,0.3,16,19,306,11.6,100
2025-07-25T20:00,10.52,27.17,100.88,1020.76,2.4,0.2,0.3,22,26,328,15.9,71
2025-07-25T20:30,11.08,27.32,100.9,1020.79,2.5,0.1,0.3,21,27,336,15.1,71
2025-07-25T21:00,10.57,27.56,100.93,1021.07,2.5,0.3,0.5,26,31,335,15.1,65
2025-07-25T21:30,10.54,27.61,100.96,1021.11,2.7,0.4,0.6,22,27,322,15.6,67
2025-07-25T22:00,10.09,27.67,100.990005,1021.22,2.7,0.4,0.6,17,21,336,14.6,72
2025-07-25T22:30,10.14,27.7,101.020004,1021.24,2.6,0.3,0.5,20,26,339,16.1,65
2025-07-25T23:00,10.64,27.6,101.08,1021.08,2.6,0.3,0.6,19,23,319,14.4,72
2025-07-25T23:30,10.24,27.44,101.1,1021.02,2.7,0.3,0.7,16,21,341,14.3,71
2025-07-26T00:00,10.04,27.23,101.15,1020.89,2.6,0.3,0.5,13,17,316,14.2,72
2025-07-26T00:30,11.25,26.91,101.19,1020.45,2.8,0.3,0.5,12,17,338,13.8,74
2025-07-26T01:00,11.13,26.89,101.229996,1020.45,2.8,0.3,0.5,16,22,340,15.1,69
2025-07-26T01:30,10.72,27.01,101.3,1020.61,2.8,0.2,0.4,11,16,306,13.8,75
2025-07-26T02:00,11.2,26.86,101.32,1020.42,2.5,0.2,0.3,9,14,301,13.5,76
2025-07-26T02:30,10.05,27.39,101.340004,1021.02,2.7,0.2,0.3,15,18,296,13.5,75
2025-07-26T03:00,9.8,27.36,101.36,1021.03,2.8,0.1,0.2,14,17,284,13.5,72
2025-07-26T03:30,9.36,27.17,101.36,1020.95,2.8,0.1,0.2,10,13,281,12.4,76
2025-07-26T04:30,8.13,27,101.340004,1020.98,0,0,0,14,16,287,11.2,81
2025-07-26T05:00,8.15,27.08,101.36,1021.05,0,0,0,17,20,292,10.9,83
2025-07-26T05:30,7.76,27.06,101.38,1021.09,0,0,0,16,18,291,10.7,85
2025-07-26T06:30,8.06,27.1,101.44,1021.07,0,0,0,11,13,294,10.4,89
2025-07-26T07:00,8.21,27.1,101.44,1021.05,0,0,0,13,16,298,10.6,87
2025-07-26T07:30,8.32,27.12,101.479996,1021.05,0,0,0,18,21,303,11,85
2025-07-26T08:30,8.26,27.12,101.520004,1021.06,2.3,0.2,0.3,20,24,315,11.7,81
2025-07-26T09:00,8.27,27.13,101.56,1021.07,2.4,0.2,0.3,17,21,304,10.7,86
2025-07-26T09:30,8.28,27.15,101.6,1021.09,2.4,0.2,0.3,18,22,306,10.9,85
2025-07-26T10:00,8.38,27.12,101.63,1021.04,2.3,0.2,0.3,19,23,314,10.7,86
2025-07-26T10:30,8.54,27.14,101.7,1021.04,2.5,0.2,0.4,20,25,320,10.7,85
2025-07-26T11:30,8.63,27.12,101.759995,1021.01,2.3,0.2,0.3,14,16,320,10.7,87
2025-07-26T12:30,8.68,27.12,101.770004,1021.01,2.5,0.1,0.3,9,11,337,11.2,85
2025-07-26T13:00,8.8,27.09,101.78,1020.97,2.5,0.2,0.3,7,10,295,11.6,84
2025-07-26T13:30,9.08,27.13,101.8,1020.95,2.6,0.1,0.2,6,8,279,11.7,84
2025-07-26T14:00,9.19,27.11,101.78,1020.92,3.5,0.2,0.3,14,18,227,10.4,88
2025-07-26T14:30,9.24,27.18,101.78,1020.97,2.5,0.1,0.2,18,22,222,10.4,88
2025-07-26T15:00,9.24,27.24,101.79,1021.02,2.7,0.1,0.2,18,21,229,10.5,87
2025-07-26T16:00,8.57,26.72,101.729996,1020.71,0,0,0,21,25,232,11.4,82
2025-07-26T16:30,8.61,26.63,101.7,1020.63,2.4,0.1,0.2,20,23,224,11.4,82
2025-07-26T17:00,8.58,26.67,101.65,1020.67,2.3,0.1,0.2,20,24,216,11,82
2025-07-26T17:30,8.35,26.82,101.64,1020.82,2.2,0.1,0.2,19,25,240,11,81
2025-07-26T18:00,8.47,26.91,101.62,1020.87,2.4,0.1,0.2,23,28,246,11.2,82
2025-07-26T18:30,8.54,26.87,101.590004,1020.83,2.4,0.2,0.5,21,27,241,11.4,80
2025-07-26T19:00,8.55,26.93,101.55,1020.87,2.5,0.3,0.6,19,26,238,11.9,74
2025-07-26T19:30,8.67,26.94,101.53,1020.87,2.5,0.2,0.4,13,17,226,11.7,76
2025-07-26T20:00,8.79,26.95,101.47,1020.86,2.6,0.2,0.4,23,30,237,13.4,68
2025-07-26T20:30,8.71,26.99,101.45,1020.9,2.6,0.3,0.5,16,21,221,13.1,70
2025-07-26T21:00,8.7,26.99,101.44,1020.9,2.8,0.3,0.5,13,16,294,12,75
2025-07-26T21:30,8.62,26.94,101.409996,1020.87,2.7,0.3,0.5,15,21,242,11.3,79
2025-07-26T22:00,8.74,27,101.36,1020.9,2.8,0.2,0.7,17,23,243,11.6,78
2025-07-26T22:30,8.6,26.92,101.36,1020.86,2.7,0.2,0.5,17,22,248,11.5,78
2025-07-26T23:00,8.59,26.92,101.340004,1020.87,2.8,0.2,0.4,18,25,237,11.9,76
2025-07-26T23:30,8.38,26.96,101.35,1020.92,2.6,0.2,0.4,19,24,247,11.9,76
2025-07-27T00:00,8.28,27.07,101.32,1021.02,2.6,0.3,0.5,22,28,249,12.3,76
2025-07-27T00:30,8.44,27.09,101.3,1021.02,2.5,0.3,0.5,26,32,235,12.3,74
2025-07-27T01:00,8.31,27.07,101.28,1021.02,2.6,0.3,0.5,23,29,224,13.6,76
2025-07-27T01:30,8.22,26.99,101.28,1020.96,2.6,0.2,0.4,18,24,204,12.7,78
2025-07-27T02:00,8.7,27.04,101.240005,1020.94,2.6,0.2,0.3,21,24,216,12.6,77
2025-07-27T02:30,8.5,27.06,101.22,1020.99,2.5,0.2,0.4,21,25,212,13,74
2025-07-27T03:00,8.36,27.07,101.18,1021.01,2.7,0.2,0.3,23,28,212,13.3,72
2025-07-27T03:30,8.32,27.05,101.159996,1021,2.6,0.2,0.4,25,32,214,14.2,67
2025-07-27T04:00,8.27,27.05,101.13,1021.01,2.3,0.2,0.4,20,25,217,12.9,71
2025-07-27T04:30,7.76,27.24,101.11,1021.22,2.4,0.2,0.4,19,23,237,11.6,77
2025-07-27T05:00,7.8,27.29,101.12,1021.26,2.7,0.2,0.3,18,23,246,11.6,77
2025-07-27T05:30,7.86,27.25,101.04,1021.22,2.5,0.2,0.4,17,22,243,10.6,86
2025-07-27T06:00,7.87,27.29,101.020004,1021.25,2.9,0.2,0.3,17,22,238,10.3,90
2025-07-27T06:30,7.98,27.37,100.96,1021.3,2.7,0.2,0.3,19,24,224,10.3,87
2025-07-27T07:00,8.16,27.44,100.93,1021.32,2.8,0.2,0.3,18,23,220,11.1,86
2025-07-27T07:30,8.32,27.45,100.9,1021.31,2.8,0.1,0.3,15,19,216,11.3,86
2025-07-27T08:00,8.52,27.41,100.87,1021.25,2.9,0.2,0.5,14,19,206,11,89
2025-07-27T08:30,8.49,27.3,100.87,1021.18,3,0.3,0.5,17,23,233,11.6,88
2025-07-27T09:00,8.43,27.26,100.87,1021.15,3.2,0.5,0.9,25,34,246,12.2,85
2025-07-27T09:30,8.24,27.24,100.85,1021.16,3.4,0.8,1.3,20,27,229,11.3,88
2025-07-27T10:00,8.19,27.23,100.81,1021.16,3.2,0.6,1.1,24,32,228,11.4,89
2025-07-27T10:30,8.04,27.15,100.81,1021.12,3.3,0.7,1.5,25,32,234,11.2,90
2025-07-27T11:00,7.93,27.16,100.83,1021.14,3.3,0.7,1.3,21,28,236,11.3,88
2025-07-27T11:30,7.94,27.21,100.81,1021.18,3.4,0.8,1.2,22,28,239,11,90
2025-07-27T12:00,7.8,27.25,100.79,1021.22,3.6,0.8,1.2,26,35,247,12.1,86
2025-07-27T12:30,7.77,27.22,100.759995,1021.21,3.3,0.8,1.6,25,32,250,12.2,86
2025-07-27T13:00,7.75,27.25,100.740005,1021.24,3.5,0.9,1.7,26,33,241,12,87
2025-07-27T13:30,8,27.35,100.72,1021.28,3.4,1,1.7,25,32,250,12,87
2025-07-27T14:00,8.17,27.48,100.71,1021.36,3.5,0.8,1.4,32,42,244,12.1,86
2025-07-27T14:30,7.83,27.59,100.68,1021.49,3.4,0.9,1.7,37,49,245,13.3,84
2025-07-27T15:00,7.75,27.61,100.62,1021.51,3.3,0.9,1.5,35,47,245,13.5,83
2025-07-27T15:30,7.74,27.63,100.62,1021.53,3.4,0.9,1.3,36,49,245,13.7,82
2025-07-27T16:00,7.96,27.63,100.57,1021.5,3.6,1,1.5,37,46,246,13.5,83
2025-07-27T16:30,8.29,27.65,100.53,1021.47,3.5,0.9,1.3,36,47,248,13.7,83
2025-07-27T17:30,6.95,27.58,100.490005,1021.59,3.5,0.9,1.6,30,37,256,12.9,86
2025-07-27T18:00,7.09,27.62,100.479996,1021.61,3.9,1.1,1.8,29,38,254,13.1,86
2025-07-27T19:00,6.78,27.73,100.409996,1021.73,4,1.3,2,40,54,252,14.8,82
2025-07-27T19:30,7.83,27.72,100.39,1021.59,4.3,1.4,2.1,39,52,242,14.2,84
2025-07-27T20:00,7.81,27.69,100.409996,1021.57,4.1,1.2,2,36,46,246,13.7,87
2025-07-27T20:30,7.61,27.63,100.409996,1021.55,3.9,1.1,1.6,32,43,242,13.6,86
2025-07-27T21:00,7.94,27.59,100.43,1021.47,4,1,1.8,36,45,248,13,89
2025-07-27T21:30,7.95,27.6,100.490005,1021.48,4.1,1.1,2,28,35,255,13.7,92
2025-07-27T22:00,8.03,27.63,100.590004,1021.49,4.1,0.9,1.4,19,25,264,13.4,87
2025-07-27T22:30,7.83,27.65,100.55,1021.53,4.3,0.9,1.7,6,10,228,13.7,86
2025-07-27T23:00,7.6,27.73,100.63,1021.62,4,0.8,1.4,10,15,232,10.4,90
2025-07-27T23:30,7.76,27.82,100.64,1021.68,4.2,0.7,1.2,17,22,234,11,92
2025-07-28T00:00,7.79,27.87,100.64,1021.71,3.8,0.6,1,15,21,233,12.7,87
2025-07-28T00:30,7.57,27.93,100.69,1021.79,3.7,0.5,1,12,16,239,12.4,88
2025-07-28T01:00,7.51,27.98,100.729996,1021.84,3.5,0.4,0.7,6,11,233,11.2,93
2025-07-28T01:30,7.43,28.03,100.729996,1021.88,3.2,0.4,0.7,6,10,288,11.4,91
2025-07-28T02:00,7.55,27.97,100.740005,1021.82,3,0.3,0.5,17,21,274,10.6,90
2025-07-28T02:30,7.8,27.87,100.759995,1021.71,2.9,0.3,0.5,13,18,282,10.4,92
2025-07-28T03:00,7.69,27.65,100.78,1021.55,2.7,0.2,0.3,13,17,269,10.4,96
2025-07-28T03:30,7.67,27.62,100.840004,1021.53,2.7,0.2,0.3,17,22,236,10.8,99
2025-07-28T04:00,7.9,27.61,100.86,1021.49,2.8,0.2,0.4,20,24,243,11.1,98
2025-07-28T04:30,8,27.62,100.85,1021.49,2.7,0.2,0.3,19,23,242,11.4,98
2025-07-28T05:00,7.96,27.61,100.87,1021.48,2.5,0.2,0.3,19,23,243,11.8,96
2025-07-28T05:30,7.98,27.59,100.909996,1021.47,2.5,0.2,0.4,18,21,253,11.7,97
2025-07-28T06:00,7.99,27.63,100.92,1021.5,2.4,0.2,0.3,18,23,255,12.3,95
2025-07-28T06:30,7.95,27.69,100.96,1021.55,2.6,0.2,0.3,19,24,258,11.9,99
2025-07-28T07:00,7.96,27.7,101.009995,1021.56,2.5,0.2,0.4,22,27,252,11.9,100
2025-07-28T08:00,7.88,27.75,101.08,1021.61,2.6,0.2,0.5,18,22,244,10.4,100
2025-07-28T08:30,7.88,27.73,101.08,1021.59,2.6,0.2,0.3,17,22,268,10.9,100
2025-07-28T09:30,7.3,27.63,101.08,1021.59,2.6,0.2,0.3,12,16,275,10.7,99
2025-07-28T10:00,7.35,27.66,101.12,1021.6,2.6,0.2,0.3,13,17,269,11.3,95
2025-07-28T10:30,7.66,27.79,101.22,1021.67,2.6,0.1,0.3,15,18,281,9.9,96
2025-07-28T11:00,7.61,27.79,101.28,1021.67,2.6,0.1,0.2,11,15,310,11.5,96
2025-07-28T11:30,7.46,27.77,101.35,1021.67,2.6,0.1,0.2,14,17,331,12,85
2025-07-28T12:00,7.63,27.7,101.340004,1021.6,2.6,0.1,0.2,13,15,294,13.4,82
2025-07-28T13:00,8.03,27.74,101.44,1021.58,2.9,0.1,0.2,10,17,299,13.9,77
2025-07-28T13:30,7.94,27.78,101.47,1021.62,2.7,0.1,0.2,6,9,219,13.7,80
2025-07-28T14:00,8.11,27.79,101.45,1021.61,2.6,0.1,0.2,3,5,242,15.4,72
2025-07-28T14:30,8.28,27.84,101.47,1021.62,2.7,0.1,0.2,15,18,256,11.7,86
2025-07-28T15:00,8.66,27.77,101.47,1021.52,2.6,0.1,0.2,12,14,260,13.2,80
2025-07-28T15:30,8.45,27.71,101.44,1021.5,3.1,0.1,0.2,12,14,234,12,86
2025-07-28T16:00,8.11,27.76,101.43,1021.58,3,0.1,0.2,12,14,233,11.4,88
2025-07-28T16:30,8.61,27.72,101.38,1021.49,3.2,0.1,0.1,11,12,205,11.4,89
2025-07-28T17:00,8.92,27.6,101.4,1021.35,0,0,0,14,16,225,12.1,85
2025-07-28T17:30,8.86,27.74,101.37,1021.47,0,0,0,9,11,212,12.1,86
2025-07-28T18:00,9.03,27.76,101.35,1021.46,0,0,0,11,13,225,12.9,84
2025-07-28T18:30,9.96,27.85,101.35,1021.39,0,0,0,14,15,226,13.4,81
2025-07-28T19:00,10.29,27.9,101.340004,1021.38,0,0,0,13,15,223,14,79
2025-07-28T19:30,10.63,27.88,101.29,1021.3,0,0,0,14,15,207,16,70
2025-07-28T20:00,10.78,27.86,101.28,1021.26,4.8,0.1,0.1,9,12,189,13,83
2025-07-28T21:00,10.56,27.72,101.259995,1021.19,0,0,0,11,14,160,14,79
2025-07-28T21:30,10.68,27.84,101.259995,1021.26,0,0,0,7,8,200,15.8,68
2025-07-28T22:00,10.92,27.84,101.259995,1021.23,0,0,0,9,9,150,15.2,71
2025-07-28T22:30,11.1,27.81,101.229996,1021.17,0,0,0,10,11,153,15,72
2025-07-28T23:00,10.66,27.8,101.240005,1021.24,0,0,0,9,10,178,15,61
2025-07-28T23:30,10.46,27.81,101.19,1021.27,0,0,0,10,11,182,17,56
2025-07-29T00:00,10.22,27.84,101.15,1021.34,0,0,0,12,15,167,15.2,70
2025-07-29T00:30,10.36,27.84,101.13,1021.31,4.4,0.1,0.2,9,10,125,13.9,78
2025-07-29T01:00,10.35,27.84,101.13,1021.32,0,0,0,8,10,98,13.3,84
2025-07-29T01:30,10.67,27.86,101.11,1021.28,0,0,0,9,10,120,13.7,85
2025-07-29T02:00,10.5,27.87,101.159996,1021.32,0,0,0,2,3,23,13.6,86
2025-07-29T02:30,10.5,27.82,101.159996,1021.27,0,0,0,1,2,182,12.9,90
2025-07-29T03:30,10.56,27.83,101.08,1021.28,0,0,0,9,10,163,13,94
2025-07-29T04:00,10.41,27.82,101.1,1021.29,0,0,0,4,8,319,12.6,98
2025-07-29T04:30,10.35,27.85,101.03,1021.32,0,0,0,7,7,80,13.9,94
2025-07-29T05:00,10.48,27.76,100.979996,1021.23,0,0,0,19,22,40,12.9,89
2025-07-29T05:30,9.7,27.81,100.95,1021.4,3.1,0.2,0.5,17,21,32,11.8,95
2025-07-29T06:00,9.88,27.82,100.92,1021.38,0,0,0,20,25,41,11.8,96
2025-07-29T06:30,9.8,27.96,100.87,1021.5,2.8,0.1,0.1,20,25,56,11.8,96
2025-07-29T07:00,9.49,28.03,100.89,1021.6,2.7,0.1,0.2,18,24,44,11.5,96
2025-07-29T07:30,9.36,28.02,100.9,1021.61,2.5,0.2,0.4,21,25,39,11.9,98
2025-07-29T08:00,9.35,28.01,100.89,1021.61,2.5,0.2,0.3,15,18,40,11.4,97
2025-07-29T08:30,9.15,28.02,100.9,1021.64,2.6,0.2,0.3,13,17,33,11.2,98
2025-07-29T09:00,9.17,28.01,100.88,1021.63,2.7,0.2,0.3,13,17,41,11.4,99
2025-07-29T09:30,9.27,28.02,100.909996,1021.63,2.9,0.2,0.3,9,13,8,10.8,99
2025-07-29T10:00,8.57,28.12,100.96,1021.8,2.8,0.2,0.3,9,11,346,10.7,99
2025-07-29T10:30,8.78,28.07,101.020004,1021.73,3,0.1,0.2,9,12,318,10.4,99
2025-07-29T11:00,8.78,28.1,101.07,1021.76,3.1,0.1,0.2,9,13,271,10.4,99
2025-07-29T11:30,9.01,27.97,101.08,1021.62,2.8,0.1,0.2,10,13,235,10.1,99
2025-07-29T12:00,9.25,28.04,101.13,1021.64,3,0.1,0.2,14,18,252,9.8,99
2025-07-29T12:30,8.96,28.06,101.18,1021.7,3.3,0.1,0.2,14,18,248,9.4,100
2025-07-29T13:00,9.29,28.03,101.17,1021.63,0,0,0,13,17,246,9.4,100
2025-07-29T13:30,9.67,27.93,101.17,1021.49,0,0,0,11,14,249,9.8,100
2025-07-29T14:00,9.38,27.92,101.229996,1021.53,0,0,0,13,15,248,9.9,100
2025-07-29T14:30,9.05,27.9,101.25,1021.56,0,0,0,15,18,267,10,99
2025-07-29T15:00,8.82,27.91,101.3,1021.61,0,0,0,15,19,257,9.8,99
2025-07-29T15:30,8.73,27.92,101.28,1021.63,2.9,0.1,0.1,10,14,245,9.8,100
2025-07-29T17:00,8.88,27.93,101.340004,1021.61,0,0,0,11,14,245,10.1,98
2025-07-29T17:30,8.9,27.93,101.33,1021.61,0,0,0,12,14,214,10.7,98
2025-07-29T18:00,8.6,27.98,101.33,1021.69,0,0,0,15,18,226,10.5,97
2025-07-29T18:30,9.13,27.93,101.340004,1021.57,0,0,0,19,21,239,10.9,96
2025-07-29T19:00,9.37,27.93,101.33,1021.54,3.5,0.1,0.2,18,22,236,10.6,95
2025-07-29T19:30,9.56,27.88,101.32,1021.47,0,0,0,18,22,230,10.6,94
2025-07-29T20:00,9.36,27.9,101.3,1021.52,2.6,0.1,0.1,18,21,219,10.5,95
2025-07-29T22:30,8.94,27.97,101.229996,1021.64,2.4,0.2,0.3,20,26,241,12.2,88
2025-07-29T23:00,8.65,27.99,101.229996,1021.69,2.5,0.3,0.5,20,26,235,12.3,86
2025-07-29T23:30,8.36,28.01,101.229996,1021.74,2.5,0.2,0.5,25,32,239,13.4,84
2025-07-30T00:00,8.07,28.04,101.22,1021.81,2.8,0.4,0.6,22,30,237,12.5,86
2025-07-30T00:30,7.7,28.1,101.25,1021.9,2.8,0.4,0.7,24,32,242,12.6,84
2025-07-30T01:00,7.4,28.19,101.240005,1022.01,2.9,0.5,0.7,29,37,247,12.4,84
2025-07-30T01:30,7.42,28.21,101.28,1022.03,2.9,0.5,0.8,25,31,243,11.5,89
2025-07-30T02:00,7.6,28.23,101.31,1022.02,2.9,0.4,0.7,21,28,244,11.1,90
2025-07-30T02:30,7.79,28.27,101.33,1022.03,3,0.4,0.6,17,22,258,10.6,92
2025-07-30T03:00,7.9,28.28,101.340004,1022.02,2.9,0.4,0.7,16,20,261,10.1,93
2025-07-30T04:00,8.47,28.24,101.340004,1021.91,2.8,0.3,0.5,17,24,244,10.1,92
2025-07-30T04:30,8.32,28.25,101.340004,1021.94,2.9,0.3,0.5,20,27,257,10.5,90
2025-07-30T05:00,8.25,28.26,101.340004,1021.96,2.8,0.4,1.3,22,30,259,11.5,87
2025-07-30T05:30,8.26,28.27,101.3,1021.97,2.6,0.4,0.7,18,25,249,11.1,88
2025-07-30T06:00,7.94,28.27,101.31,1022.01,2.6,0.4,0.6,20,27,237,11,90
2025-07-30T06:30,8.48,28.17,101.259995,1021.85,2.5,0.3,0.4,18,23,253,11,88
2025-07-30T07:00,8.48,28.16,101.229996,1021.84,2.4,0.3,0.5,17,21,248,11.2,89
2025-07-30T07:30,8.39,28.23,101.22,1021.91,2.5,0.2,0.4,11,15,233,9.7,93
2025-07-30T08:00,8.81,28.21,101.3,1021.84,2.5,0.1,0.2,14,17,257,10.1,90
2025-07-30T08:30,8.86,28.19,101.33,1021.82,2.6,0.1,0.5,17,21,283,10.1,94
2025-07-30T09:00,8.92,28.18,101.35,1021.8,2.5,0.1,0.2,15,19,275,10.6,95
2025-07-30T09:30,8.82,28.16,101.35,1021.8,2.4,0.2,0.3,11,14,273,11.2,94
2025-07-30T10:00,8.73,28.15,101.37,1021.8,2.6,0.2,0.3,17,22,224,10.1,98
2025-07-30T10:30,8.69,28.15,101.38,1021.81,2.5,0.2,0.3,17,21,231,9.8,99
2025-07-30T11:30,8.65,28.15,101.4,1021.81,2.5,0.2,0.3,15,19,256,9.7,99
2025-07-30T12:00,8.66,28.15,101.44,1021.81,2.5,0.2,0.2,13,16,264,9.8,98
2025-07-30T12:30,8.6,28.15,101.44,1021.82,2.6,0.1,0.3,17,20,262,10.7,100
2025-07-30T13:00,8.52,28.16,101.43,1021.84,2.8,0.1,0.2,14,17,261,10.6,100
2025-07-30T13:30,8.62,28.18,101.43,1021.84,2.6,0.1,0.2,16,20,269,10.6,100
2025-07-30T14:00,8.7,28.2,101.409996,1021.85,2.5,0.1,0.2,16,21,260,10.2,100
2025-07-30T14:30,8.81,28.19,101.4,1021.82,2.8,0.2,0.3,16,19,255,9.4,100
2025-07-30T15:00,8.89,28.14,101.4,1021.77,3.1,0.2,0.3,18,22,247,9.4,100
2025-07-30T15:30,8.93,28.14,101.37,1021.77,2.8,0.2,0.4,16,22,252,9.6,100
2025-07-30T16:00,9.06,28.14,101.37,1021.75,2.8,0.2,0.3,18,24,246,11.2,100
2025-07-30T16:30,9.07,28.14,101.36,1021.75,2.4,0.2,0.3,17,24,239,11.1,100
2025-07-30T17:00,9.19,28.14,101.33,1021.73,2.4,0.2,0.3,19,23,234,11.5,100
2025-07-30T17:30,9.35,28.15,101.32,1021.71,2.4,0.2,0.3,19,23,245,11.5,100
2025-07-30T18:00,9.36,28.11,101.28,1021.68,2.4,0.1,0.3,19,24,239,11.5,100
2025-07-30T18:30,9.52,28.14,101.259995,1021.68,2.2,0.1,0.2,23,28,234,12.2,98
2025-07-30T19:00,9.75,28.19,101.229996,1021.68,2.8,0.1,0.2,18,21,240,12.3,96
2025-07-30T19:30,9.29,28.3,101.2,1021.84,2.3,0.1,0.1,14,16,245,12.4,89
2025-07-30T20:00,9.03,28.35,101.19,1021.92,2.5,0.1,0.2,16,19,230,12.2,92
2025-07-30T20:30,8.99,28.4,101.17,1021.96,2.6,0.1,0.1,11,13,237,12,90
2025-07-30T21:00,8.82,28.4,101.15,1021.99,2.5,0.1,0.2,18,21,235,12.1,92
2025-07-30T21:30,8.74,28.41,101.14,1022.01,2.6,0.1,0.2,8,10,258,12,88
2025-07-30T22:00,8.77,28.44,101.15,1022.02,2.8,0.1,0.3,11,14,247,12,83
2025-07-30T22:30,9.76,28.19,101.159996,1021.68,2.8,0.1,0.1,13,17,257,11.9,85
2025-07-30T23:00,9.57,28.21,101.18,1021.73,2.7,0.1,0.2,12,15,285,11.4,87
2025-07-30T23:30,9.36,28.22,101.18,1021.76,2.7,0.1,0.3,12,14,245,10.8,89
2025-07-31T00:00,9.13,28.2,101.2,1021.79,3.1,0.1,0.1,16,19,265,12.1,80
2025-07-31T00:30,8.97,28.23,101.270004,1021.83,0,0,0,10,13,326,12.1,78
2025-07-31T01:00,8.61,28.26,101.33,1021.9,2.6,0.1,0.1,13,15,340,12.5,80
2025-07-31T01:30,9,28.3,101.36,1021.88,2.5,0.1,0.1,15,19,323,15.4,66
2025-07-31T02:30,9.32,28.31,101.39,1021.84,2.5,0.1,0.2,8,11,296,12.8,76
2025-07-31T03:00,9.4,28.25,101.409996,1021.79,2.5,0.1,0.2,12,15,300,11.9,81
2025-07-31T03:30,9.13,28.33,101.44,1021.89,2.4,0.1,0.2,12,15,282,11.5,84
2025-07-31T04:00,10.46,27.28,101.45,1020.86,2.5,0.1,0.3,16,19,279,11.8,82
2025-07-31T04:30,10.52,27.33,101.47,1020.9,2.5,0.1,0.2,16,20,280,11.8,81
2025-07-31T05:00,9.9,27.98,101.490005,1021.49,2.5,0.1,0.2,18,21,292,12.2,78
2025-07-31T05:30,9.82,27.81,101.509995,1021.38,2.5,0.1,0.2,17,21,281,11.9,80
2025-07-31T06:30,8.76,28.25,101.53,1021.88,2.4,0.1,0.2,18,22,284,12.1,77
2025-07-31T07:00,8.9,28.27,101.56,1021.87,2.5,0.1,0.1,18,21,292,11.5,80
2025-07-31T07:30,8.76,28.46,101.57,1022.04,2.3,0.1,0.2,18,22,278,10.6,84
2025-07-31T08:00,8.71,28.48,101.61,1022.07,0,0,0,20,23,286,10.9,82
2025-07-31T08:30,8.71,28.49,101.65,1022.07,0,0,0,19,22,291,10.4,86
2025-07-31T09:00,8.66,28.49,101.68,1022.08,2.4,0.1,0.3,17,21,301,10.4,85
2025-07-31T09:30,8.71,28.49,101.729996,1022.08,0,0,0,14,16,295,10.3,85
2025-07-31T10:30,8.9,28.51,101.83,1022.06,0,0,0,9,11,231,9.9,87
2025-07-31T11:00,9.03,28.52,101.87,1022.05,0,0,0,10,13,279,9.9,80
2025-07-31T11:30,9.7,27.79,101.9,1021.38,2.9,0.1,0.2,7,9,266,10.5,84
2025-07-31T12:00,10.12,27.54,101.92,1021.12,2.5,0.1,0.2,9,11,280,10.8,85
2025-07-31T12:30,10.57,27.22,101.93,1020.8,2.7,0.1,0.2,20,24,358,12.3,71
2025-07-31T13:00,10.78,26.94,101.93,1020.55,2.4,0.1,0.2,10,14,316,12.5,68
2025-07-31T13:30,11.12,26.57,101.979996,1020.21,2.3,0.1,0.2,11,15,226,11.4,85
2025-07-31T14:30,11.59,26.21,101.979996,1019.85,2.9,0.1,0.1,11,13,248,11.4,83
2025-07-31T15:00,11.91,26.15,101.97,1019.75,0,0,0,12,16,238,11.1,84
2025-07-31T15:30,12.03,26.18,101.97,1019.75,3.9,0.1,0.1,8,10,243,11.9,85
2025-07-31T16:00,12.31,26.14,101.97,1019.67,0,0,0,11,13,227,11.7,80
2025-07-31T16:30,12.46,26.22,101.97,1019.7,0,0,0,12,14,220,11.7,81
2025-07-31T17:00,12.54,26.26,101.97,1019.72,0,0,0,14,16,207,11.8,83
2025-07-31T18:00,12.61,26.54,101.97,1019.92,0,0,0,15,17,208,12.5,78
2025-07-31T18:30,11.89,26.9,101.97,1020.33,0,0,0,17,20,219,12.8,75
2025-07-31T19:00,12.19,26.95,101.97,1020.32,0,0,0,15,18,231,13.5,72
2025-07-31T19:30,12.3,27.02,101.979996,1020.36,0,0,0,8,10,268,12.5,80
2025-07-31T20:00,12.11,27.27,101.979996,1020.58,0,0,0,12,13,256,12.7,79
2025-07-31T20:30,12.15,27.67,101.979996,1020.88,0,0,0,8,9,230,13,72
2025-07-31T21:00,11.44,28.14,101.97,1021.37,0,0,0,8,9,208,13.5,72
2025-07-31T22:00,10.35,28.51,102,1021.84,0,0,0,10,12,239,13.5,70
2025-07-31T22:30,10.27,28.51,102.009995,1021.85,0,0,0,12,13,239,13.8,65
2025-07-31T23:00,9.92,28.55,102.03,1021.94,0,0,0,13,14,258,13.9,66
2025-07-31T23:30,10.01,28.52,102.05,1021.9,0,0,0,5,6,253,13.5,66
2025-08-01T00:00,10.98,28.06,102.05,1021.39,0,0,0,6,8,247,12.9,71
2025-08-01T00:30,11.77,27.58,102.06,1020.88,0,0,0,8,10,247,12.4,75
2025-08-01T01:00,11.72,26.95,102.11,1020.4,3.9,0.1,0.2,12,13,255,12.4,73
2025-08-01T01:30,11.71,26.99,102.14,1020.43,4.3,0.1,0.3,16,18,292,13.9,69
2025-08-01T02:00,11.91,26.6,102.15,1020.1,0,0,0,10,12,279,13.2,72
2025-08-01T02:30,12.18,26.37,102.159996,1019.87,0,0,0,9,11,240,12.4,76
2025-08-01T03:00,11.93,26.41,102.18,1019.94,0,0,0,10,11,263,12,81
2025-08-01T03:30,12.29,26.24,102.21,1019.75,0,0,0,8,9,278,12.1,83
2025-08-01T04:00,12.33,26.21,102.22,1019.72,0,0,0,12,14,285,12.2,83
2025-08-01T04:30,12.17,26.24,102.229996,1019.77,0,0,0,14,16,302,12.6,82
2025-08-01T05:00,12.66,26.14,102.240005,1019.61,0,0,0,16,19,312,13.2,80
2025-08-01T05:30,12.5,26.22,102.259995,1019.7,2.6,0.1,0.1,14,19,312,13.2,79
2025-08-01T06:30,12.19,26.36,102.28,1019.86,2.5,0.1,0.4,13,17,317,13.2,78
2025-08-01T07:00,12,26.59,102.3,1020.07,2.5,0.1,0.1,13,17,313,13.1,78
2025-08-01T07:30,12.51,26.32,102.31,1019.77,2.4,0.1,0.2,5,8,233,12.6,78
2025-08-01T08:00,12.07,26.63,102.32,1020.09,2.6,0.1,0.1,10,12,269,11.2,82
2025-08-01T08:30,12.34,26.34,102.340004,1019.82,2.7,0.1,0.2,15,18,255,10.7,84
2025-08-01T09:00,12.08,26.47,102.36,1019.97,0,0,0,14,16,239,10.6,86
2025-08-01T09:30,11.94,26.58,102.36,1020.07,3.1,0.2,0.2,15,18,255,10.4,86
2025-08-01T10:00,12.48,26.37,102.4,1019.81,2.9,0.1,0.2,16,19,256,10.5,85
2025-08-01T10:30,12.41,26.35,102.409996,1019.82,0,0,0,16,19,261,10.8,84
2025-08-01T11:00,12.21,26.51,102.45,1019.98,2.3,0.1,0.2,17,21,261,10.9,85
2025-08-01T11:30,12.43,26.4,102.46999,1019.85,2.3,0.1,0.2,15,18,252,10.5,86
2025-08-01T12:00,12.57,26.34,102.48,1019.77,2.4,0.1,0.2,16,20,229,10.6,87
2025-08-01T12:30,12.82,26.19,102.490005,1019.62,2.6,0.1,0.2,17,20,246,10.5,87
2025-08-01T13:00,13.15,25.95,102.48,1019.37,2.2,0.1,0.1,17,21,235,10.4,86
2025-08-01T13:30,13.57,25.62,102.48,1019.03,2.5,0.1,0.3,17,20,255,10.9,85
2025-08-01T14:00,13.77,25.48,102.48,1018.89,2.2,0.1,0.1,20,24,238,10.5,86
2025-08-01T14:30,14,25.23,102.46,1018.66,2.3,0.1,0.2,21,24,243,10.5,83
2025-08-01T15:00,14,25.22,102.44,1018.65,2.4,0.2,0.2,21,26,237,11.4,78
2025-08-01T15:30,14.09,25.17,102.409996,1018.59,2.4,0.2,0.3,20,26,234,11.8,78
2025-08-01T16:00,14.2,25.1,102.409996,1018.52,2.4,0.2,0.4,16,22,236,11.8,78
2025-08-01T16:30,14.38,25.01,102.39,1018.41,2.4,0.2,0.3,19,24,242,12.3,77
2025-08-01T17:00,14.4,25.04,102.38,1018.43,2.5,0.2,0.4,20,26,252,12.1,80
2025-08-01T17:30,14.27,25.28,102.36,1018.64,2.5,0.2,0.4,19,25,253,12.5,78
2025-08-01T18:00,14.3,25.27,102.340004,1018.63,2.4,0.2,0.3,16,23,259,12.9,77
2025-08-01T18:30,14.31,25.36,102.33,1018.69,2.5,0.2,0.4,17,20,262,13,78
2025-08-01T19:00,14.46,25.28,102.29,1018.61,2.4,0.1,0.3,14,20,256,13.7,76
2025-08-01T19:30,14.55,25.24,102.28,1018.55,2.3,0.1,0.2,15,18,250,13.6,74
2025-08-01T20:00,14.53,25.26,102.259995,1018.58,2.4,0.1,0.2,15,18,244,13.8,75
2025-08-01T20:30,14.61,25.23,102.25,1018.54,2.3,0.1,0.2,12,16,236,13.7,76
2025-08-01T21:00,14.6,25.26,102.229996,1018.56,2.4,0.1,0.1,15,19,238,13.7,70
2025-08-01T21:30,14.52,25.31,102.21,1018.61,0,0,0,11,14,228,13.7,73
2025-08-01T22:00,14.42,25.38,102.18,1018.69,2.5,0.1,0.1,13,19,227,14.5,67
2025-08-01T22:30,14.33,25.24,102.17,1018.6,0,0,0,16,18,239,14.2,69
2025-08-01T23:00,14.44,25.16,102.15,1018.52,0,0,0,15,18,236,14,72
2025-08-01T23:30,14.36,25.15,102.15,1018.53,0,0,0,16,20,242,13.5,73
2025-08-02T00:00,14.19,25.13,102.15,1018.54,0,0,0,17,20,254,14,71
2025-08-02T00:30,14.14,25.11,102.17,1018.54,2.6,0.1,0.1,18,22,254,14,72
2025-08-02T01:00,14.11,25.1,102.18,1018.54,2.8,0.1,0.1,17,23,255,13.7,76
2025-08-02T01:30,14.01,25.1,102.159996,1018.56,2.5,0.1,0.2,20,26,242,14.3,70
2025-08-02T02:00,13.95,25.13,102.159996,1018.59,2.3,0.1,0.3,23,30,232,13.8,73
2025-08-02T02:30,13.89,25.14,102.13,1018.61,2.2,0.1,0.3,27,34,232,13.6,74
2025-08-02T03:30,13.75,25.26,102.12,1018.73,2.6,0.3,0.6,28,37,251,13.3,78
2025-08-02T04:30,13.88,25.13,102.090004,1018.6,2.6,0.4,0.8,23,31,253,12.8,82
2025-08-02T05:00,13.96,25.11,102.090004,1018.57,2.7,0.4,0.7,22,29,256,12.6,81
2025-08-02T06:00,13.84,25.19,102.08,1018.65,2.6,0.3,0.6,23,30,250,12.5,81
2025-08-02T06:30,13.77,25.23,102.08,1018.7,2.5,0.3,0.6,24,30,256,12.5,79
2025-08-02T07:00,13.71,25.28,102.08,1018.75,2.5,0.3,0.5,25,34,258,12.2,82
2025-08-02T07:30,13.75,25.3,102.06,1018.76,2.5,0.3,0.5,24,33,252,11.9,84
2025-08-02T08:00,13.64,25.4,102.05,1018.85,2.6,0.3,0.6,21,29,235,11.7,83
2025-08-02T08:30,13.61,25.41,102.05,1018.87,2.5,0.3,0.5,21,29,246,11.3,87
2025-08-02T09:00,13.51,25.43,102.05,1018.9,2.6,0.3,0.5,20,31,249,10.9,86
2025-08-02T09:30,13.48,25.44,102.05,1018.91,2.5,0.3,0.4,18,24,243,10.7,89
2025-08-02T10:30,13.47,25.44,102.05,1018.92,2.7,0.2,0.4,18,24,241,10.7,90
2025-08-02T11:00,13.48,25.44,102.06,1018.92,2.6,0.2,0.3,18,23,229,10.6,89
2025-08-02T11:30,13.5,25.46,102.07,1018.93,2.7,0.3,0.5,19,26,236,11.2,85
2025-08-02T12:30,13.55,25.48,102.05,1018.94,2.5,0.3,0.5,25,34,249,11.4,87
2025-08-02T13:00,13.57,25.5,102.020004,1018.95,2.6,0.2,0.4,21,29,247,11.5,88
2025-08-02T13:30,13.62,25.51,102.009995,1018.94,2.7,0.3,0.5,21,34,258,11.5,88
2025-08-02T14:00,13.66,25.52,101.979996,1018.95,2.5,0.2,0.4,19,25,247,12.2,85
2025-08-02T15:00,13.77,25.56,101.94,1018.95,2.5,0.2,0.3,21,28,252,12.4,89
2025-08-02T16:00,13.85,25.59,101.88,1018.96,2.6,0.3,0.5,21,27,248,12.2,88
2025-08-02T16:30,13.98,25.61,101.86,1018.95,2.7,0.3,0.5,24,31,257,12.8,86
2025-08-02T17:00,14.07,25.59,101.83,1018.92,2.8,0.4,1.2,23,28,252,12.9,85
2025-08-02T17:30,14.15,25.59,101.78,1018.9,2.8,0.4,0.7,18,25,246,13,84
2025-08-02T18:00,14.28,25.58,101.740005,1018.87,2.8,0.3,0.6,20,26,253,13.1,83
2025-08-02T18:30,14.4,25.55,101.72,1018.83,2.8,0.3,0.5,26,33,248,13.2,83
2025-08-02T20:00,14.25,25.6,101.68,1018.89,3,0.6,1.1,31,43,244,14,82
2025-08-02T20:30,14.2,25.62,101.65,1018.91,3.1,0.6,1.6,28,37,246,13.6,82
2025-08-02T21:00,14.37,25.6,101.63,1018.87,3,0.6,0.8,24,32,258,12.6,86
2025-08-02T21:30,14.58,25.63,101.61,1018.85,3,0.5,0.9,19,25,245,12.7,85
2025-08-02T22:00,14.56,25.74,101.6,1018.94,3,0.5,0.9,28,39,252,13.9,81
2025-08-02T22:30,14.53,25.79,101.590004,1018.98,3.2,0.7,1.2,23,33,250,13.2,83
2025-08-02T23:00,14.31,25.99,101.590004,1019.18,3.2,0.6,1.8,24,33,247,13.3,83
2025-08-02T23:30,14.24,26.02,101.58,1019.22,3.1,0.5,0.9,29,39,246,13.4,85
2025-08-03T00:00,14.29,25.88,101.53,1019.1,3,0.5,0.9,26,36,243,12.9,88
2025-08-03T00:30,14.16,25.75,101.53,1019.03,3,0.5,0.8,24,31,255,12.5,88
2025-08-03T01:00,13.72,26.13,101.55,1019.4,2.9,0.5,0.9,23,31,241,12.5,90
2025-08-03T01:30,12.56,27.04,101.56,1020.32,3,0.5,0.9,19,25,253,11.8,92
2025-08-03T02:00,11.88,27.49,101.58,1020.79,3.1,0.5,0.7,14,19,245,11.5,93
2025-08-03T02:30,11.38,27.72,101.56,1021.06,2.9,0.4,0.8,25,32,249,12.1,91
2025-08-03T03:30,10.54,28.02,101.53,1021.43,2.9,0.4,0.8,18,27,238,10.8,95
2025-08-03T04:00,10.48,28.07,101.53,1021.48,2.9,0.4,0.8,22,30,236,10.9,97
2025-08-03T04:30,10.25,28.15,101.5,1021.57,2.9,0.4,0.8,18,23,238,10.6,96
2025-08-03T05:00,10.07,28.28,101.490005,1021.7,2.9,0.4,0.7,20,27,240,11.3,96
2025-08-03T05:30,9.89,28.37,101.47,1021.8,2.9,0.4,0.6,22,29,235,10.9,95
2025-08-03T06:00,9.75,28.45,101.45,1021.89,3.1,0.5,1.4,16,22,231,10.5,96
2025-08-03T06:30,9.67,28.5,101.45,1021.94,2.9,0.4,0.6,17,23,228,10.5,96
2025-08-03T07:00,9.7,28.52,101.43,1021.95,2.8,0.3,0.6,18,23,229,10.5,100
2025-08-03T07:30,9.85,28.56,101.39,1021.95,2.8,0.4,0.7,18,24,223,11.2,98
2025-08-03T08:00,9.8,28.6,101.38,1021.99,2.8,0.4,0.7,24,33,234,11.4,98
2025-08-03T08:30,9.8,28.57,101.340004,1021.97,3,0.6,1,24,30,233,11.4,98
2025-08-03T09:30,9.25,28.73,101.33,1022.18,2.7,0.5,1,16,22,226,10.4,98
2025-08-03T10:00,9.3,28.71,101.3,1022.16,2.6,0.4,0.8,21,27,232,10.8,98
2025-08-03T10:30,9.11,28.76,101.3,1022.23,2.7,0.4,0.8,22,30,238,11,96
2025-08-03T11:00,9.03,28.78,101.259995,1022.25,2.7,0.4,0.7,22,29,228,10.7,97
2025-08-03T11:30,9.01,28.79,101.240005,1022.26,2.6,0.4,0.6,17,20,243,10.7,97
2025-08-03T12:00,9.04,28.78,101.18,1022.25,2.8,0.4,0.9,26,34,224,11.8,91
2025-08-03T12:30,9.06,28.78,101.11,1022.25,3,0.6,1,23,32,233,11.2,92
2025-08-03T13:00,9.27,28.73,101.090004,1022.17,3.1,0.6,1.1,22,28,239,10.6,94
2025-08-03T13:30,9.35,28.7,101.090004,1022.14,3.2,0.7,1.2,32,45,226,10.6,94
2025-08-03T14:30,9.28,28.67,100.979996,1022.13,3.1,0.7,1.5,39,52,246,11.9,94
2025-08-03T15:00,9.51,28.63,100.96,1022.06,3.7,1,1.6,41,54,255,12.6,91
2025-08-03T15:30,9.74,28.59,100.97,1022,3.6,1,1.5,37,49,246,12.8,92
2025-08-03T16:00,9.93,28.53,100.93,1021.92,4,1.4,3.2,41,55,241,12.9,90
2025-08-03T17:00,9.03,28.69,100.909996,1022.18,4.3,1.6,2.4,45,64,243,14.1,88
2025-08-03T17:30,8.58,28.76,100.93,1022.3,4.6,1.7,3,40,51,248,13,91
2025-08-03T18:00,8.53,28.79,100.96,1022.34,4.3,1.6,2.4,42,57,251,13.2,90
2025-08-03T18:30,8.49,28.79,100.990005,1022.34,4.4,1.6,2.5,34,43,245,12.3,91
2025-08-03T19:00,8.25,28.85,100.95,1022.42,4,1.4,2.3,36,50,244,12.3,92
2025-08-03T19:30,7.75,28.95,100.979996,1022.57,4,1.4,2.6,36,45,244,12.3,93
2025-08-03T20:00,7.48,28.96,100.979996,1022.61,4,1.1,1.7,36,46,238,12.2,93
2025-08-03T20:30,7.2,28.98,101.009995,1022.66,4.3,1.3,2.2,37,47,247,12.3,91
2025-08-03T21:00,6.86,28.99,101.009995,1022.71,3.6,1.1,1.7,30,37,247,11.5,94
2025-08-03T21:30,6.75,28.96,101.020004,1022.7,3.6,1,1.4,27,36,247,11.7,92
2025-08-03T22:00,6.7,28.86,101.020004,1022.63,3.5,0.8,1.4,28,38,250,12.1,93
2025-08-03T22:30,6.83,28.81,101.03,1022.58,3.5,0.8,1.4,29,40,252,12,94
2025-08-03T23:00,6.9,28.81,101.090004,1022.57,3.4,0.8,1.2,35,47,277,12.1,100
2025-08-03T23:30,6.92,28.83,101.14,1022.58,3.2,0.7,1.1,21,26,264,11.6,92
2025-08-04T00:00,6.82,28.85,101.15,1022.6,3.4,0.7,2.1,24,30,248,11.1,95
2025-08-04T00:30,6.8,28.87,101.2,1022.62,3.3,0.6,1,24,29,261,12.2,98
2025-08-04T01:00,6.77,28.89,101.22,1022.64,3.1,0.6,0.9,25,34,249,11.8,94
2025-08-04T01:30,6.74,28.9,101.229996,1022.65,3,0.5,0.7,22,29,256,11.5,95
2025-08-04T02:00,6.72,28.91,101.25,1022.66,3.1,0.4,0.6,19,25,251,10.8,96
2025-08-04T02:30,6.69,28.92,101.259995,1022.68,3,0.3,0.5,18,23,278,10.8,96
2025-08-04T03:00,6.66,28.93,101.259995,1022.69,2.8,0.3,0.6,18,22,265,11.3,96
2025-08-04T03:30,6.64,28.93,101.259995,1022.69,2.9,0.3,0.5,21,27,260,10.3,95
2025-08-04T04:00,6.63,28.94,101.3,1022.7,2.7,0.4,0.6,23,30,262,10.9,94
2025-08-04T04:30,6.61,28.95,101.3,1022.71,2.8,0.4,0.8,25,30,271,11.3,93
2025-08-04T05:00,6.63,28.96,101.3,1022.71,2.7,0.3,0.6,24,31,273,11.3,93
2025-08-04T05:30,6.6,28.95,101.35,1022.71,2.7,0.3,0.5,26,33,269,10.8,94
2025-08-04T06:00,6.57,28.95,101.37,1022.72,2.6,0.3,0.6,19,24,280,9.5,96
2025-08-04T06:30,6.51,28.96,101.38,1022.73,2.5,0.3,0.5,16,20,268,9,98
2025-08-04T07:00,6.47,28.97,101.38,1022.74,2.6,0.2,0.4,13,16,247,8.7,97
2025-08-04T08:00,6.4,28.99,101.46,1022.76,2.6,0.2,0.4,16,19,304,8.8,97
2025-08-04T08:30,6.69,28.32,101.490005,1022.2,2.5,0.2,0.3,22,27,312,10,96
2025-08-04T09:00,6.65,28.12,101.57,1022.05,2.5,0.1,0.2,17,19,310,10,89
2025-08-04T09:30,6.57,28.01,101.61,1021.97,2.6,0.1,0.2,13,16,302,9.9,83
2025-08-04T10:00,6.54,28.04,101.68,1022,2.7,0.1,0.2,14,18,301,9.3,88
2025-08-04T10:30,6.58,28.01,101.729996,1021.97,2.7,0.1,0.2,12,14,305,9.7,87
2025-08-04T11:00,7.2,27.59,101.78,1021.57,2.9,0.1,0.2,14,15,299,9.8,88
2025-08-04T11:30,7.31,27.46,101.82,1021.45,0,0,0,16,18,302,10.4,81
2025-08-04T12:00,7.48,27.27,101.840004,1021.28,0,0,0,15,17,287,10.3,82
2025-08-04T12:30,7.49,27.38,101.87,1021.37,0,0,0,17,19,273,10.4,83
2025-08-04T13:00,7.61,27.45,101.88,1021.41,0,0,0,16,18,278,10,84
2025-08-04T13:30,7.68,27.52,101.909996,1021.45,0,0,0,16,20,261,10.4,82
2025-08-04T14:00,7.74,27.6,101.93,1021.5,0,0,0,16,18,264,10.6,80
2025-08-04T14:30,7.85,27.63,101.95,1021.51,0,0,0,15,18,251,10,84
2025-08-04T15:00,7.95,27.69,101.979996,1021.55,0,0,0,16,19,241,10.3,84
2025-08-04T15:30,8.03,27.77,101.979996,1021.6,0,0,0,13,16,234,10.1,86
2025-08-04T16:00,8.02,27.9,101.990005,1021.71,3.1,0.1,0.1,14,16,228,10.2,87
2025-08-04T16:30,8.15,28.02,101.990005,1021.78,0,0,0,12,14,234,10.2,87
2025-08-04T17:00,8.22,28.11,102.020004,1021.85,0,0,0,18,21,234,11.1,80
2025-08-04T17:30,8.46,28.34,102.03,1021.99,0,0,0,19,22,240,11.2,78
2025-08-04T18:00,8.73,28.51,102.07,1022.08,2.8,0.1,0.2,16,19,237,11.1,80
2025-08-04T19:00,8.44,29.14,102.1,1022.62,2.7,0.1,0.1,15,22,259,11.5,79
2025-08-04T20:00,8.78,28.73,102.13,1022.25,0,0,0,17,20,250,11.5,80
2025-08-04T20:30,8.57,28.53,102.13,1022.12,0,0,0,18,21,248,11.5,80
2025-08-04T21:00,8.36,28.67,102.15,1022.26,2.4,0.1,0.2,19,22,241,11.5,82
2025-08-04T21:30,7.58,28.58,102.18,1022.3,0,0,0,18,20,246,11.8,81
2025-08-04T22:30,9.44,26.78,102.22,1020.63,0,0,0,14,17,243,11.9,81
2025-08-04T23:00,9.1,26.54,102.240005,1020.49,3.7,0.1,0.3,16,18,248,11.6,82
2025-08-04T23:30,9.12,26.29,102.25,1020.3,3.4,0.1,0.1,19,22,264,12.2,80
2025-08-05T00:00,9.52,26.19,102.28,1020.16,0,0,0,17,19,264,12.2,80
2025-08-05T00:30,9.68,26.17,102.33,1020.12,0,0,0,16,18,274,11.7,82
2025-08-05T01:00,9.61,26.15,102.37,1020.11,0,0,0,16,18,270,12.3,78
2025-08-05T01:30,9.96,26.05,102.37,1019.98,0,0,0,14,17,286,11.8,82
2025-08-05T02:30,10.07,26.01,102.409996,1019.94,0,0,0,11,12,286,11.3,84
2025-08-05T03:00,9.94,26,102.44,1019.95,0,0,0,12,13,285,10.8,88
2025-08-05T03:30,9.64,26.02,102.46999,1020.01,0,0,0,12,14,310,10.6,86
2025-08-05T04:00,9.33,26.13,102.46999,1020.14,0,0,0,13,14,315,10.7,86
2025-08-05T04:30,8.92,26.34,102.53001,1020.36,0,0,0,11,13,324,10.8,83
2025-08-05T05:00,8.76,26.67,102.55,1020.64,0,0,0,12,13,310,9.8,89
2025-08-05T05:30,8.43,27.18,102.55,1021.09,0,0,0,12,14,315,9.8,87
2025-08-05T06:00,7.81,27.7,102.58,1021.58,0,0,0,11,12,311,9.6,87
2025-08-05T06:30,7.65,27.81,102.61,1021.68,0,0,0,7,9,255,10.5,83
2025-08-05T07:00,7.54,27.87,102.619995,1021.74,3.1,0.1,0.2,4,5,302,11,79
2025-08-05T07:30,7.5,27.9,102.65,1021.78,0,0,0,11,12,236,10.7,80
2025-08-05T08:00,7.48,27.93,102.68001,1021.8,0,0,0,8,10,209,9.9,83
2025-08-05T08:30,7.41,27.95,102.71999,1021.83,0,0,0,11,12,235,10.7,79
2025-08-05T09:00,7.37,27.97,102.759995,1021.85,0,0,0,12,14,244,9.5,89
2025-08-05T09:30,7.38,27.95,102.78001,1021.83,0,0,0,8,10,260,9.6,90
2025-08-05T10:00,7.36,27.88,102.83,1021.77,4.5,0.1,0.2,13,14,265,9.4,93
2025-08-05T10:30,7.56,27.73,102.86,1021.63,4,0.1,0.1,12,13,289,9.6,90
2025-08-05T11:00,8.22,26.68,102.89,1020.73,0,0,0,11,13,300,9.8,90
2025-08-05T11:30,8.78,26.02,102.93001,1020.13,0,0,0,11,12,299,9.9,90
2025-08-05T12:00,9,25.91,102.96,1020.02,0,0,0,13,16,307,9.9,88
2025-08-05T12:30,8.99,25.97,102.990005,1020.06,0,0,0,11,12,312,10.1,88
2025-08-05T13:00,9.07,26.03,103.03001,1020.1,0,0,0,10,12,301,10.1,89
2025-08-05T13:30,9.11,26.16,103.05,1020.2,0,0,0,6,9,251,10.1,90
2025-08-05T14:00,9.39,26.06,103.06999,1020.08,0,0,0,4,5,178,11.5,81
2025-08-05T14:30,9.35,25.89,103.06999,1019.95,0,0,0,4,5,218,11.6,84
2025-08-05T15:00,9.45,26.09,103.06999,1020.1,0,0,0,7,8,250,11,91
2025-08-05T15:30,9.47,26.09,103.06,1020.09,0,0,0,6,8,225,11.2,92
2025-08-05T16:00,10.29,26.08,103.05,1019.96,0,0,0,6,7,245,11.5,90
2025-08-05T16:30,10.18,26.04,103.04,1019.95,0,0,0,3,4,235,11.9,89
2025-08-05T17:00,10.5,26.08,103.04,1019.92,0,0,0,6,7,219,12.6,86
2025-08-05T17:30,9.97,26.28,103.03001,1020.16,0,0,0,5,7,192,12.9,85
2025-08-05T18:00,10.22,26.36,103.009995,1020.19,0,0,0,5,6,206,13,86
2025-08-05T18:30,11.33,26.13,102.990005,1019.83,0,0,0,7,8,167,13,87
2025-08-05T19:00,11.55,26.36,102.990005,1019.97,0,0,0,8,10,175,13.1,87
2025-08-05T19:30,11.64,26.48,102.990005,1020.04,0,0,0,4,5,214,13.2,88
2025-08-05T20:00,11.31,26.5,102.98,1020.12,0,0,0,4,4,191,13.9,86
2025-08-05T20:30,11.46,26.54,102.96999,1020.13,0,0,0,3,3,257,14.4,85
2025-08-05T21:00,11.78,26.52,102.95,1020.06,4,0.1,0.1,3,3,177,14.7,85
2025-08-05T21:30,11.4,26.53,102.94,1020.13,0,0,0,1,2,103,16,77
2025-08-05T22:00,12.13,26.49,102.93001,1019.97,0,0,0,2,2,60,16.1,75
2025-08-05T22:30,12.57,26.68,102.94,1020.04,0,0,0,7,9,335,14.1,88
2025-08-05T23:00,11.54,26.53,102.94,1020.1,0,0,0,10,12,348,13.5,89
2025-08-05T23:30,11.05,26.5,102.94,1020.16,0,0,0,8,8,341,13.2,90
2025-08-06T00:00,13.29,25.25,102.94,1018.8,0,0,0,6,7,347,12.8,92
2025-08-06T00:30,13.11,25.15,102.95,1018.76,0,0,0,3,5,57,12.9,91
2025-08-06T01:00,11.92,25.19,102.98,1019.01,0,0,0,4,4,328,12.9,88
2025-08-06T01:30,11.61,25.12,102.990005,1019,0,0,0,2,3,295,12.9,88
2025-08-06T02:00,11.63,25.25,102.990005,1019.1,0,0,0,6,7,282,13.1,89
2025-08-06T02:30,11.48,25.35,103,1019.2,0,0,0,4,5,146,13.1,87
2025-08-06T03:30,10,25.43,103.009995,1019.5,0,0,0,3,4,257,12.7,92
2025-08-06T04:00,9.48,25.44,103.03001,1019.58,0,0,0,3,5,206,12.5,91
2025-08-06T04:30,9.81,25.38,103.02,1019.49,0,0,0,7,8,195,12.2,92
2025-08-06T05:00,10.55,25.46,103.03001,1019.43,0,0,0,4,5,198,11.7,95
2025-08-06T05:30,11.51,25.44,103.05,1019.26,0,0,0,4,4,227,12,93
2025-08-06T06:30,11.35,25.54,103.06,1019.37,0,0,0,7,8,226,12.4,92
2025-08-06T07:00,11.82,25.48,103.06999,1019.24,0,0,0,7,9,233,12,93
2025-08-06T07:30,10.55,25.52,103.06,1019.48,0,0,0,6,7,260,11.6,93
2025-08-06T08:00,9.95,25.33,103.06999,1019.42,0,0,0,8,10,254,11.6,91
2025-08-06T08:30,9.84,25.37,103.090004,1019.48,0,0,0,9,10,254,11.3,89
2025-08-06T09:00,9.7,25.38,103.11,1019.5,0,0,0,8,9,261,10.6,92
2025-08-06T09:30,9.11,25.21,103.15,1019.45,0,0,0,4,5,225,10.5,95
2025-08-06T10:00,9.39,25.24,103.18001,1019.44,0,0,0,8,9,224,10.9,97
2025-08-06T10:30,9.27,25.16,103.19,1019.39,0,0,0,4,5,212,10.3,95
2025-08-06T11:00,9.16,25.06,103.2,1019.33,3.4,0.1,0.3,9,10,231,10.3,95
2025-08-06T11:30,10.03,24.43,103.259995,1018.72,0,0,0,11,13,238,10.9,97
2025-08-06T12:00,11.24,23.93,103.259995,1018.14,0,0,0,11,13,235,11.2,96
2025-08-06T12:30,11.01,24.12,103.27,1018.32,0,0,0,9,11,240,11.4,96
2025-08-06T13:00,10.89,23.99,103.28001,1018.24,0,0,0,10,11,233,11.5,96
2025-08-06T13:30,10.78,24.02,103.28001,1018.28,0,0,0,10,11,222,11.8,93
2025-08-06T14:00,10.37,24.46,103.27,1018.69,0,0,0,10,12,227,11.9,93
2025-08-06T14:30,11,24.12,103.259995,1018.33,0,0,0,11,13,244,11.9,93
2025-08-06T15:00,10.9,24.47,103.25,1018.61,0,0,0,10,11,248,12.1,93
2025-08-06T15:30,11.92,23.86,103.23,1017.97,0,0,0,11,13,255,12.5,94
2025-08-06T16:00,12.53,23.53,103.2,1017.62,0,0,0,11,12,243,13,91
2025-08-06T16:30,12.44,23.64,103.18001,1017.71,0,0,0,11,12,244,13.5,89
2025-08-06T17:00,12.97,23.29,103.14,1017.35,0,0,0,11,12,244,14,86
2025-08-06T17:30,12.6,23.64,103.11,1017.68,0,0,0,11,13,237,14,84
2025-08-06T18:00,12.52,23.76,103.08,1017.79,5.3,0.1,0.1,12,13,241,14,87
2025-08-06T18:30,12.4,23.87,103.05,1017.9,0,0,0,12,14,233,14.2,86
2025-08-06T19:00,12.47,23.96,103.03001,1017.96,0,0,0,13,15,238,14.7,80
2025-08-06T19:30,12.46,24.04,102.990005,1018.02,0,0,0,10,12,243,14.4,86
2025-08-06T20:00,12.38,24.16,102.990005,1018.13,0,0,0,11,12,251,14.4,85
2025-08-06T20:30,12.4,24.2,102.96999,1018.16,0,0,0,12,14,257,14.2,87
2025-08-06T21:00,12.42,24.23,102.95,1018.17,0,0,0,11,12,266,14.1,87
2025-08-06T21:30,12.23,24.25,102.95,1018.22,0,0,0,12,14,275,14.1,80
2025-08-06T22:00,11.99,24.3,102.94,1018.3,0,0,0,13,14,268,14.4,79
2025-08-06T22:30,12.17,24.32,102.9,1018.28,0,0,0,10,11,270,14.8,76
2025-08-06T23:00,12.21,24.3,102.9,1018.26,3.5,0.1,0.2,11,11,278,14.6,78
2025-08-06T23:30,12.24,24.19,102.9,1018.18,0,0,0,9,9,290,14.8,76
2025-08-07T00:00,12.37,24.15,102.9,1018.12,0,0,0,9,10,282,14,80
2025-08-07T00:30,11.89,24.06,102.9,1018.13,0,0,0,10,12,276,14.2,79
2025-08-07T01:00,11.92,24.02,102.909996,1018.09,0,0,0,11,12,283,14.7,75
2025-08-07T01:30,11.73,24.06,102.909996,1018.16,0,0,0,6,7,276,14.1,79
2025-08-07T02:00,11.73,23.99,102.909996,1018.1,0,0,0,5,6,201,14.9,74
2025-08-07T02:30,11.88,23.96,102.9,1018.05,0,0,0,7,8,221,14.2,79
2025-08-07T03:00,11.77,23.97,102.9,1018.08,0,0,0,8,9,193,13.5,87
2025-08-07T03:30,11.63,23.98,102.880005,1018.11,0,0,0,13,15,208,13.4,92
2025-08-07T04:00,11.53,23.98,102.9,1018.13,0,0,0,12,14,223,13.4,87
2025-08-07T04:30,11.47,23.97,102.869995,1018.13,0,0,0,12,13,220,13.6,87
2025-08-07T05:00,11.59,23.9,102.840004,1018.06,0,0,0,13,15,214,13.8,86
2025-08-07T05:30,11.56,23.9,102.83,1018.06,0,0,0,10,11,216,13.7,85
2025-08-07T06:00,11.54,23.9,102.81999,1018.06,0,0,0,11,13,215,13.4,87
2025-08-07T06:30,11.57,23.9,102.81999,1018.06,0,0,0,10,11,218,13.3,87
2025-08-07T07:00,11.5,23.91,102.8,1018.08,0,0,0,11,12,242,13.1,90
2025-08-07T07:30,11.46,23.91,102.8,1018.09,0,0,0,8,9,275,12.9,92
2025-08-07T08:00,11.35,23.94,102.8,1018.13,0,0,0,7,7,254,13,91
2025-08-07T08:30,11.47,23.97,102.8,1018.13,0,0,0,9,10,208,12.8,92
2025-08-07T09:00,11.91,23.83,102.8,1017.95,0,0,0,17,19,215,13.4,87
2025-08-07T10:00,12.43,24.37,102.840004,1018.28,0,0,0,11,13,235,13.3,91
2025-08-07T10:30,12.6,24.32,102.840004,1018.21,0,0,0,14,17,234,13.1,90
2025-08-07T11:00,12.1,24.72,102.86,1018.61,0,0,0,12,13,240,12.8,90
2025-08-07T11:30,11.54,24.82,102.880005,1018.78,3.5,0.1,0.2,9,11,247,12.6,91
2025-08-07T12:00,11.95,24.54,102.880005,1018.49,0,0,0,16,18,243,12.9,89
2025-08-07T12:30,12.29,24.52,102.869995,1018.42,0,0,0,16,18,236,13.2,88
2025-08-07T13:00,12.57,24.55,102.869995,1018.4,0,0,0,17,20,232,13.2,88
2025-08-07T13:30,12.68,24.55,102.840004,1018.37,0,0,0,15,17,242,13,90
2025-08-07T14:00,12.94,24.48,102.840004,1018.28,3.1,0.1,0.3,15,18,242,13.1,89
2025-08-07T14:30,13.17,24.47,102.81999,1018.23,0,0,0,17,21,246,13.4,89
2025-08-07T15:00,13.31,24.43,102.78001,1018.17,0,0,0,16,19,247,13.5,88
2025-08-07T15:30,13.1,23.81,102.740005,1017.73,0,0,0,18,21,248,13.7,87
2025-08-07T16:00,12.95,23.77,102.7,1017.72,2.5,0.1,0.1,17,21,251,13.7,88
2025-08-07T16:30,13.08,23.74,102.659996,1017.68,2.3,0.1,0.2,15,17,251,14,85
2025-08-07T17:00,13.38,23.41,102.659996,1017.37,2.5,0.1,0.2,15,18,253,14,85
2025-08-07T17:30,13.77,23.15,102.590004,1017.1,2.4,0.1,0.1,14,16,243,14,85
2025-08-07T18:00,13.49,23.39,102.56999,1017.34,2.6,0.1,0.2,15,18,248,14.2,85
2025-08-07T18:30,13.64,23.36,102.56999,1017.28,0,0,0,11,13,238,14.3,85
2025-08-07T19:00,13.57,23.42,102.490005,1017.34,2.6,0.1,0.1,11,13,232,14.7,84
2025-08-07T19:30,13.46,23.5,102.48,1017.43,0,0,0,6,8,253,14.8,85
2025-08-07T20:00,13.82,23.51,102.45,1017.37,0,0,0,13,15,233,15,83
2025-08-07T20:30,13.73,23.58,102.42,1017.44,2.7,0.1,0.2,11,14,249,15,82
2025-08-07T21:00,13.73,23.64,102.38,1017.48,2.8,0.1,0.1,10,13,247,15,82
2025-08-07T21:30,13.32,23.79,102.35,1017.67,0,0,0,9,10,249,15,82
2025-08-07T22:30,13.31,23.81,102.32,1017.69,0,0,0,10,13,234,14.8,83
2025-08-07T23:00,13.25,23.81,102.32,1017.7,0,0,0,11,12,227,14.5,87
2025-08-07T23:30,13.21,23.8,102.3,1017.7,0,0,0,11,13,217,14.8,85
2025-08-08T00:00,12.76,23.92,102.32,1017.88,0,0,0,11,12,213,14.9,86
2025-08-08T00:30,12.91,23.83,102.33,1017.78,0,0,0,10,11,217,14.9,84
2025-08-08T01:00,12.83,23.76,102.32,1017.74,0,0,0,9,10,205,14.9,84
2025-08-08T01:30,12.93,23.55,102.32,1017.56,0,0,0,13,15,218,15.3,79
2025-08-08T02:00,12.98,23.53,102.3,1017.53,0,0,0,12,13,215,14.9,81
2025-08-08T02:30,12.67,23.4,102.32,1017.49,0,0,0,14,15,226,15,78
2025-08-08T03:00,12.23,23.22,102.3,1017.42,3.9,0.1,0.2,15,18,236,14.9,77
2025-08-08T03:30,12.27,23.2,102.28,1017.41,0,0,0,15,16,230,14.9,78
2025-08-08T04:00,11.93,23.19,102.28,1017.45,0,0,0,14,16,231,15,75
2025-08-08T04:30,12.14,23.31,102.259995,1017.51,0,0,0,12,14,234,14.4,81
2025-08-08T05:30,11.8,23.14,102.240005,1017.44,0,0,0,15,18,211,14.5,84
2025-08-08T06:00,11.98,23.16,102.229996,1017.42,0,0,0,14,16,219,14.8,83
2025-08-08T06:30,12,23.26,102.22,1017.5,0,0,0,13,15,230,14.1,86
2025-08-08T07:00,11.23,23.61,102.22,1017.89,0,0,0,11,12,236,13.1,92
2025-08-08T07:30,11.2,23.74,102.22,1018,0,0,0,13,14,240,13.1,92
2025-08-08T08:00,11.24,23.83,102.19,1018.06,0,0,0,18,21,221,13.4,91
2025-08-08T08:30,11.37,23.79,102.2,1018.01,0,0,0,15,18,214,13.4,87
2025-08-08T09:00,11.28,23.74,102.229996,1017.99,0,0,0,9,10,229,13.5,86
2025-08-08T09:30,11.38,23.73,102.229996,1017.96,0,0,0,9,10,272,13.5,86
2025-08-08T10:00,11.45,23.55,102.240005,1017.81,2.6,0.1,0.3,7,8,232,12.8,91
2025-08-08T10:30,11.52,23.36,102.259995,1017.65,0,0,0,7,8,241,12.7,92
2025-08-08T11:00,11.75,23.11,102.28,1017.42,0,0,0,9,11,254,13.1,89
2025-08-08T11:30,12.13,22.93,102.28,1017.22,0,0,0,16,19,243,13.4,88
2025-08-08T12:00,12.27,22.78,102.3,1017.08,0,0,0,16,20,243,13,91
2025-08-08T12:30,11.58,22.98,102.29,1017.35,0,0,0,15,17,243,12.7,92
2025-08-08T13:00,11.37,23.19,102.28,1017.54,4.9,0.1,0.1,14,16,239,12.9,91
2025-08-08T13:30,11.79,23.21,102.28,1017.49,0,0,0,13,15,239,13.1,93
2025-08-08T14:30,12.37,22.5,102.28,1016.85,0,0,0,13,15,233,13.1,90
2025-08-08T15:00,12.79,22.31,102.28,1016.63,0,0,0,12,15,242,13.6,92
2025-08-08T15:30,12.95,22.21,102.259995,1016.52,0,0,0,15,17,249,13.8,89
2025-08-08T16:00,12.75,22.29,102.229996,1016.62,0,0,0,12,13,238,13.7,90
2025-08-08T16:30,12.68,22.63,102.22,1016.89,0,0,0,10,11,229,13.7,90
2025-08-08T17:00,12.71,22.84,102.2,1017.05,0,0,0,11,13,250,13.7,90
2025-08-08T17:30,12.57,23.05,102.18,1017.24,0,0,0,11,12,238,13.7,89
2025-08-08T18:00,12.49,23.15,102.13,1017.33,0,0,0,10,12,244,13.9,88
2025-08-08T18:30,12.48,23.19,102.11,1017.36,2.9,0.1,0.2,10,12,227,13.9,88
2025-08-08T19:00,12.25,23.32,102.06,1017.5,0,0,0,13,16,210,14.2,90
2025-08-08T19:30,12.26,23.45,102.009995,1017.6,2.7,0.1,0.1,11,12,218,14.4,90
2025-08-08T20:00,12.42,23.58,101.979996,1017.67,2.7,0.1,0.1,13,15,240,14.5,91
2025-08-08T20:30,12.69,23.9,101.94,1017.87,2.4,0.1,0.1,18,21,241,14.8,89
2025-08-08T21:00,12.57,23.98,101.94,1017.95,2.5,0.1,0.2,8,10,219,14.6,90
2025-08-08T21:30,12.73,24.01,101.909996,1017.95,2.6,0.1,0.2,10,13,241,14.9,87
2025-08-08T22:00,12.82,24.05,101.88,1017.96,3,0.1,0.3,11,12,215,15.7,80
2025-08-08T22:30,12.78,23.98,101.88,1017.92,2.8,0.1,0.2,11,14,222,15.5,82
2025-08-08T23:00,12.65,23.81,101.87,1017.81,0,0,0,10,12,194,15.2,84
2025-08-08T23:30,13.12,23.16,101.87,1017.22,0,0,0,9,11,212,15,86
2025-08-09T00:00,13,22.97,101.86,1017.1,0,0,0,10,12,197,15.6,85
2025-08-09T00:30,12.88,22.83,101.9,1017.01,0,0,0,9,11,169,15.5,85
2025-08-09T01:00,13.29,22.68,101.909996,1016.82,0,0,0,15,17,227,16.6,78
2025-08-09T01:30,13.23,22.65,101.9,1016.81,3.4,0.1,0.1,13,16,259,15.4,86
2025-08-09T02:00,12.88,22.73,101.9,1016.93,0,0,0,10,11,252,15.4,86
2025-08-09T02:30,13.65,22.5,101.9,1016.62,0,0,0,6,8,264,15.5,82
2025-08-09T03:00,13.31,22.43,101.88,1016.63,0,0,0,2,2,139,16.1,83
2025-08-09T03:30,13.29,22.28,101.909996,1016.51,0,0,0,13,15,335,14.6,85
2025-08-09T04:00,13.16,22.3,101.88,1016.55,0,0,0,1,1,117,14.6,86
2025-08-09T05:00,13.32,22.42,101.9,1016.62,3,0.1,0.2,9,11,241,16.3,81
2025-08-09T05:30,13.17,22.42,101.87,1016.65,0,0,0,12,14,247,15,88
2025-08-09T06:00,12.57,22.73,101.86,1016.99,0,0,0,17,19,253,14.5,90
2025-08-09T06:30,12.54,22.76,101.86,1017.02,0,0,0,16,19,253,14,91
2025-08-09T07:00,12.28,22.98,101.83,1017.23,2.6,0.1,0.1,14,17,240,13.3,93
2025-08-09T07:30,12.18,23.02,101.82,1017.28,2.7,0.1,0.2,15,20,257,13,94
2025-08-09T08:30,12.02,23.13,101.85,1017.39,2.6,0.2,0.2,9,13,268,13.2,92
2025-08-09T09:00,11.94,23.19,101.88,1017.45,2.7,0.2,0.4,10,12,262,13.1,93
2025-08-09T09:30,11.88,23.23,101.88,1017.49,2.7,0.1,0.2,11,13,245,13.4,93
2025-08-09T10:00,11.79,23.29,101.9,1017.55,2.7,0.1,0.2,11,15,242,13.3,93
2025-08-09T10:30,11.67,23.39,101.9,1017.65,2.6,0.1,0.3,14,17,245,13.3,93
2025-08-09T11:00,11.52,23.64,101.909996,1017.87,2.8,0.2,0.3,13,16,232,14.1,93
2025-08-09T11:30,11.2,24.02,101.909996,1018.22,2.5,0.1,0.2,16,19,240,14.1,93
2025-08-09T12:00,11.55,23.73,101.93,1017.93,2.5,0.2,0.3,15,19,265,13.8,93
2025-08-09T12:30,11.94,23.53,101.909996,1017.71,2.5,0.2,0.3,15,18,241,13.8,95
2025-08-09T13:00,12.96,22.57,101.909996,1016.8,2.4,0.1,0.3,18,21,249,14,94
2025-08-09T13:30,13.16,22.48,101.9,1016.7,2.6,0.2,0.3,17,21,247,14,94
2025-08-09T14:00,12.94,22.7,101.9,1016.9,2.3,0.2,0.3,25,30,252,14.5,94
2025-08-09T14:30,12.54,22.97,101.88,1017.18,2.5,0.2,0.4,24,30,254,13.9,92
2025-08-09T15:00,11.91,23.31,101.85,1017.55,2.5,0.3,0.6,26,31,253,14.5,91
2025-08-09T15:30,12.27,23.38,101.83,1017.54,2.8,0.5,0.8,24,30,263,14.2,91
2025-08-09T16:00,11.93,23.46,101.759995,1017.66,2.7,0.5,0.9,27,34,245,14.4,90
2025-08-09T16:30,11.57,23.63,101.729996,1017.85,3,0.6,1.2,24,28,255,14.1,89
2025-08-09T17:00,11.11,23.96,101.69,1018.18,3.1,0.6,0.9,23,31,250,13.9,89
2025-08-09T17:30,10.6,24.34,101.65,1018.56,3.3,0.7,1.4,23,32,255,13.9,89
2025-08-09T18:00,10.48,24.61,101.6,1018.79,3.1,0.7,1.3,27,37,256,14.7,86
2025-08-09T18:30,10.09,24.77,101.58,1018.97,3.1,0.7,1.2,28,37,260,14.8,86
2025-08-09T19:00,10.01,24.91,101.55,1019.09,3.3,0.7,1.2,29,39,255,15.4,83
2025-08-09T19:30,9.67,25.11,101.55,1019.29,3.6,0.8,1.3,33,43,250,15,87
2025-08-09T20:00,9.27,25.26,101.53,1019.47,3.7,0.9,1.4,39,56,254,16.7,82
2025-08-09T20:30,9.41,25.54,101.53,1019.67,3.9,1,2.6,37,46,250,16.5,81
2025-08-09T21:00,9.38,25.71,101.520004,1019.81,3.6,0.9,1.6,32,41,251,16.5,81
2025-08-09T21:30,9.36,25.82,101.509995,1019.9,3.5,0.9,1.8,35,49,237,14.8,87
2025-08-09T22:00,9.33,25.98,101.509995,1020.02,3.6,0.8,1.3,27,36,240,15.3,85
2025-08-09T22:30,9.18,26.07,101.55,1020.11,3.6,0.9,1.6,22,31,238,14.1,89
2025-08-09T23:00,9.19,26.16,101.53,1020.18,3.3,0.7,1.2,30,41,239,16.3,83
2025-08-09T23:30,9.22,26.15,101.58,1020.17,3.3,0.8,1.4,28,37,245,15,86
2025-08-10T00:00,9.32,26.17,101.56,1020.17,3.2,0.7,1.2,22,30,245,14.2,89
2025-08-10T00:30,9.23,26.02,101.6,1020.07,3.2,0.6,1.1,23,30,239,13.6,91
2025-08-10T01:00,9.15,25.96,101.61,1020.04,3,0.6,1.2,20,26,234,13.7,90
2025-08-10T01:30,9.42,25.68,101.63,1019.77,2.9,0.5,1,14,18,238,12.8,92
2025-08-10T02:00,9.49,25.67,101.65,1019.76,2.8,0.4,0.7,18,22,233,12.4,93
2025-08-10T02:30,9.8,25.85,101.62,1019.85,2.6,0.3,0.6,15,19,237,11.6,95
2025-08-10T03:00,9.78,25.86,101.65,1019.86,2.6,0.3,0.4,17,21,244,11.6,94
2025-08-10T03:30,9.8,25.59,101.65,1019.65,2.8,0.2,0.5,18,22,247,11.6,94
2025-08-10T04:30,9.46,25.96,101.63,1019.99,2.6,0.4,0.7,20,27,238,12.6,94
2025-08-10T05:00,9.15,25.84,101.61,1019.94,2.8,0.3,0.6,17,21,223,12.2,94
2025-08-10T05:30,9.14,25.8,101.6,1019.91,2.9,0.3,0.5,14,17,223,11.7,95
2025-08-10T06:00,9.38,26.25,101.6,1020.22,2.8,0.2,0.5,14,19,224,12,94
2025-08-10T06:30,9.6,26.3,101.62,1020.23,2.7,0.2,0.3,15,19,234,12,95
2025-08-10T07:00,9.46,26.29,101.64,1020.25,2.8,0.2,0.4,11,14,231,11.6,95
2025-08-10T07:30,9.51,26.32,101.6,1020.26,2.9,0.2,0.3,18,22,229,11.9,95
2025-08-10T08:00,9.56,26.32,101.58,1020.26,2.9,0.3,0.5,17,21,233,12.1,94
2025-08-10T09:00,9.79,26.37,101.590004,1020.26,2.8,0.3,0.5,17,23,237,12.4,93
2025-08-10T09:30,10.08,26.43,101.58,1020.27,2.6,0.2,0.4,24,29,238,13.4,92
2025-08-10T10:00,9.97,26.43,101.63,1020.28,3,0.3,0.5,19,23,250,13,93
2025-08-10T10:30,9.88,26.42,101.69,1020.28,2.8,0.3,0.5,21,28,259,12.5,94
2025-08-10T11:00,9.7,26.36,101.69,1020.27,2.7,0.3,0.6,23,29,252,13.2,93
2025-08-10T11:30,9.67,26.34,101.69,1020.25,2.7,0.4,0.8,20,25,244,12.9,94
2025-08-10T12:00,9.25,25.9,101.7,1019.97,2.9,0.4,0.7,17,23,248,12.9,95
2025-08-10T12:30,9.22,25.9,101.729996,1019.97,2.8,0.4,0.6,13,20,229,12.5,96
2025-08-10T13:00,9.63,25.68,101.729996,1019.75,2.7,0.3,0.6,17,22,251,12.5,97
2025-08-10T13:30,9.94,25.42,101.72,1019.5,2.6,0.3,0.5,22,28,240,13,92
2025-08-10T14:00,10.03,25.39,101.68,1019.46,2.9,0.4,0.7,25,31,229,13.6,94
2025-08-10T14:30,10.13,25.32,101.69,1019.39,3.1,0.6,0.9,31,39,247,14.6,90
2025-08-10T15:00,10.11,25.43,101.65,1019.48,2.9,0.6,1.1,29,37,250,14.5,89
2025-08-10T15:30,10.1,25.41,101.65,1019.47,3.1,0.8,1.1,33,41,254,14.5,88
2025-08-10T16:00,9.79,25.41,101.65,1019.52,3.4,0.8,1.2,31,38,252,14,89
2025-08-10T16:30,9.94,25.47,101.590004,1019.53,3.2,0.7,1.2,22,29,242,13.4,91
2025-08-10T17:00,9.33,25.91,101.58,1019.97,3.2,0.6,1,32,42,250,14,90
2025-08-10T17:30,9.05,26.17,101.55,1020.21,3.5,0.9,1.8,31,41,249,13.9,90
2025-08-10T18:00,9.15,26.31,101.5,1020.3,3.4,0.9,1.9,25,35,239,13.4,91
2025-08-10T18:30,9.3,26.45,101.479996,1020.4,3.4,0.8,1.3,27,36,242,14.1,91
2025-08-10T19:00,8.77,26.49,101.45,1020.5,3.4,0.8,1.2,24,31,247,13.5,92
2025-08-10T19:30,8.39,26.96,101.44,1020.92,3.5,0.8,1.2,30,39,250,14.7,88
2025-08-10T20:00,8.31,27.07,101.42,1021.02,3.6,0.8,1.5,34,45,251,14.7,83
2025-08-10T20:30,8.11,27.28,101.43,1021.21,3.4,0.8,1.2,32,43,253,15.4,86
2025-08-10T21:00,8.03,27.47,101.43,1021.37,3.4,0.8,1.6,31,41,256,15.7,88
2025-08-10T21:30,8,27.63,101.44,1021.49,3.4,0.8,1.3,36,44,248,15.8,87
2025-08-10T22:00,8.05,27.71,101.43,1021.55,3.4,0.9,1.5,36,47,247,16.2,85
2025-08-10T22:30,7.91,27.78,101.43,1021.63,3.1,0.7,1.2,34,43,248,15.9,85
2025-08-10T23:00,9.11,27.77,101.42,1021.45,3.5,0.9,1.5,27,36,244,14.6,89
2025-08-10T23:30,9.24,27.74,101.43,1021.41,3.4,0.8,1.7,26,37,242,15.3,85
2025-08-11T00:00,9.26,27.75,101.45,1021.42,3.5,0.8,1.4,25,34,246,14.9,85
2025-08-11T00:30,9.37,27.78,101.479996,1021.42,3.2,0.8,1.4,20,28,241,13.6,88
2025-08-11T01:00,9.2,27.87,101.509995,1021.52,3.1,0.7,1,21,30,257,13.3,90
2025-08-11T01:30,7.93,27.81,101.520004,1021.64,2.8,0.6,1.1,20,29,246,12.9,94
2025-08-11T02:00,8.25,27.16,101.53,1021.1,2.8,0.5,0.7,18,22,241,12.9,93
2025-08-11T02:30,8.61,26.81,101.55,1020.78,2.8,0.4,0.6,21,28,257,12.9,94
2025-08-11T03:30,8.94,26.3,101.54,1020.33,2.9,0.4,0.9,22,26,247,12.5,96
2025-08-11T04:00,8.99,26.31,101.53,1020.33,2.9,0.4,0.6,23,27,249,13.3,95
2025-08-11T04:30,9.04,26.33,101.520004,1020.34,2.8,0.4,0.7,21,25,246,12.9,97
2025-08-11T05:00,8.75,26.38,101.5,1020.42,2.8,0.4,0.7,26,31,248,13.4,98
2025-08-11T05:30,8.91,26.35,101.490005,1020.37,2.9,0.5,0.9,18,22,233,12.3,98
2025-08-11T06:00,8.84,26.39,101.5,1020.41,3.2,0.6,1.2,19,25,248,11.8,99
2025-08-11T06:30,8.89,26.43,101.509995,1020.43,3.2,0.5,1,19,26,240,12.1,99
2025-08-11T07:00,8.99,26.43,101.509995,1020.42,3.3,0.5,0.9,17,21,232,12.7,97
2025-08-11T07:30,8.94,26.44,101.520004,1020.44,3.2,0.5,1,18,25,241,12,97
2025-08-11T08:00,8.96,26.43,101.520004,1020.43,3.2,0.5,0.7,18,24,243,11.8,97
2025-08-11T08:30,8.92,26.44,101.53,1020.44,3.4,0.5,0.8,18,24,237,11.8,97
2025-08-11T09:00,8.9,26.47,101.55,1020.47,3.1,0.4,0.7,14,18,225,11.8,97
2025-08-11T09:30,8.88,26.49,101.56,1020.49,3.1,0.4,0.8,19,23,222,11.8,96
2025-08-11T10:00,8.81,26.54,101.57,1020.53,3,0.4,0.8,20,25,234,11.9,96
2025-08-11T11:00,8.77,26.62,101.65,1020.6,3.1,0.4,0.7,18,23,250,11.3,95
2025-08-11T11:30,8.72,26.67,101.68,1020.65,2.8,0.3,0.5,24,31,257,12,97
2025-08-11T12:00,8.67,26.72,101.7,1020.7,2.7,0.4,0.6,19,23,254,11.7,96
2025-08-11T12:30,8.66,26.76,101.72,1020.72,2.9,0.3,0.6,15,20,246,11.4,97
2025-08-11T13:00,8.57,26.85,101.71,1020.81,3.2,0.4,0.8,20,27,247,12.4,97
2025-08-11T13:30,8.41,26.82,101.72,1020.81,2.9,0.4,0.8,26,31,253,13,96
2025-08-11T14:30,8.76,26.63,101.68,1020.62,3.2,0.6,0.9,27,35,251,14.1,89
2025-08-11T15:00,8.94,26.64,101.7,1020.59,3.1,0.7,1.1,30,36,255,13.4,91
2025-08-11T15:30,8.84,26.71,101.68,1020.67,3,0.6,1,29,37,253,13.7,89
2025-08-11T16:00,8.88,26.74,101.65,1020.68,3.1,0.6,1.2,25,34,251,13.8,89
2025-08-11T16:30,8.97,26.86,101.61,1020.76,3.1,0.7,1.1,24,30,247,12.8,92
2025-08-11T17:00,8.74,27.06,101.590004,1020.95,3.3,0.7,1.2,25,31,247,12.9,92
2025-08-11T18:00,8.76,27.25,101.509995,1021.1,3.4,0.7,1.1,27,34,248,13.5,91
2025-08-11T18:30,8.81,27.24,101.490005,1021.08,3.6,0.9,1.5,31,41,252,13.5,90
2025-08-11T19:00,8.86,27.24,101.43,1021.07,3.6,0.9,1.6,30,39,248,14.9,86
2025-08-11T19:30,8.84,27.26,101.38,1021.09,3.6,0.9,1.8,32,42,248,15.2,85
2025-08-11T20:00,8.56,27.31,101.37,1021.17,3.7,0.9,1.4,29,41,253,14.8,84
2025-08-11T20:30,8.38,27.31,101.36,1021.2,3.7,0.9,1.8,31,42,251,16.1,83
2025-08-11T21:00,8.23,27.28,101.35,1021.19,3.6,0.9,1.4,27,38,258,15.4,85
2025-08-11T21:30,8.1,27.27,101.340004,1021.21,3.5,0.8,1.4,31,44,245,16.1,84
2025-08-11T22:00,8.09,27.3,101.31,1021.22,3.4,0.7,1.1,34,43,245,16.9,81
2025-08-11T22:30,8.19,27.29,101.32,1021.2,3.3,0.7,1.3,33,42,244,17.7,80
2025-08-11T23:00,8.04,27.34,101.340004,1021.26,3.5,0.8,1.4,30,38,250,15.6,82
2025-08-11T23:30,7.89,27.45,101.38,1021.37,3.5,0.7,1.4,25,32,255,14.1,88
2025-08-12T00:00,7.72,27.51,101.4,1021.44,3,0.6,1.1,20,28,250,13.6,88
2025-08-12T00:30,7.69,27.54,101.43,1021.46,3.1,0.6,0.8,21,29,251,13,89
2025-08-12T01:00,7.8,27.52,101.43,1021.43,3,0.5,0.7,23,30,248,13.4,89
2025-08-12T01:30,7.84,27.5,101.43,1021.42,2.9,0.5,1.5,18,23,253,12.4,88
2025-08-12T02:30,7.87,27.44,101.44,1021.37,2.7,0.4,0.7,11,16,267,11.2,92
2025-08-12T03:00,7.97,27.38,101.43,1021.3,2.7,0.3,0.5,15,21,243,11.5,94
2025-08-12T03:30,7.99,27.36,101.409996,1021.29,2.7,0.3,0.5,10,15,217,10.4,91
2025-08-12T04:30,8.01,27.37,101.43,1021.29,2.8,0.2,0.3,16,20,208,10.6,94
2025-08-12T05:00,7.97,27.39,101.4,1021.31,2.7,0.2,0.4,17,20,231,10.9,93
2025-08-12T05:30,7.97,27.4,101.38,1021.32,2.6,0.2,0.4,13,16,234,10.8,95
2025-08-12T06:00,7.84,27.45,101.38,1021.38,2.8,0.3,0.5,13,16,211,10.6,95
2025-08-12T06:30,7.83,27.49,101.37,1021.41,2.8,0.3,0.5,8,11,211,10.7,96
2025-08-12T07:00,7.79,27.51,101.36,1021.43,2.8,0.3,0.5,12,16,215,10.7,97
2025-08-12T07:30,7.69,27.55,101.36,1021.47,2.9,0.3,0.5,16,19,227,11.4,95
2025-08-12T08:00,7.73,27.57,101.36,1021.48,2.9,0.2,0.4,13,17,232,11.2,95
2025-08-12T08:30,7.74,27.56,101.36,1021.48,2.9,0.2,0.4,18,22,230,12.5,94
2025-08-12T09:00,7.75,27.59,101.38,1021.5,2.8,0.2,0.3,15,20,234,12.6,92
2025-08-12T09:30,7.79,27.67,101.38,1021.55,3,0.2,0.4,18,21,245,12.1,92
2025-08-12T10:00,7.83,27.72,101.409996,1021.59,2.9,0.2,0.5,17,21,239,11.5,95
2025-08-12T10:30,7.89,27.76,101.43,1021.62,2.9,0.2,0.5,18,22,228,11.7,94
2025-08-12T11:00,7.94,27.83,101.45,1021.66,2.9,0.2,0.3,15,18,222,10.9,95
2025-08-12T11:30,7.97,27.93,101.45,1021.74,2.8,0.2,0.3,15,17,221,10.9,95
2025-08-12T12:00,8.1,28.05,101.47,1021.82,2.8,0.2,0.4,16,20,233,10.6,96
2025-08-12T12:36TC],7.96,28.18,101.46,1021.93,2.7,0.2,0.4,19,22,235,10.6,95
2025-08-12T13:00,7.9,28.26,101.45,1022.01,2.8,0.3,0.4,19,23,225,11.3,95
2025-08-12T13:30,7.99,28.35,101.45,1022.06,2.7,0.2,0.4,17,22,236,11.4,95
2025-08-12T14:00,8.01,28.36,101.43,1022.07,2.8,0.2,0.6,13,16,237,11.3,95
2025-08-12T14:30,8.49,27.81,101.43,1021.57,2.8,0.2,0.4,17,21,245,11.4,95
2025-08-12T15:00,8.48,27.59,101.38,1021.4,2.9,0.2,0.4,22,26,251,12.4,92
2025-08-12T15:30,8.5,27.54,101.37,1021.36,2.7,0.2,0.4,20,25,241,12.5,91
2025-08-12T16:00,8.31,27.62,101.36,1021.44,2.8,0.3,0.5,19,24,245,12.5,91
2025-08-12T16:30,8.1,27.7,101.29,1021.54,2.8,0.3,0.6,23,30,252,12.7,91
2025-08-12T17:00,8.37,27.49,101.28,1021.33,2.7,0.4,0.7,23,29,244,12.9,90
2025-08-12T17:30,8.52,27.45,101.240005,1021.29,2.8,0.4,0.7,22,28,263,13.6,88
2025-08-12T18:00,9.05,27.48,101.19,1021.23,2.9,0.4,0.7,24,30,261,14.5,83
2025-08-12T18:30,8.76,27.55,101.17,1021.33,3,0.4,0.7,22,27,256,13.3,88
2025-08-12T19:00,8.79,27.58,101.12,1021.35,3,0.4,0.6,14,18,245,13,88
2025-08-12T19:30,8.76,27.66,101.08,1021.42,3,0.4,0.6,26,32,268,13,82
2025-08-12T20:00,7.83,27.8,101.06,1021.65,2.8,0.5,0.8,20,24,263,15.1,83
2025-08-12T20:30,7.88,27.82,101.03,1021.66,3,0.4,0.8,21,29,261,15.1,81
2025-08-12T21:00,7.88,27.85,101.009995,1021.68,3.1,0.4,0.7,16,20,264,13.7,80
2025-08-12T22:00,8.07,27.87,100.990005,1021.68,3,0.3,0.5,20,23,262,13.4,80
2025-08-12T22:30,7.9,27.89,100.95,1021.72,2.8,0.3,0.5,23,28,254,15.1,75
2025-08-12T23:00,8,27.94,100.95,1021.74,2.7,0.3,0.5,20,26,245,14.9,74
2025-08-12T23:30,7.96,27.96,100.97,1021.76,2.7,0.3,0.6,13,19,227,13.5,78
2025-08-13T00:00,8.41,28.04,101,1021.77,2.8,0.3,0.5,13,17,244,12.7,81
2025-08-13T00:30,8.23,28.05,100.990005,1021.79,2.6,0.3,0.5,16,21,245,12.7,81
2025-08-13T01:00,8.27,28.12,101.03,1021.85,2.8,0.2,0.4,12,16,222,12.1,84
2025-08-13T01:30,8.23,28.1,101.020004,1021.83,2.8,0.2,0.5,15,19,233,11.8,86
2025-08-13T02:00,8.22,28.1,101.020004,1021.84,2.8,0.2,0.6,19,23,253,13.4,80
2025-08-13T03:00,8.68,28.17,101.009995,1021.83,2.9,0.2,0.3,13,16,217,13.2,84
2025-08-13T03:30,8.06,28.04,100.979996,1021.81,2.9,0.2,0.3,15,20,216,12.8,86
2025-08-13T04:00,8.43,28.05,100.97,1021.77,3.1,0.3,0.5,13,16,226,11.9,86
2025-08-13T04:30,8.32,28.05,100.97,1021.78,2.9,0.3,0.5,17,19,253,11.3,89
2025-08-13T05:00,8.15,27.88,100.96,1021.68,2.7,0.2,0.4,18,23,256,11.4,88
2025-08-13T05:30,8.38,28.22,100.979996,1021.9,2.8,0.2,0.3,5,8,1,11.8,86
2025-08-13T06:00,8.73,28.5,100.979996,1022.08,2.8,0.2,0.3,15,18,259,11.7,86
2025-08-13T06:30,8.71,28.51,100.96,1022.09,2.8,0.2,0.3,6,7,225,11.6,88
2025-08-13T07:00,9.04,28.49,100.94,1022.02,2.8,0.2,0.3,11,13,257,11.6,90
2025-08-13T07:30,9.06,28.47,100.93,1022,3,0.1,0.3,11,13,243,12,88
2025-08-13T08:00,8.68,28.61,100.92,1022.17,3,0.1,0.2,10,13,238,10.6,91
2025-08-13T08:30,7.74,28.6,100.909996,1022.29,3.1,0.2,0.3,12,15,229,9.7,94
2025-08-13T09:00,7.69,28.61,100.909996,1022.3,3.2,0.1,0.2,10,12,223,9.7,93
2025-08-13T09:30,7.55,28.61,100.909996,1022.32,3.1,0.1,0.2,13,16,235,10.7,94
2025-08-13T10:00,7.44,28.62,100.92,1022.35,3,0.1,0.3,11,14,231,10.8,93
2025-08-13T10:30,7.33,28.64,100.93,1022.37,2.9,0.1,0.2,11,13,235,10.6,93
2025-08-13T11:00,7.14,28.64,100.93,1022.4,2.8,0.2,0.3,11,13,233,11.4,91
2025-08-13T11:30,7.11,28.66,100.93,1022.42,2.8,0.1,0.2,6,8,208,11.8,89
2025-08-13T12:00,7.36,28.71,100.909996,1022.43,3.2,0.1,0.2,9,10,195,12.4,90
2025-08-13T12:30,7.6,28.84,100.909996,1022.5,3,0.1,0.2,9,11,245,14.2,89
2025-08-13T13:00,7.31,28.84,100.909996,1022.54,3,0.1,0.2,4,5,153,13.5,88
2025-08-13T13:30,7.34,28.68,100.89,1022.4,3,0.2,0.2,2,4,213,14.9,90
2025-08-13T14:00,9.44,28.3,100.87,1021.82,2.9,0.1,0.3,3,5,304,15,88
2025-08-13T15:00,8.96,28.32,100.79,1021.91,2.8,0.1,0.2,4,6,70,15.8,86
2025-08-13T16:00,12.1,28.26,100.729996,1021.35,3.2,0.1,0.1,8,11,120,14.8,91
2025-08-13T16:30,10.24,28.36,100.659996,1021.74,0,0,0,11,12,114,14.7,91
2025-08-13T17:00,10.35,28,100.62,1021.44,0,0,0,2,4,172,15.9,89
2025-08-13T17:30,11.21,27.8,100.62,1021.14,0,0,0,6,7,84,15.9,89
2025-08-13T18:00,12.49,27.47,100.55,1020.67,0,0,0,8,10,99,16.1,89
2025-08-13T18:30,11.38,27.74,100.509995,1021.07,0,0,0,10,12,107,16.1,91
2025-08-13T19:00,13.2,27.67,100.479996,1020.69,0,0,0,9,11,93,16.8,86
2025-08-13T19:30,10.75,28.59,100.590004,1021.83,0,0,0,7,8,339,16.1,89
2025-08-13T20:00,10.52,28.77,100.659996,1022.01,0,0,0,19,23,279,15.5,84
2025-08-13T20:30,11.18,28.91,100.659996,1022.01,0,0,0,17,20,329,13.1,93
2025-08-13T21:00,10.88,28.96,100.69,1022.1,0,0,0,4,5,343,15.5,94
2025-08-13T21:30,11.46,28.94,100.729996,1021.99,0,0,0,26,29,198,14.4,97
2025-08-13T22:00,11.47,28.81,100.770004,1021.88,0,0,0,22,26,224,13.6,99
2025-08-13T22:30,10.8,28.62,100.72,1021.85,2.6,0.1,0.2,15,18,248,13.1,100
2025-08-13T23:00,9.96,28.57,100.65,1021.95,2.6,0.2,0.3,15,18,211,12.2,100
2025-08-13T23:30,9.98,28.61,100.65,1021.98,2.7,0.2,0.4,13,17,276,12.5,100
2025-08-14T00:00,9.49,28.7,100.67,1022.12,2.8,0.3,0.8,15,20,259,13.9,100
2025-08-14T00:30,9.74,28.63,100.72,1022.03,2.9,0.3,0.4,10,14,218,11.7,100
2025-08-14T01:00,9.85,28.68,100.72,1022.05,2.9,0.2,0.3,8,10,247,11.3,100
2025-08-14T01:30,9.56,28.82,100.7,1022.21,2.9,0.2,0.4,9,12,255,13.1,100
2025-08-14T02:00,9.51,28.9,100.729996,1022.27,2.8,0.2,0.3,11,13,247,13.2,100
2025-08-14T02:30,9.36,28.9,100.740005,1022.3,2.8,0.2,0.3,16,19,239,12.8,100
2025-08-14T03:00,9.12,28.92,100.729996,1022.35,2.7,0.2,0.5,13,17,252,11.9,100
2025-08-14T03:30,9.02,28.9,100.740005,1022.34,2.6,0.2,0.3,19,24,250,11.3,100
2025-08-14T04:00,8.67,28.93,100.75,1022.42,2.8,0.2,0.4,18,21,239,11.8,100
2025-08-14T04:30,9.08,28.93,100.770004,1022.36,2.5,0.1,0.3,15,18,261,11.1,100
2025-08-14T05:00,8.8,28.91,100.770004,1022.39,2.5,0.1,0.2,17,21,256,11.4,100
2025-08-14T05:30,8.65,28.64,100.78,1022.2,2.6,0.1,0.1,16,19,245,11.6,100
2025-08-14T06:00,8.47,28.62,100.8,1022.21,2.7,0.1,0.1,19,23,258,11.1,100
2025-08-14T06:30,8.46,28.66,100.8,1022.24,2.2,0.1,0.2,13,15,266,10.8,100
2025-08-14T07:00,8.36,28.69,100.81,1022.28,0,0,0,14,19,265,10.3,100
2025-08-14T07:30,8.75,28.69,100.83,1022.23,2.5,0.1,0.2,18,22,268,10.9,100
2025-08-14T08:00,8.08,28.69,100.82,1022.32,2.4,0.1,0.2,12,14,282,10.4,100
2025-08-14T08:30,8.1,28.69,100.840004,1022.31,2.5,0.1,0.3,13,15,281,9.5,100
2025-08-14T09:30,8.34,28.73,100.909996,1022.31,2.5,0.1,0.2,13,15,275,10.2,100
2025-08-14T10:00,8.28,28.7,100.909996,1022.3,2.6,0.1,0.2,14,17,284,10.2,100
2025-08-14T10:30,8.13,28.72,101.009995,1022.33,2.6,0.1,0.2,11,13,291,10.2,100
2025-08-14T11:00,8.09,28.7,101.07,1022.33,2.6,0.1,0.1,10,12,297,10.5,100
2025-08-14T12:00,8.4,28.68,101.17,1022.26,3.3,0.1,0.2,15,17,320,10.7,100
2025-08-14T12:30,8.69,28.83,101.21,1022.34,3.1,0.1,0.2,14,17,330,12.1,94
2025-08-14T13:00,8.05,29,101.25,1022.57,2.9,0.1,0.1,19,24,327,11.5,90
2025-08-14T13:30,7.81,29.03,101.31,1022.62,3.5,0.1,0.3,25,29,332,12.5,77
2025-08-14T14:30,7.74,29.11,101.38,1022.69,2.5,0.3,0.4,14,16,290,11.4,83
2025-08-14T15:00,7.83,29.1,101.4,1022.67,2.5,0.2,0.4,10,12,267,11.9,79
2025-08-14T15:30,7.98,29.09,101.4,1022.64,2.8,0.1,0.2,15,18,245,11.3,81
2025-08-14T16:00,7.94,29.11,101.4,1022.66,2.7,0.2,0.3,13,16,233,12.3,79
2025-08-14T16:30,8.15,29.15,101.409996,1022.67,2.5,0.2,0.3,11,15,201,12.3,79
2025-08-14T17:00,8.36,29.16,101.43,1022.65,2.7,0.1,0.2,10,12,220,10.6,88
2025-08-14T17:30,8.44,29.19,101.44,1022.65,2.9,0.1,0.2,13,16,225,11,91
2025-08-14T18:00,8.62,29.17,101.45,1022.62,2.5,0.1,0.3,14,17,248,11,92
2025-08-14T18:30,8.92,29.14,101.490005,1022.55,2.5,0.1,0.2,15,18,262,11,89
2025-08-14T19:00,9.19,29.1,101.520004,1022.48,2.5,0.1,0.2,7,10,279,11.1,86
2025-08-14T19:30,8.92,28.88,101.55,1022.35,2.7,0.1,0.1,12,15,292,11.5,86
2025-08-14T20:00,9.34,28.93,101.56,1022.32,2.5,0.1,0.2,7,9,263,12.4,80
2025-08-14T20:30,9.37,28.83,101.55,1022.24,2.8,0.1,0.2,7,8,206,13.5,76
2025-08-14T21:00,9.21,28.78,101.58,1022.23,2.9,0.2,0.2,7,11,235,13.4,77
2025-08-14T21:30,9.74,28.55,101.58,1021.97,3,0.2,0.5,6,11,231,14.2,73
2025-08-14T22:00,9.11,28.58,101.590004,1022.08,2.7,0.2,0.3,5,9,322,16.2,62
2025-08-14T22:30,9.02,28.6,101.61,1022.11,2.6,0.2,0.3,4,8,209,14.2,72
2025-08-14T23:00,9.29,28.57,101.63,1022.05,2.6,0.1,0.2,8,13,289,15.5,65
2025-08-14T23:30,9.07,28.62,101.69,1022.12,2.6,0.2,0.3,18,22,353,14.7,68
2025-08-15T00:00,9.01,28.61,101.740005,1022.13,2.7,0.2,0.3,13,17,355,13.7,73
2025-08-15T00:30,9.06,28.63,101.8,1022.13,2.9,0.2,0.6,12,14,310,13.9,72
2025-08-15T01:00,9.61,28.67,101.840004,1022.08,2.9,0.1,0.2,11,13,274,11.2,85
2025-08-15T01:30,9.87,28.78,101.840004,1022.13,3.1,0.2,0.3,10,12,280,11.2,84
2025-08-15T02:00,9.18,28.77,101.87,1022.23,3.3,0.1,0.2,14,16,278,11.8,79
2025-08-15T02:30,8.92,28.79,101.9,1022.27,3,0.1,0.2,13,16,278,11.8,78
2025-08-15T03:00,8.58,28.79,101.909996,1022.33,2.8,0.1,0.2,15,17,299,11.7,77
2025-08-15T03:30,8.64,28.78,101.95,1022.31,2.9,0.1,0.1,13,15,314,10.8,86
2025-08-15T04:00,8.66,28.74,101.97,1022.27,3.1,0.1,0.1,13,15,316,11.4,86
2025-08-15T04:30,8.3,28.75,101.990005,1022.33,3.1,0.1,0.2,14,15,321,11.4,84
2025-08-15T05:00,8.17,28.76,102.009995,1022.36,3.2,0.1,0.2,11,13,334,11,87
2025-08-15T06:00,7.89,28.77,102.07,1022.4,0,0,0,14,16,317,10.8,88
2025-08-15T06:30,7.95,28.72,102.12,1022.36,0,0,0,14,16,317,10.7,87
2025-08-15T07:00,7.95,28.7,102.159996,1022.34,0,0,0,14,17,310,9.6,93
2025-08-15T07:30,7.91,28.69,102.17,1022.34,2.9,0.1,0.2,14,16,322,9.6,91
2025-08-15T08:00,7.75,28.72,102.19,1022.38,0,0,0,14,16,336,10,88
2025-08-15T08:30,7.45,28.77,102.22,1022.46,0,0,0,14,16,338,10.1,88
2025-08-15T09:00,7.5,28.75,102.240005,1022.44,0,0,0,12,14,347,9.9,89
2025-08-15T09:30,7.56,28.71,102.270004,1022.4,2.9,0.1,0.2,6,11,15,11.1,82
2025-08-15T10:00,7.54,28.73,102.3,1022.42,2.6,0.1,0.2,6,11,120,12.2,76
2025-08-15T10:30,7.57,28.72,102.3,1022.41,2.7,0.1,0.2,7,10,118,11.7,76
2025-08-15T11:00,7.42,28.76,102.37,1022.46,2.4,0.1,0.3,9,12,62,12.3,74
2025-08-15T11:30,7.38,28.78,102.43001,1022.48,2.5,0.2,0.4,7,10,244,10.2,82
2025-08-15T12:00,7.48,28.78,102.43001,1022.46,2.5,0.2,0.4,7,10,309,9.9,85
2025-08-15T12:30,7.52,28.77,102.44,1022.45,2.6,0.2,0.3,7,11,4,11.1,81
2025-08-15T13:00,7.65,28.74,102.44,1022.41,2.5,0.2,0.4,12,16,15,11.2,85
2025-08-15T13:30,7.7,28.7,102.46999,1022.37,2.7,0.2,0.3,6,10,3,10.6,88
2025-08-15T14:00,7.92,28.68,102.46999,1022.33,2.7,0.2,0.3,10,13,9,10.6,86
2025-08-15T14:30,8.32,28.73,102.46999,1022.32,2.8,0.1,0.2,3,6,2,11.2,85
2025-08-15T15:00,8.38,28.76,102.46999,1022.33,2.8,0.1,0.1,9,12,247,10.7,88
2025-08-15T16:00,8.94,28.6,102.45,1022.13,2.9,0.1,0.1,7,9,254,10.7,90
2025-08-15T16:30,9.5,28.42,102.42,1021.9,3,0.1,0.3,8,12,221,10.9,88
2025-08-15T17:00,9.81,28.49,102.43001,1021.91,3.4,0.1,0.1,9,11,233,11.1,88
2025-08-15T17:30,9.08,28.68,102.4,1022.17,3.4,0.1,0.2,7,10,214,11.8,83
2025-08-15T18:00,7.79,28.9,102.38,1022.52,0,0,0,8,10,191,12.3,84
2025-08-15T19:00,9.57,28.88,102.340004,1022.25,0,0,0,7,9,205,12.5,87
2025-08-15T19:30,10.69,28.76,102.32,1021.98,0,0,0,8,9,203,12.6,88
2025-08-15T20:00,9.75,28.78,102.28,1022.15,0,0,0,6,7,176,13.3,85
2025-08-15T20:30,10.8,29.12,102.25,1022.24,0,0,0,6,8,198,14.1,77
2025-08-15T21:00,9.76,29.05,102.229996,1022.35,0,0,0,7,8,194,14,79
2025-08-15T21:30,11.22,29.06,102.22,1022.12,0,0,0,4,5,225,14.1,79
2025-08-15T22:00,10.55,29.09,102.2,1022.26,0,0,0,6,7,289,13.8,74
2025-08-15T22:30,11.46,29.08,102.19,1022.1,0,0,0,6,7,342,13,77
2025-08-15T23:00,10.98,28.85,102.19,1022,0,0,0,10,11,351,13.3,73
2025-08-15T23:30,9.05,28.83,102.18,1022.29,0,0,0,9,10,19,12.1,81
2025-08-16T00:00,9.6,28.92,102.2,1022.27,0,0,0,10,10,13,12.1,83
2025-08-16T00:30,9.03,29.06,102.19,1022.47,0,0,0,7,7,7,12,88
2025-08-16T01:00,9.43,29.17,102.19,1022.5,0,0,0,8,9,23,12.2,86
2025-08-16T01:30,9.72,29.17,102.19,1022.46,0,0,0,5,6,32,12.1,85
2025-08-16T02:00,10.01,29.04,102.14,1022.3,0,0,0,7,8,94,12.2,78
2025-08-16T02:30,10.75,28.75,102.13,1021.96,0,0,0,9,11,106,11.9,84
2025-08-16T03:00,11.33,28.66,102.12,1021.79,0,0,0,7,8,104,12,86
2025-08-16T03:30,11.85,28.57,102.12,1021.63,0,0,0,4,4,192,11.4,90
2025-08-16T04:00,11.66,28.63,102.12,1021.71,0,0,0,3,4,48,11.4,90
2025-08-16T04:30,11.68,28.6,102.11,1021.69,3.3,0.1,0.3,4,5,174,11.4,90
2025-08-16T05:00,11.52,28.51,102.08,1021.64,0,0,0,4,5,119,12.2,83
2025-08-16T05:30,10.59,28.78,102.08,1022.01,0,0,0,3,4,138,11.5,86
2025-08-16T06:30,10.01,28.97,102.07,1022.25,3.4,0.1,0.3,5,6,43,11.3,92
2025-08-16T07:00,9.93,28.98,102.07,1022.27,0,0,0,5,5,115,11.4,90
2025-08-16T07:30,9.83,28.92,102.08,1022.24,0,0,0,8,8,161,11.8,83
2025-08-16T08:00,9.51,28.92,102.12,1022.29,3.6,0.1,0.2,2,3,323,10.9,89
2025-08-16T08:30,9.63,29.03,102.11,1022.35,0,0,0,6,6,135,10.4,90
2025-08-16T09:00,9.33,29.1,102.07,1022.46,0,0,0,16,19,188,8.4,94
2025-08-16T09:30,9.36,29.14,102.05,1022.49,0,0,0,14,16,217,8.3,96
2025-08-16T10:00,8.87,29.18,102.03,1022.59,0,0,0,14,17,223,8.3,93
2025-08-16T10:30,8.78,29.19,102.009995,1022.61,3.7,0.1,0.2,10,12,229,8.4,93
2025-08-16T11:00,8.78,29.18,101.990005,1022.6,0,0,0,8,9,279,8.9,95
2025-08-16T11:30,8.75,29.19,101.990005,1022.61,0,0,0,9,10,272,8.9,95
2025-08-16T12:00,8.88,29.18,101.95,1022.58,0,0,0,7,8,271,9,95
2025-08-16T12:30,8.98,29.14,101.97,1022.54,0,0,0,8,9,232,9,95
2025-08-16T13:00,8.98,29.17,101.95,1022.57,0,0,0,8,9,238,9.3,94
2025-08-16T13:30,9,29.15,101.88,1022.55,4.9,0.1,0.1,8,10,189,9.6,92
2025-08-16T14:30,10.85,28.7,101.840004,1021.9,0,0,0,4,4,287,9.5,93
2025-08-16T15:00,9.84,28.9,101.8,1022.22,0,0,0,5,6,315,11.4,86
2025-08-16T15:30,9.74,28.96,101.75,1022.28,0,0,0,5,6,240,12,84
2025-08-16T16:00,9.22,29.11,101.72,1022.49,0,0,0,4,5,245,12,85
2025-08-16T16:30,9.24,29.1,101.659996,1022.47,0,0,0,11,12,207,12,84
2025-08-16T17:00,10.78,29.06,101.62,1022.2,0,0,0,8,9,167,11.2,88
2025-08-16T17:30,11.24,29.15,101.56,1022.19,0,0,0,11,12,184,11.2,88
2025-08-16T18:00,10.42,29.13,101.5,1022.31,0,0,0,10,12,192,11.6,86
2025-08-16T18:30,10.23,29.14,101.479996,1022.35,0,0,0,10,12,207,12.1,86
2025-08-16T19:00,10.57,29.03,101.43,1022.21,0,0,0,11,13,208,12.9,85
2025-08-16T19:30,10.04,29.13,101.37,1022.37,0,0,0,15,18,216,13.1,82
2025-08-16T20:00,9.9,29.11,101.35,1022.38,0,0,0,12,14,200,12.1,85
2025-08-16T21:30,9.06,29.14,101.2,1022.53,0,0,0,16,19,206,11.9,85
2025-08-16T22:00,8.67,29.15,101.15,1022.6,2.7,0.2,0.4,16,20,214,12.6,80
2025-08-16T22:30,8.43,29.19,101.11,1022.66,2.8,0.3,0.6,16,20,238,12.5,79
2025-08-16T23:00,8.57,29.3,101.090004,1022.73,2.6,0.3,0.6,24,30,253,14.2,75
2025-08-16T23:30,8.89,29.26,101.090004,1022.65,2.8,0.4,0.8,26,34,253,13.9,76
2025-08-17T00:00,10.16,28.99,101.04,1022.25,3,0.4,0.6,23,33,244,13.9,77
2025-08-17T00:30,10.63,28.88,101.020004,1022.08,3.2,0.5,1,17,24,233,13.1,80
2025-08-17T01:00,10.91,28.81,100.979996,1021.98,3,0.5,0.7,15,19,190,11.3,86
2025-08-17T01:30,11.03,28.76,100.979996,1021.92,2.9,0.3,0.8,14,17,201,11.3,86
2025-08-17T02:00,10.13,28.96,100.93,1022.23,2.8,0.3,0.5,15,20,223,14.8,77
2025-08-17T02:30,10.71,28.83,100.92,1022.03,2.7,0.3,0.4,13,18,262,11.2,87
2025-08-17T03:00,10.44,28.84,100.909996,1022.08,2.7,0.2,0.4,15,20,261,11.7,86
2025-08-17T03:30,10.22,28.91,100.909996,1022.17,2.7,0.2,0.5,25,31,267,16.2,76
2025-08-17T04:00,9.85,28.98,100.85,1022.28,2.6,0.3,0.5,26,33,245,13.9,82
2025-08-17T04:30,9.63,29.02,100.86,1022.35,2.6,0.4,0.8,21,26,252,12.2,86
2025-08-17T05:00,9.42,29.06,100.9,1022.42,2.8,0.4,0.6,25,32,251,12.4,86
2025-08-17T05:30,8.76,29.17,100.86,1022.6,2.7,0.4,0.8,25,30,247,11.7,90
2025-08-17T06:00,8.62,29.18,100.840004,1022.63,3,0.5,0.9,22,27,256,11.8,88
2025-08-17T06:30,8.42,29.21,100.840004,1022.68,3,0.5,0.8,22,28,265,11.6,89
2025-08-17T07:00,8.49,29.23,100.840004,1022.68,2.8,0.4,0.7,19,24,260,11.7,89
2025-08-17T07:30,8.37,29.3,100.78,1022.75,2.9,0.4,0.8,11,16,231,10.4,93
2025-08-17T08:00,8.13,29.41,100.759995,1022.87,2.8,0.3,0.6,10,13,278,9.8,94
2025-08-17T08:30,8.11,29.44,100.770004,1022.9,2.8,0.3,0.4,21,28,259,10.2,96
2025-08-17T09:30,8.89,29.2,100.83,1022.6,2.9,0.4,1,21,26,278,11.5,97
2025-08-17T10:00,10.81,28.71,100.86,1021.92,2.9,0.3,0.6,13,16,308,12.8,96
2025-08-17T10:30,11.45,28.5,100.94,1021.65,3,0.3,0.6,17,23,333,14.7,88
2025-08-17T11:00,11.6,28.48,100.990005,1021.61,3,0.2,0.4,29,37,332,15.2,74
2025-08-17T11:30,11.52,28.51,101.06,1021.65,2.7,0.2,0.4,23,29,326,14.2,78
2025-08-17T12:00,11.37,28.55,101.159996,1021.7,2.7,0.4,0.8,23,30,327,13.1,87
2025-08-17T12:30,10.9,28.49,101.17,1021.74,3,0.5,0.7,12,15,328,12.3,92
2025-08-17T13:00,10.74,28.45,101.15,1021.73,3,0.5,0.7,4,7,306,11.9,96
2025-08-17T13:30,11.61,27.75,101.22,1021.03,3.1,0.4,0.7,10,14,221,11.9,97
2025-08-17T14:00,11.99,27.64,101.229996,1020.89,3.2,0.3,0.5,10,14,204,11.4,98
2025-08-17T14:30,12.03,27.66,101.2,1020.89,2.9,0.2,0.4,13,19,271,11.4,97
2025-08-17T15:00,12.19,27.66,101.25,1020.87,2.8,0.2,0.4,12,16,263,11.8,94
2025-08-17T15:30,12.17,27.73,101.240005,1020.93,2.7,0.1,0.2,8,13,287,12,92
2025-08-17T16:00,11.93,28.01,101.259995,1021.19,2.6,0.2,0.2,12,15,288,12.4,88
2025-08-17T16:30,11.61,28.36,101.240005,1021.51,2.7,0.1,0.2,11,14,297,12.4,84
2025-08-17T17:00,11.87,28.27,101.259995,1021.4,2.5,0.1,0.2,12,14,251,12.7,82
2025-08-17T17:30,11.88,28.42,101.259995,1021.51,2.5,0.1,0.2,15,18,244,12.8,80
2025-08-17T18:00,11.75,28.51,101.259995,1021.6,2.7,0.1,0.2,13,16,242,12.8,80
2025-08-17T18:30,11.99,28.53,101.270004,1021.57,2.6,0.1,0.2,16,19,232,12.7,82
2025-08-17T19:00,12.17,28.5,101.28,1021.52,2.6,0.1,0.1,20,23,245,11.8,84
2025-08-17T19:30,12.23,28.48,101.31,1021.49,3.1,0.1,0.2,22,26,252,11.8,82
2025-08-17T20:00,12.29,28.46,101.36,1021.46,2.2,0.2,0.3,22,26,271,12.1,82
2025-08-17T20:30,10.68,28.79,101.38,1022,2.3,0.2,0.7,20,28,320,13.8,67
2025-08-17T21:00,10.92,28.73,101.4,1021.91,2.5,0.3,0.5,21,26,341,14.2,70
2025-08-17T21:30,11.35,28.58,101.43,1021.73,2.9,0.4,1.2,21,25,330,14.1,72
2025-08-17T22:00,12.36,28.25,101.43,1021.3,2.8,0.4,0.7,19,25,323,14.1,72
2025-08-17T22:30,12.09,28.32,101.43,1021.39,2.8,0.3,0.5,16,20,324,14.1,72
2025-08-17T23:00,12.51,28.22,101.45,1021.24,2.8,0.3,0.6,21,26,329,14.5,67
2025-08-17T23:30,12.39,28.27,101.44,1021.3,2.8,0.3,0.5,18,21,318,13.7,77
2025-08-18T00:00,12.27,28.3,101.47,1021.35,2.7,0.3,0.4,17,20,322,13.7,75
2025-08-18T00:30,11.02,28.47,101.490005,1021.7,2.6,0.3,0.4,16,20,316,13.5,74
2025-08-18T01:00,11.16,28.3,101.5,1021.54,2.6,0.3,0.5,18,23,321,13,74
2025-08-18T01:30,11.15,28.28,101.509995,1021.53,2.5,0.3,0.5,18,23,319,13.3,72
2025-08-18T02:00,11.71,27.91,101.53,1021.15,2.5,0.3,0.4,22,28,323,13.2,72
2025-08-18T02:30,11.56,27.93,101.55,1021.19,2.5,0.3,0.4,17,22,311,12.7,78
2025-08-18T03:00,11.7,27.85,101.590004,1021.1,2.5,0.2,0.4,19,25,317,12.7,73
2025-08-18T03:30,12.04,27.69,101.6,1020.91,2.6,0.2,0.3,24,30,322,12.7,74
2025-08-18T04:00,11.78,27.76,101.63,1021.02,2.6,0.3,0.5,26,37,330,12.6,73
2025-08-18T04:30,11.52,27.87,101.65,1021.14,2.6,0.4,0.6,29,39,335,12.5,71
2025-08-18T05:00,11.34,27.95,101.65,1021.24,2.8,0.5,0.9,28,38,334,12.2,72
2025-08-18T05:30,11.23,27.93,101.68,1021.24,3,0.7,1.2,26,37,343,12,74
2025-08-18T06:00,11.05,27.99,101.7,1021.32,3.1,0.7,1.1,27,35,345,11.6,74
2025-08-18T06:30,10.95,27.95,101.729996,1021.3,3,0.6,1.1,27,38,345,11.5,73
2025-08-18T07:00,10.86,27.92,101.759995,1021.29,3.1,0.7,1,25,35,345,11.4,73
2025-08-18T07:30,10.82,27.85,101.78,1021.25,3,0.7,1,28,39,343,11.2,71
2025-08-18T08:00,10.79,27.86,101.82,1021.26,3.1,0.7,1.1,31,41,337,11,73
2025-08-18T08:30,10.73,27.85,101.82,1021.26,3.2,0.8,1.4,32,43,342,11,73
2025-08-18T09:00,10.61,27.9,101.909996,1021.32,3.1,0.7,1.3,32,41,336,11,71
2025-08-18T09:30,10.4,27.92,101.93,1021.37,3.2,0.7,1.3,31,42,338,10.7,73
2025-08-18T10:00,10.29,27.97,102.009995,1021.43,3.4,0.8,1.3,30,44,341,10.6,73
2025-08-18T10:30,10.37,27.97,102.07,1021.42,3.2,0.6,1.5,31,42,345,10.4,75
2025-08-18T11:00,10.27,28.01,102.08,1021.46,3.2,0.7,0.9,30,37,344,10.4,74
2025-08-18T11:30,10.16,28.08,102.11,1021.53,3.2,0.7,1.5,30,37,345,10.4,75
2025-08-18T12:00,9.91,28.07,102.12,1021.56,3,0.7,1.1,26,33,343,10.4,76
2025-08-18T12:30,9.93,28.08,102.14,1021.57,3.2,0.7,1.1,23,30,348,10.5,76
2025-08-18T13:00,9.95,28.1,102.17,1021.59,3.1,0.6,0.9,19,25,342,10.6,77
2025-08-18T13:30,9.99,28.11,102.2,1021.59,3,0.5,0.8,12,17,334,10.8,78
2025-08-18T14:00,10.02,28.14,102.21,1021.6,2.9,0.3,0.5,8,12,324,11,77
2025-08-18T14:30,10.15,28.12,102.21,1021.57,2.8,0.3,0.5,6,9,291,11,77
2025-08-18T15:00,10.34,28.1,102.240005,1021.52,2.7,0.2,0.4,5,8,282,11.6,74
2025-08-18T15:30,10.55,28.07,102.240005,1021.46,2.6,0.2,0.4,4,8,294,12,75
2025-08-18T16:00,10.4,28.06,102.229996,1021.48,2.7,0.2,0.3,9,12,224,12,72
2025-08-18T16:30,10.62,28.05,102.22,1021.44,2.8,0.2,0.3,12,16,185,11.8,80
2025-08-18T17:00,10.39,28.06,102.22,1021.48,3,0.1,0.3,12,16,206,12,79
2025-08-18T17:30,10.91,28.11,102.22,1021.44,3.1,0.1,0.2,13,17,223,11.9,75
2025-08-18T18:00,11.16,28.08,102.240005,1021.37,3.1,0.1,0.2,14,18,217,11.6,78
2025-08-18T18:30,11.23,28.08,102.229996,1021.36,3.1,0.1,0.2,13,17,235,11.7,75
2025-08-18T19:00,11.63,28.08,102.229996,1021.29,3.1,0.1,0.2,15,19,248,11.8,78
2025-08-18T19:30,11.6,28.08,102.229996,1021.3,3.1,0.1,0.2,10,14,235,12.3,73
2025-08-18T20:00,11.78,28.09,102.229996,1021.27,3,0.1,0.2,14,18,227,12.4,71
2025-08-18T20:30,11.75,28.09,102.229996,1021.28,3.3,0.2,0.3,9,12,221,12.5,74
2025-08-18T21:00,12.02,28.09,102.240005,1021.23,3.2,0.2,0.3,13,17,236,13,71
2025-08-18T21:30,12.06,28.07,102.259995,1021.21,3.2,0.2,0.2,8,11,230,12.2,79
2025-08-18T22:00,11.59,28.06,102.259995,1021.28,3.3,0.2,0.2,5,7,227,12.3,78
2025-08-18T22:30,11.86,28.1,102.28,1021.26,3.2,0.1,0.2,12,15,252,12,77
2025-08-18T23:00,12.06,28.04,102.3,1021.18,3.5,0.1,0.2,14,18,256,12,71
2025-08-18T23:30,11.81,28,102.3,1021.2,3.6,0.1,0.2,14,17,265,12.1,73
2025-08-19T00:30,11.38,27.95,102.37,1021.24,3.9,0.2,0.3,12,14,270,12.6,71
2025-08-19T01:00,11.1,27.82,102.37,1021.18,3.7,0.1,0.2,9,12,272,12.3,72
2025-08-19T01:30,10.73,27.88,102.37,1021.29,3.8,0.1,0.2,10,12,283,12.1,75
2025-08-19T02:00,10.62,27.77,102.4,1021.22,3.6,0.1,0.2,9,11,290,12.1,73
2025-08-19T02:30,11.07,27.59,102.38,1021.01,3.6,0.1,0.2,9,11,283,11.8,76
2025-08-19T03:00,11.22,27.44,102.409996,1020.86,3.4,0.1,0.2,7,8,298,11.7,78
2025-08-19T03:30,10.95,27.28,102.43001,1020.78,3.4,0.1,0.3,4,5,325,11.4,79
2025-08-19T04:30,10.93,27.26,102.43001,1020.78,0,0,0,9,12,34,11.4,80
2025-08-19T05:00,11.06,27.23,102.44,1020.73,0,0,0,5,7,208,11,82
2025-08-19T05:30,10.85,27.31,102.45,1020.82,0,0,0,5,7,251,11.1,80
2025-08-19T06:00,10.99,27.23,102.44,1020.74,0,0,0,4,5,236,11.9,78
2025-08-19T07:30,11.18,27.12,102.509995,1020.62,0,0,0,4,6,256,10.5,88
2025-08-19T08:00,11.2,27.18,102.509995,1020.67,0,0,0,11,14,338,11.1,78
2025-08-19T08:30,11.17,27.21,102.53001,1020.69,3.3,0.2,0.3,6,10,0,10.9,75
2025-08-19T09:00,11.21,27.21,102.53001,1020.69,3.2,0.2,0.3,3,6,3,10.8,80
2025-08-19T09:30,11.4,27.24,102.56999,1020.68,3,0.2,0.3,8,12,359,10.8,74
2025-08-19T10:00,11.32,27.3,102.590004,1020.74,2.6,0.2,0.3,5,9,341,10.9,78
2025-08-19T10:30,11.22,27.38,102.630005,1020.82,2.8,0.2,0.3,4,6,237,10.9,78
2025-08-19T11:00,11.1,27.43,102.659996,1020.88,2.8,0.2,0.4,6,9,249,11,78
2025-08-19T11:30,10.87,27.44,102.67,1020.92,2.8,0.2,0.3,8,11,262,11,80
2025-08-19T12:00,10.83,27.46,102.68001,1020.95,2.9,0.2,0.3,10,15,354,11,76
2025-08-19T12:30,10.87,27.45,102.68001,1020.93,2.9,0.2,0.4,9,13,23,11,75
2025-08-19T13:00,10.95,27.41,102.7,1020.88,3,0.1,0.2,7,9,327,11.3,76
2025-08-19T13:30,11.14,27.38,102.68001,1020.83,3,0.1,0.2,2,5,182,11.8,70
2025-08-19T14:00,11.2,27.35,102.68001,1020.8,2.9,0.1,0.2,7,10,273,11.2,78
2025-08-19T14:30,11.36,27.36,102.65,1020.78,2.9,0.2,0.3,9,12,265,11,81
2025-08-19T15:00,11.53,27.38,102.64,1020.76,2.8,0.2,0.2,11,16,278,10.6,80
2025-08-19T15:30,11.47,27.34,102.6,1020.74,2.8,0.2,0.3,9,11,280,10.7,81
2025-08-19T16:00,11.47,27.31,102.56999,1020.72,3,0.2,0.3,10,13,251,10.6,80
2025-08-19T16:30,11.77,27.26,102.53001,1020.63,3.2,0.1,0.6,8,9,263,10.9,78
2025-08-19T17:00,11.82,27.24,102.52,1020.6,3.1,0.1,0.2,8,10,261,11,79
2025-08-19T17:30,11.9,27.23,102.509995,1020.59,3.4,0.1,0.3,11,13,261,11.1,80
2025-08-19T18:00,11.7,27.24,102.490005,1020.63,3.5,0.1,0.2,8,10,250,11.1,81
2025-08-19T18:30,11.78,27.3,102.48,1020.66,3.5,0.1,0.2,11,13,246,11.1,83
2025-08-19T19:00,11.62,27.3,102.46,1020.69,3.6,0.1,0.2,11,13,238,11.2,82
2025-08-19T19:30,11.6,27.35,102.46999,1020.73,3.6,0.1,0.2,10,12,243,11.4,81
2025-08-19T20:00,11.32,27.4,102.44,1020.81,3.7,0.1,0.2,5,7,217,11.4,84
2025-08-19T20:30,11.22,27.41,102.43001,1020.84,3.1,0.2,0.4,3,3,232,11.4,86
2025-08-19T21:00,11.44,27.42,102.39,1020.81,3.4,0.1,0.1,5,6,116,11.5,86
2025-08-19T21:30,11.3,27.48,102.38,1020.88,3.8,0.1,0.1,5,7,243,11.7,88
2025-08-19T22:00,11.29,27.55,102.37,1020.94,0,0,0,7,9,303,11.2,83
2025-08-19T22:30,11.35,27.59,102.37,1020.96,0,0,0,9,11,278,10.9,79
2025-08-19T23:30,11.21,27.64,102.37,1021.02,3.7,0.1,0.1,11,13,278,11.6,74
2025-08-20T00:00,11.28,27.52,102.37,1020.91,3.8,0.1,0.3,11,13,267,12,74
2025-08-20T00:30,11.37,27.44,102.36,1020.84,0,0,0,7,8,263,12.2,72
2025-08-20T01:00,11.38,27.41,102.35,1020.81,0,0,0,5,6,272,12.1,75
2025-08-20T01:30,11.35,27.39,102.340004,1020.81,3.5,0.1,0.2,7,8,281,11.9,78
2025-08-20T02:00,11.35,27.4,102.340004,1020.81,0,0,0,8,9,224,11.6,81
2025-08-20T02:30,11.34,27.38,102.33,1020.8,0,0,0,10,11,222,10.8,86
2025-08-20T03:00,11.34,27.38,102.33,1020.79,0,0,0,10,11,239,11,81
2025-08-20T03:30,11.33,27.36,102.33,1020.79,0,0,0,7,9,285,11,83
2025-08-20T04:00,11.33,27.36,102.32,1020.78,0,0,0,4,6,268,11,84
2025-08-20T04:30,11.31,27.36,102.3,1020.78,0,0,0,4,4,263,10.9,84
2025-08-20T05:00,11.26,27.35,102.28,1020.79,0,0,0,9,11,226,11,86
2025-08-20T05:30,11.23,27.4,102.29,1020.83,0,0,0,8,10,235,10.8,87
2025-08-20T06:00,11.17,27.42,102.28,1020.86,0,0,0,3,4,266,10.7,85
2025-08-20T06:30,11.19,27.95,102.28,1021.26,0,0,0,9,10,220,10.7,87
2025-08-20T07:00,11.14,27.96,102.28,1021.28,0,0,0,10,12,229,10.7,85
2025-08-20T07:30,11.25,28.03,102.28,1021.32,0,0,0,9,10,252,10.7,86
2025-08-20T08:00,11.27,28.09,102.3,1021.36,0,0,0,11,12,244,10.7,87
2025-08-20T09:00,11.17,28.01,102.3,1021.31,0,0,0,5,6,270,10.5,90
2025-08-20T10:00,11.07,27.88,102.340004,1021.23,0,0,0,7,8,1,10.3,86
2025-08-20T11:00,11.1,27.89,102.37,1021.24,0,0,0,1,2,337,10.9,85
2025-08-20T11:30,11.09,27.9,102.38,1021.24,0,0,0,1,2,317,10.9,86
2025-08-20T12:00,11.16,27.89,102.38,1021.23,0,0,0,0,2,278,11.1,86
2025-08-20T12:30,11.25,27.9,102.4,1021.22,0,0,0,3,4,198,10.9,85
2025-08-20T13:00,11.32,27.9,102.39,1021.21,0,0,0,4,5,33,11.4,82
2025-08-20T14:00,11.26,27.6,102.36,1020.98,0,0,0,5,6,168,11.5,84
2025-08-20T14:30,11.37,27.56,102.36,1020.93,0,0,0,2,3,94,11.5,84
2025-08-20T15:00,11.54,27.51,102.36,1020.87,0,0,0,3,5,336,11.8,84
2025-08-20T15:30,11.65,27.62,102.33,1020.93,5.2,0.1,0.2,4,5,351,12.1,84
2025-08-20T16:00,11.81,27.68,102.28,1020.95,0,0,0,7,9,21,12.4,84
2025-08-20T16:30,12.9,27.53,102.259995,1020.64,0,0,0,10,12,16,12.7,83
2025-08-20T17:00,12.86,27.51,102.25,1020.63,0,0,0,11,12,20,13.1,85
2025-08-20T17:30,13.03,27.41,102.229996,1020.52,0,0,0,8,10,3,13.3,85
2025-08-20T18:00,13.18,27.4,102.22,1020.48,0,0,0,8,10,16,13.4,87
2025-08-20T18:30,13.23,27.42,102.2,1020.49,0,0,0,10,12,15,13.7,87
2025-08-20T19:00,13.4,27.49,102.19,1020.51,0,0,0,8,10,32,13.8,87
2025-08-20T19:30,13.81,27.53,102.18,1020.46,0,0,0,10,12,77,14.2,86
2025-08-20T20:00,13.24,27.55,102.159996,1020.59,0,0,0,11,13,82,13.7,88
2025-08-20T20:30,13.17,27.57,102.15,1020.62,3.6,0.1,0.1,9,10,88,13.6,89
2025-08-20T21:00,13.16,27.59,102.15,1020.63,0,0,0,5,6,102,13.6,87
2025-08-20T21:30,12.82,27.51,102.14,1020.64,0,0,0,6,7,80,13.6,86
2025-08-20T22:00,13.01,27.59,102.14,1020.66,0,0,0,10,12,69,13.7,90
2025-08-20T22:30,13.14,27.6,102.13,1020.64,0,0,0,10,11,76,13.6,92
2025-08-20T23:00,13.17,27.59,102.13,1020.63,0,0,0,11,13,77,13.4,94
2025-08-20T23:30,12.85,27.57,102.13,1020.68,0,0,0,12,15,81,13.4,94
2025-08-21T00:00,13,27.61,102.14,1020.68,2.9,0.1,0.2,10,13,65,13.3,93
2025-08-21T00:30,12.35,27.59,102.15,1020.79,3,0.1,0.1,5,8,59,13.3,92
2025-08-21T01:00,11.72,27.52,102.17,1020.84,2.8,0.1,0.2,7,9,63,13,93
2025-08-21T01:30,12.1,27.46,102.14,1020.73,2.8,0.1,0.1,9,12,66,13,93
2025-08-21T02:00,11.83,27.53,102.13,1020.83,4.2,0.1,0.1,9,11,43,13,93
2025-08-21T02:30,11.98,27.55,102.11,1020.82,4.6,0.1,0.1,6,8,31,12.9,95
2025-08-21T03:00,11.99,27.45,102.090004,1020.74,4.2,0.1,0.2,9,11,37,12.9,97
2025-08-21T03:30,12.2,27.42,102.090004,1020.68,0,0,0,11,14,31,12.9,98
2025-08-21T04:00,12.37,27.44,102.07,1020.67,3.2,0.1,0.1,8,10,33,12.9,98
2025-08-21T04:30,11.26,28.14,102.05,1021.4,3,0.1,0.1,12,14,47,12.4,98
2025-08-21T05:00,10.93,28.36,102.06,1021.63,0,0,0,6,8,44,12.3,98
2025-08-21T05:30,10.8,28.47,102.03,1021.74,0,0,0,11,12,44,12.3,98
2025-08-21T06:00,10.93,28.47,102.020004,1021.71,0,0,0,10,12,49,12.4,96
2025-08-21T06:30,10.98,28.73,102.03,1021.91,3.4,0.1,0.2,9,12,60,12.6,95
2025-08-21T07:00,11.6,28.58,102.03,1021.68,3,0.1,0.2,4,6,74,12.6,94
2025-08-21T07:30,11.64,28.53,102.03,1021.64,3.2,0.1,0.1,2,3,323,12.5,94
2025-08-21T08:00,11.59,28.26,102.05,1021.44,0,0,0,8,10,327,11.4,96
2025-08-21T08:30,11.72,28.03,102.04,1021.23,0,0,0,10,11,337,11.4,97
2025-08-21T09:00,11.85,27.87,102.03,1021.09,0,0,0,8,9,352,12.4,95
2025-08-21T09:30,12.22,27.64,102.03,1020.85,0,0,0,10,12,25,12.6,96
2025-08-21T10:00,12.31,27.55,102.03,1020.76,0,0,0,7,8,18,12.6,96
2025-08-21T10:30,12.61,27.32,102.07,1020.53,0,0,0,9,10,36,12.9,95
2025-08-21T11:00,12.72,27.25,102.07,1020.46,0,0,0,11,12,42,13,92
2025-08-21T11:30,12.78,27.24,102.07,1020.44,0,0,0,13,15,41,13,91
2025-08-21T12:00,12.51,27.49,102.08,1020.68,0,0,0,9,10,41,13.2,86
2025-08-21T12:30,12.03,27.82,102.090004,1021.02,0,0,0,10,12,39,13.2,86
2025-08-21T13:00,11.86,27.97,102.11,1021.17,0,0,0,3,5,232,13.5,86
2025-08-21T13:30,11.68,28.26,102.11,1021.42,0,0,0,8,9,26,13.6,86
2025-08-21T14:00,12.28,28.15,102.11,1021.23,0,0,0,7,8,16,13.5,86
2025-08-21T14:30,12.41,28.06,102.07,1021.14,4.5,0.1,0.3,5,7,327,13.5,88
2025-08-21T15:00,12.85,27.84,102.05,1020.88,0,0,0,6,7,347,13.2,88
2025-08-21T15:30,13.14,27.69,102.020004,1020.72,0,0,0,5,6,8,13.9,84
2025-08-21T16:00,13.22,27.48,102.009995,1020.53,3.6,0.1,0.1,4,5,329,14,84
2025-08-21T16:30,14.48,26.66,101.979996,1019.66,0,0,0,6,7,334,14.3,83
2025-08-21T17:00,14.14,26.6,101.97,1019.68,0,0,0,6,7,341,14.4,85
2025-08-21T17:30,15.46,26.06,101.95,1019,0,0,0,5,6,334,14.4,83
2025-08-21T18:00,14.18,26.63,101.92,1019.7,0,0,0,5,6,335,14.7,78
2025-08-21T18:30,14.63,26.45,101.88,1019.47,0,0,0,3,3,64,16.5,70
2025-08-21T19:00,14.26,26.64,101.840004,1019.69,0,0,0,5,6,161,16.4,72
2025-08-21T19:30,13.86,26.79,101.83,1019.88,0,0,0,7,9,176,16.2,82
2025-08-21T20:00,13.69,26.86,101.8,1019.97,0,0,0,5,6,170,15.7,86
2025-08-21T20:30,13.89,26.85,101.78,1019.92,0,0,0,6,7,171,15.7,86
2025-08-21T21:00,13.89,26.5,101.770004,1019.65,0,0,0,6,7,181,15.7,89
2025-08-21T21:30,14.13,26.18,101.759995,1019.36,0,0,0,4,5,154,16.4,82
2025-08-21T22:00,13.97,26.19,101.759995,1019.4,0,0,0,5,6,85,16.4,82
2025-08-21T22:30,13.71,26.35,101.740005,1019.57,0,0,0,8,9,44,17,74
2025-08-21T23:00,13.64,26.31,101.759995,1019.55,0,0,0,8,10,357,15.6,82
2025-08-21T23:30,14.37,26.19,101.740005,1019.32,0,0,0,8,9,346,15.3,89
2025-08-22T00:00,15.37,26.07,101.740005,1019.03,0,0,0,12,14,30,15.8,90
2025-08-22T01:00,15.65,25.72,101.759995,1018.7,0,0,0,13,15,30,15.6,89
2025-08-22T01:30,14.05,26.42,101.78,1019.57,0,0,0,9,11,8,15.3,93
2025-08-22T02:00,14.33,26.4,101.759995,1019.49,0,0,0,9,10,36,15.2,93
2025-08-22T02:30,14.31,26.18,101.740005,1019.33,0,0,0,9,10,54,15,90
2025-08-22T03:00,14.1,26.15,101.72,1019.35,0,0,0,9,11,60,14.9,91
2025-08-22T03:30,14.34,26.2,101.68,1019.34,0,0,0,10,11,68,15,91
2025-08-22T04:00,15.04,26.43,101.67,1019.37,0,0,0,3,3,31,14.9,92
2025-08-22T04:30,15.09,26.47,101.65,1019.4,0,0,0,8,9,36,14.8,93
2025-08-22T05:00,15.51,26.46,101.63,1019.3,0,0,0,8,9,71,14.6,94
2025-08-22T05:30,14.93,26.44,101.61,1019.41,0,0,0,10,12,139,14.4,97
2025-08-22T06:00,14.46,26.47,101.61,1019.52,0,0,0,9,11,202,13.8,94
2025-08-22T06:30,14.13,26.5,101.61,1019.61,0,0,0,7,8,328,13.5,97
2025-08-22T07:00,14.24,26.57,101.61,1019.64,0,0,0,5,7,355,13.5,97
2025-08-22T07:30,14.24,26.59,101.61,1019.66,0,0,0,5,5,89,13.9,97
2025-08-22T08:00,14.06,26.61,101.63,1019.71,0,0,0,2,3,57,13.7,98
2025-08-22T08:30,14.3,26.6,101.62,1019.65,0,0,0,11,12,203,12.4,96
2025-08-22T09:00,14.39,26.58,101.62,1019.62,0,0,0,5,6,221,12.4,94
2025-08-22T09:30,14.2,26.55,101.62,1019.63,0,0,0,3,4,357,12.7,93
2025-08-22T10:00,13.93,26.6,101.62,1019.72,0,0,0,9,10,159,12.9,93
2025-08-22T10:30,13.56,26.64,101.63,1019.83,0,0,0,10,12,188,12.8,87
2025-08-22T11:00,13.98,27.07,101.65,1020.08,0,0,0,15,16,231,12.4,80
2025-08-22T11:30,14.04,27.37,101.69,1020.3,0,0,0,6,8,226,12.4,82
2025-08-22T12:00,14.08,27.07,101.659996,1020.06,0,0,0,5,6,262,12.8,81
2025-08-22T13:00,14.04,26.65,101.65,1019.75,0,0,0,6,7,306,13.5,82
2025-08-22T13:30,14.12,26.65,101.659996,1019.72,0,0,0,4,5,294,13.7,84
2025-08-22T14:00,14.25,26.62,101.64,1019.67,3.8,0.1,0.2,4,5,224,13.1,85
2025-08-22T14:30,14.43,26.68,101.61,1019.69,0,0,0,10,12,216,12.1,90
2025-08-22T15:00,14.31,26.63,101.62,1019.68,0,0,0,13,14,237,12.1,90
2025-08-22T15:30,14.51,26.63,101.590004,1019.63,0,0,0,13,16,267,11.7,89
2025-08-22T16:00,14.14,26.66,101.520004,1019.73,0,0,0,6,7,272,12.1,86
2025-08-22T16:30,13.61,26.74,101.490005,1019.89,0,0,0,4,5,282,12.6,82
2025-08-22T17:00,13.26,26.97,101.46,1020.14,0,0,0,2,3,309,13.5,79
2025-08-22T17:30,13.02,26.93,101.44,1020.15,0,0,0,3,4,121,14.7,76
2025-08-22T18:00,13.34,26.97,101.44,1020.13,3.9,0.1,0.2,1,2,189,14.7,81
2025-08-22T18:30,13.44,26.98,101.4,1020.12,0,0,0,0,2,73,15.7,81
2025-08-22T19:00,13.64,26.9,101.4,1020.01,0,0,0,3,5,117,15.7,81
2025-08-22T19:30,14.1,26.87,101.36,1019.9,0,0,0,8,9,124,15.5,86
2025-08-22T20:00,14.05,26.88,101.33,1019.92,0,0,0,5,6,108,16.1,86
2025-08-22T20:30,15.3,26.75,101.33,1019.57,0,0,0,10,11,115,16.3,87
2025-08-22T21:00,15.72,26.9,101.33,1019.59,0,0,0,10,12,116,16.3,87
2025-08-22T21:30,15.97,26.6,101.31,1019.31,0,0,0,13,16,94,16,86
2025-08-22T22:00,14.97,26.1,101.31,1019.13,0,0,0,12,14,89,15.8,83
2025-08-22T22:30,14.62,25.82,101.33,1018.99,0,0,0,10,12,105,15.9,84
2025-08-22T23:00,14.87,25.75,101.32,1018.89,0,0,0,10,12,114,15.9,85
2025-08-23T00:00,16.1,26.18,101.31,1018.96,0,0,0,11,13,108,16.5,80
2025-08-23T00:30,15.88,26.26,101.33,1019.07,3,0.1,0.2,10,12,141,16.1,86
2025-08-23T01:00,15.86,26.34,101.32,1019.13,0,0,0,8,10,144,15.7,87
2025-08-23T01:30,15.34,26.22,101.31,1019.15,0,0,0,8,9,136,15.5,87
2025-08-23T02:00,14.72,25.88,101.3,1019.01,0,0,0,9,11,131,15.5,88
2025-08-23T02:30,14.63,26.03,101.28,1019.15,0,0,0,9,10,101,15.4,88
2025-08-23T03:00,14.62,26.64,101.28,1019.62,0,0,0,6,7,82,15.2,90
2025-08-23T04:00,14.58,26.94,101.240005,1019.86,0,0,0,7,9,24,15.2,96
2025-08-23T05:00,14.44,26.92,101.18,1019.87,0,0,0,11,13,47,15,98
2025-08-23T05:30,14.24,26.98,101.229996,1019.96,0,0,0,22,26,344,13.9,98
2025-08-23T06:00,14.06,26.98,101.229996,1020,0,0,0,15,18,14,14.9,99
2025-08-23T06:30,14,27.02,101.18,1020.03,0,0,0,19,22,52,14.9,99
2025-08-23T07:00,13.53,27.11,101.159996,1020.2,2.5,0.1,0.2,11,15,78,14.8,99
2025-08-23T07:30,13.97,27.02,101.17,1020.04,2.4,0.1,0.3,10,13,67,14.8,99
2025-08-23T08:00,14.45,26.62,101.159996,1019.64,2.5,0.1,0.2,10,13,185,14.6,99
2025-08-23T09:00,14.46,26.36,101.17,1019.43,3,0.2,0.4,11,14,256,12.9,97
2025-08-23T09:30,14.45,26.25,101.12,1019.35,2.9,0.2,0.4,4,5,192,12.3,99
2025-08-23T10:00,14.16,26.26,101.15,1019.41,3,0.2,0.3,9,11,247,14.1,95
2025-08-23T10:30,14.24,26.3,101.15,1019.43,3.4,0.2,0.3,16,18,306,14.1,95
2025-08-23T11:30,14.26,26.36,101.13,1019.48,3.5,0.1,0.3,3,5,202,13.1,100
2025-08-23T12:00,14.33,26.36,101.15,1019.47,3.5,0.2,0.3,6,8,229,13.4,99
2025-08-23T12:30,14.37,26.37,101.13,1019.46,3.5,0.1,0.2,11,13,218,13.5,97
2025-08-23T13:00,14.26,26.2,101.15,1019.36,3.9,0.1,0.2,8,10,274,12.8,96
2025-08-23T13:30,14.24,26.56,101.11,1019.63,3.9,0.2,0.2,10,13,242,13,97
2025-08-23T14:00,13.56,26.96,101.11,1020.08,3.9,0.2,0.3,8,10,254,12.6,95
2025-08-23T14:30,12.68,27.16,101.11,1020.39,4,0.2,0.3,6,8,266,12.6,96
2025-08-23T15:00,12.22,27.26,101.090004,1020.55,3.9,0.1,0.2,5,6,219,12.4,97
2025-08-23T16:00,11.83,27.43,101.04,1020.75,3.7,0.1,0.2,18,20,239,13.5,95
2025-08-23T16:30,10.94,27.55,101.03,1021,3.7,0.1,0.1,13,15,213,12.7,95
2025-08-23T17:00,10.32,27.65,101.009995,1021.17,3.7,0.1,0.2,16,20,230,12.7,88
2025-08-23T17:30,10.41,27.68,101,1021.18,3.4,0.1,0.2,7,9,220,14.7,89
2025-08-23T18:00,10.56,27.67,100.979996,1021.15,3.3,0.1,0.3,4,8,222,15.3,86
2025-08-23T18:30,10.77,27.77,100.96,1021.2,3.5,0.1,0.3,15,18,247,13.8,86
2025-08-23T19:00,9.76,27.97,100.89,1021.51,2.9,0.2,0.4,34,42,250,15.2,80
2025-08-23T19:30,9.52,28,100.909996,1021.57,3.1,0.7,1.3,30,38,246,14.2,83
2025-08-23T20:00,9.23,28.1,100.909996,1021.69,3.2,0.6,0.9,24,32,248,13.7,84
2025-08-23T20:30,9.21,28.12,100.909996,1021.71,3.3,0.5,0.9,24,32,258,14,84
2025-08-23T21:00,9.47,28.02,100.89,1021.6,2.9,0.4,0.7,20,26,260,13.2,86
2025-08-23T21:30,9.85,27.93,100.88,1021.46,3,0.4,0.8,26,32,260,13.7,86
2025-08-23T22:00,9.58,28.12,100.9,1021.66,3.1,0.5,0.7,18,24,254,12.7,88
2025-08-23T22:30,9.09,28.21,100.909996,1021.8,3.1,0.5,0.8,14,19,239,11.8,90
2025-08-23T23:00,9.36,28.18,100.909996,1021.73,3,0.4,0.7,9,14,149,11.3,93
2025-08-23T23:30,9.3,28.1,100.93,1021.68,3.1,0.4,0.6,20,24,106,13.7,93
2025-08-24T00:00,9.46,28.08,100.94,1021.64,3,0.3,0.5,20,26,85,13.5,97
2025-08-24T00:30,9.66,28.08,100.93,1021.61,2.8,0.2,0.3,25,33,99,14.3,98
2025-08-24T01:00,10.19,28.05,100.95,1021.51,2.6,0.2,0.4,19,24,99,13.6,97
2025-08-24T01:30,10.45,28.03,100.92,1021.45,2.8,0.4,0.6,17,23,82,13.7,97
2025-08-24T02:00,10.49,28.03,100.909996,1021.44,3.1,0.5,0.8,16,22,61,13.7,98
2025-08-24T02:30,10.49,28.02,100.909996,1021.44,3.2,0.5,0.8,14,19,53,13.6,99
2025-08-24T03:30,10.49,27.99,100.89,1021.41,3.8,0.7,0.9,12,17,78,13.5,99
2025-08-24T04:00,10.3,27.98,100.89,1021.43,3.9,0.5,1,14,19,95,13.6,100
2025-08-24T04:30,10.4,27.99,100.88,1021.43,3.8,0.5,0.9,13,17,106,13.4,100
2025-08-24T05:00,10.46,27.97,100.88,1021.4,3.9,0.6,0.9,14,18,131,12.7,98
2025-08-24T05:30,10.45,27.95,100.85,1021.39,3.8,0.6,0.9,14,17,123,12,98
2025-08-24T06:00,10.26,27.97,100.81,1021.43,4.1,0.6,0.9,11,14,103,12.2,98
2025-08-24T06:30,10.3,27.97,100.770004,1021.42,3.9,0.6,1.2,11,15,113,12.2,97
2025-08-24T07:00,10.14,27.97,100.740005,1021.45,4,0.5,0.9,7,10,50,12.6,98
2025-08-24T07:30,10.27,27.94,100.72,1021.41,4,0.6,1,12,17,59,13.1,100
2025-08-24T08:00,10.11,27.91,100.729996,1021.41,4,0.5,0.8,14,16,4,12.7,99
2025-08-24T08:30,9.89,27.88,100.740005,1021.42,3.8,0.5,0.7,15,19,27,12.8,99
2025-08-24T09:00,9.82,27.87,100.729996,1021.42,3.6,0.4,0.7,13,17,36,13,100
2025-08-24T09:30,9.86,27.89,100.72,1021.43,3.7,0.5,0.7,9,12,47,12.9,100
2025-08-24T10:00,9.4,27.84,100.729996,1021.47,3.7,0.5,1,7,10,61,13.1,100
2025-08-24T10:30,9.47,27.81,100.75,1021.43,3.5,0.4,0.6,4,7,143,13.1,99
2025-08-24T11:30,9.74,27.77,100.740005,1021.36,3.6,0.3,0.5,3,6,353,12.4,99
2025-08-24T12:00,9.9,27.76,100.729996,1021.33,3.5,0.3,0.4,8,13,228,14,96
2025-08-24T13:00,10.02,27.77,100.8,1021.31,3.2,0.3,0.4,9,12,255,12.4,92
2025-08-24T13:30,10.11,27.75,100.81,1021.29,3.6,0.2,0.4,7,11,245,12.2,93
2025-08-24T14:00,10.03,27.76,100.840004,1021.3,3.4,0.2,0.4,10,15,240,12.1,97
2025-08-24T14:30,9.9,27.77,100.840004,1021.33,3.5,0.3,0.4,21,26,226,12.1,96
2025-08-24T15:00,9.6,27.8,100.81,1021.4,3,0.2,0.4,23,29,217,13,100
2025-08-24T15:30,9.3,27.84,100.81,1021.48,2.9,0.4,0.8,22,29,204,12.7,100
2025-08-24T16:00,9.47,27.77,100.83,1021.4,2.8,0.4,0.6,10,15,224,12,100
2025-08-24T16:30,9.42,27.98,100.82,1021.57,2.9,0.3,0.5,11,15,212,11.8,100
2025-08-24T17:00,8.2,28.24,100.81,1021.95,2.9,0.4,0.7,20,27,245,13.4,100
2025-08-24T17:30,8.34,28.23,100.81,1021.92,3.1,0.3,0.6,16,19,232,13.4,100
2025-08-24T18:00,8.99,28.06,100.740005,1021.7,3.2,0.3,0.6,25,31,213,12.7,98
2025-08-24T18:30,9.36,27.97,100.75,1021.57,3,0.3,0.5,17,21,222,13,95
2025-08-24T19:00,9.68,27.91,100.72,1021.47,3,0.3,0.4,15,19,221,13.4,95
2025-08-24T19:30,9.68,27.94,100.740005,1021.5,3.2,0.3,0.5,8,13,251,13.3,97
2025-08-24T20:30,9.42,28.02,100.72,1021.6,3.1,0.2,0.4,17,21,232,12.9,91
2025-08-24T21:00,8.84,28.13,100.7,1021.77,3.1,0.3,0.5,18,24,218,12.6,93
2025-08-24T21:30,8.32,28.23,100.7,1021.93,3,0.3,0.5,24,31,231,12.9,92
2025-08-24T22:00,8.17,28.29,100.740005,1021.99,3.1,0.4,0.8,13,19,254,12.6,91
2025-08-24T22:30,8.81,28.17,100.759995,1021.81,3.2,0.5,0.8,21,27,232,12.5,92
2025-08-24T23:00,8.88,28.13,100.78,1021.76,3.4,0.5,0.9,15,20,225,11.4,93
2025-08-24T23:30,8.84,28.07,100.79,1021.73,3.4,0.6,1.1,17,22,237,11.6,92
2025-08-25T00:00,8.86,28.06,100.840004,1021.71,3.2,0.5,0.7,10,16,231,11.2,94
2025-08-25T00:30,8.87,28.07,100.87,1021.72,3.4,0.5,0.9,15,21,247,11.7,95
2025-08-25T01:00,8.85,28.08,100.88,1021.73,3.1,0.4,0.9,10,15,186,11,94
2025-08-25T01:30,8.82,28.1,100.9,1021.75,3.1,0.4,0.7,11,15,217,11.7,94
2025-08-25T02:00,8.82,28.11,100.88,1021.76,3.1,0.4,1.1,12,17,236,12.2,96
2025-08-25T02:30,8.79,28.12,100.87,1021.77,3,0.3,0.5,11,16,242,11.8,96
2025-08-25T03:00,8.46,28.2,100.87,1021.88,2.9,0.3,0.5,11,15,236,11.8,96
2025-08-25T03:30,8.29,28.23,100.9,1021.93,2.8,0.3,0.5,11,14,314,10.7,100
2025-08-25T04:00,8.04,28.22,100.88,1021.95,3.1,0.2,0.3,8,11,228,12.9,100
2025-08-25T04:30,7.67,28.34,100.87,1022.09,3.2,0.2,0.3,10,14,202,12.9,100
2025-08-25T05:00,7.62,28.34,100.83,1022.11,3.2,0.2,0.3,21,24,203,14.1,93
2025-08-25T05:30,7.57,28.33,100.840004,1022.1,3.2,0.2,0.3,14,17,217,13.1,94
2025-08-25T06:00,7.56,28.35,100.840004,1022.12,3.3,0.1,0.3,15,17,210,13.3,90
2025-08-25T06:30,7.65,28.32,100.83,1022.09,3.4,0.1,0.2,8,9,206,11.9,94
2025-08-25T07:00,7.68,28.32,100.81,1022.08,3.3,0.1,0.2,10,12,186,13.1,96
2025-08-25T07:30,7.76,28.31,100.8,1022.06,3.5,0.1,0.2,14,16,188,13.7,95
2025-08-25T08:00,7.67,28.36,100.79,1022.11,3.4,0.1,0.2,16,19,260,13.7,95
2025-08-25T08:30,7.6,28.4,100.8,1022.15,3.4,0.1,0.2,3,5,210,13.7,98
2025-08-25T09:00,7.63,28.4,100.759995,1022.15,3.5,0.1,0.3,6,7,153,12.6,99
2025-08-25T09:30,7.66,28.44,100.759995,1022.17,3.4,0.1,0.2,6,7,165,11.7,97
2025-08-25T10:00,7.84,28.37,100.770004,1022.1,3.4,0.1,0.2,5,6,163,14.9,100
2025-08-25T10:30,7.87,28.39,100.78,1022.11,3.4,0.1,0.1,9,10,151,12.4,100
2025-08-25T11:00,8.03,28.34,100.770004,1022.05,0,0,0,12,13,113,12.2,98
2025-08-25T11:30,8.36,28.27,100.79,1021.95,0,0,0,8,10,100,13.6,94
2025-08-25T12:30,9.72,27.74,100.770004,1021.34,0,0,0,8,9,62,14.5,96
2025-08-25T13:00,9.79,27.89,100.72,1021.44,0,0,0,10,12,49,14.2,94
2025-08-25T13:30,10.55,27.33,100.740005,1020.89,0,0,0,7,8,81,14.9,100
2025-08-25T14:00,10.28,27.4,100.740005,1020.98,2.9,0.1,0.2,4,7,348,14.9,100
2025-08-25T14:30,10.08,27.58,100.72,1021.16,2.6,0.1,0.2,3,6,36,15.7,100
2025-08-25T15:30,9.45,27.83,100.659996,1021.45,2.6,0.1,0.5,12,13,117,15,100
2025-08-25T16:00,9.16,27.69,100.659996,1021.38,3,0.1,0.4,18,20,123,15,100
2025-08-25T16:30,8.92,28.03,100.6,1021.69,2.8,0.1,0.1,14,16,173,13.2,100
2025-08-25T17:30,9.55,28,100.6,1021.57,0,0,0,16,18,226,13,100
2025-08-25T18:00,10,27.62,100.590004,1021.2,0,0,0,12,14,251,12.8,100
2025-08-25T18:30,9.85,27.75,100.57,1021.33,0,0,0,15,17,226,13.5,100
2025-08-25T19:00,9.28,27.98,100.57,1021.59,0,0,0,15,18,231,13.5,100
2025-08-25T19:30,9.63,27.81,100.490005,1021.41,3.3,0.1,0.2,15,19,212,12.9,100
2025-08-25T20:00,10.22,27.24,100.46,1020.87,3.5,0.1,0.2,11,13,222,13.2,100
2025-08-25T20:30,10.39,27.49,100.43,1021.04,2.9,0.1,0.2,11,14,205,13.5,100
2025-08-25T21:00,10.25,27.44,100.45,1021.02,2.9,0.1,0.2,10,12,307,13.2,100
2025-08-25T21:30,9.99,27.48,100.46,1021.09,3,0.1,0.1,6,7,7,11.7,100
2025-08-25T22:00,9.81,27.55,100.45,1021.18,3.1,0.1,0.2,11,14,57,12.4,100
2025-08-25T22:30,9.26,27.64,100.46,1021.33,2.9,0.1,0.2,13,14,33,12.4,100
2025-08-25T23:00,8.62,27.99,100.490005,1021.69,0,0,0,10,13,45,13.2,100
2025-08-26T00:00,10,27.33,100.53,1020.98,0,0,0,9,11,78,14.6,100
2025-08-26T00:30,11.78,26.55,100.53,1020.08,3.5,0.1,0.1,10,12,84,14.6,100
2025-08-26T01:00,13.68,25.91,100.520004,1019.24,3.2,0.1,0.1,11,13,102,15,100
2025-08-26T01:30,13.69,25.93,100.520004,1019.25,3.4,0.1,0.1,11,13,149,13.7,100
2025-08-26T02:30,13.66,25.93,100.5,1019.26,0,0,0,6,7,113,14.1,100
2025-08-26T03:30,10.99,26.91,100.509995,1020.49,0,0,0,8,10,206,13,100
2025-08-26T04:00,8.89,27.88,100.490005,1021.57,0,0,0,8,10,282,10.8,100
2025-08-26T04:30,9.16,27.69,100.490005,1021.38,0,0,0,8,9,312,10.4,100
2025-08-26T05:00,8.7,27.74,100.44,1021.49,0,0,0,9,9,184,10,100
2025-08-26T05:30,8.78,27.73,100.43,1021.47,0,0,0,10,11,210,10,100
2025-08-26T06:00,8.81,27.73,100.42,1021.46,0,0,0,7,8,232,10.5,100
2025-08-26T06:30,9.1,27.57,100.409996,1021.3,0,0,0,11,12,237,10.9,100
2025-08-26T07:00,9.16,27.59,100.409996,1021.3,0,0,0,12,14,270,9.8,100
2025-08-26T07:30,9.23,27.58,100.43,1021.29,0,0,0,12,14,279,10.2,100
2025-08-26T08:00,9.2,27.58,100.409996,1021.29,0,0,0,7,8,281,9.7,100
2025-08-26T08:30,9.08,27.62,100.39,1021.34,0,0,0,7,8,252,9.8,100
2025-08-26T09:00,8.99,27.68,100.409996,1021.4,0,0,0,9,11,252,10,100
2025-08-26T09:30,8.93,27.64,100.42,1021.37,0,0,0,13,15,223,10,100
2025-08-26T10:00,8.83,27.72,100.43,1021.45,0,0,0,15,18,249,10.3,100
2025-08-26T11:00,9,27.69,100.46,1021.41,0,0,0,15,18,248,9.9,100
2025-08-26T11:30,8.62,27.86,100.479996,1021.59,0,0,0,11,14,243,10.5,100
2025-08-26T12:00,7.95,28.17,100.490005,1021.92,2.5,0.1,0.2,21,27,247,10.4,100
2025-08-26T12:30,8.2,28.22,100.490005,1021.93,2.6,0.3,0.4,21,27,246,10.4,100
2025-08-26T13:00,8.52,28.2,100.520004,1021.87,2.6,0.4,0.6,29,36,253,10.4,100
2025-08-26T13:30,9,28.09,100.520004,1021.72,2.9,0.6,1.1,18,25,248,10.4,100
2025-08-26T14:00,8.89,28.18,100.56,1021.8,2.9,0.5,0.7,21,29,250,10.6,100
2025-08-26T14:30,8.86,28.28,100.56,1021.88,2.8,0.4,0.7,27,36,250,11.2,98
2025-08-26T15:00,8.66,28.34,100.56,1021.96,2.7,0.4,0.6,27,36,244,10.9,95
2025-08-26T15:30,8.49,28.3,100.54,1021.96,2.9,0.6,0.9,22,30,238,10.5,94
2025-08-26T16:00,8.46,28.32,100.53,1021.98,2.8,0.5,1.1,22,29,243,10.8,93
2025-08-26T16:30,8.39,28.42,100.5,1022.06,2.7,0.6,1,28,35,249,11.1,91
2025-08-26T17:00,8.33,28.42,100.5,1022.07,2.9,0.5,0.8,24,32,244,11.4,88
2025-08-26T18:00,8.48,28.37,100.479996,1022.01,2.9,0.4,0.8,19,24,232,11,88
2025-08-26T19:00,8.08,28.45,100.479996,1022.13,3.1,0.7,1.4,26,35,225,11.3,89
2025-08-26T19:30,8.14,28.4,100.46,1022.08,3.4,0.7,1.2,28,36,234,11.3,89
2025-08-26T20:00,8.19,28.35,100.45,1022.04,3.3,0.7,1.1,32,40,234,11.7,88
2025-08-26T20:30,8.12,28.38,100.45,1022.07,3.4,0.8,1.3,31,38,234,11.6,86
2025-08-26T21:00,7.92,28.44,100.46,1022.14,3.4,0.9,1.5,30,38,238,11.8,84
2025-08-26T21:30,7.86,28.48,100.479996,1022.18,3.6,0.8,1.6,34,44,239,12.1,82
2025-08-26T22:00,8.15,28.49,100.5,1022.15,3.5,0.9,1.5,29,40,242,12,83
2025-08-26T22:30,8.29,28.52,100.54,1022.16,3.6,0.9,1.8,31,40,238,11.7,85
2025-08-26T23:00,8.38,28.54,100.58,1022.15,3.7,0.8,1.3,35,49,233,12.2,83
2025-08-26T23:30,8.29,28.53,100.6,1022.16,3.5,0.9,1.6,35,46,238,11.4,85
2025-08-27T00:00,8.06,28.57,100.65,1022.23,3.6,0.9,1.5,32,40,245,11,86
2025-08-27T00:30,8.76,28.45,100.69,1022.03,3.5,0.9,1.5,34,44,250,11.2,85
2025-08-27T01:00,9.15,28.27,100.71,1021.83,3.8,0.9,1.7,30,39,244,10.7,88
2025-08-27T02:00,9.23,28.16,100.740005,1021.74,3.4,0.9,1.6,30,43,250,10.5,89
2025-08-27T02:30,9.45,28.06,100.759995,1021.63,3.5,0.9,1.5,29,40,247,10.9,89
2025-08-27T03:00,9.18,28.15,100.78,1021.74,3.4,0.7,1.1,27,36,244,10.3,92
2025-08-27T03:30,8.88,28.21,100.82,1021.83,3.1,0.7,1.3,30,40,252,10.1,93
2025-08-27T04:00,8.5,28.3,100.840004,1021.96,3.2,0.7,1.1,28,38,246,10.4,93
2025-08-27T04:30,8.23,28.37,100.81,1022.05,3.1,0.7,1.1,31,39,251,10.1,93
2025-08-27T05:30,7.63,28.55,100.81,1022.27,3.1,0.7,1.4,30,40,251,9.7,95
2025-08-27T06:00,7.31,28.63,100.81,1022.37,3.2,0.7,1.1,31,39,250,10,92
2025-08-27T06:30,7.28,28.63,100.82,1022.38,3.2,0.7,1.6,27,37,244,9.6,93
2025-08-27T07:00,7.3,28.62,100.83,1022.37,3.2,0.7,1.2,26,34,243,9.6,93
2025-08-27T07:30,7.98,28.39,100.840004,1022.1,3.5,0.7,1.2,22,31,247,9.9,92
2025-08-27T08:00,8.91,28,100.840004,1021.66,3.6,0.7,1.3,27,37,246,9.8,93
2025-08-27T08:30,9.53,27.71,100.840004,1021.34,3.6,0.7,1.1,26,33,256,9.5,93
2025-08-27T09:00,10.19,27.41,100.87,1021.01,3.5,0.7,1.1,26,35,248,9.9,93
2025-08-27T09:30,10.29,27.36,100.92,1020.96,3.5,0.7,1,22,29,232,9.5,94
2025-08-27T10:00,10.44,27.31,100.94,1020.89,3.4,0.6,1.1,31,41,252,10,92
2025-08-27T10:30,10.53,27.27,100.97,1020.85,3.4,0.7,1.2,29,38,256,10.4,92
2025-08-27T11:30,10.57,27.27,101.03,1020.84,3.3,0.7,1.3,30,39,252,10.2,92
2025-08-27T12:00,10.49,27.29,101.06,1020.87,3.4,0.8,1.4,29,37,248,10.3,92
2025-08-27T12:30,10.25,27.42,101.08,1021.01,3.1,0.7,1.2,30,38,251,10.1,92
2025-08-27T13:00,10.06,27.52,101.08,1021.11,3.2,0.7,1.1,29,37,246,10.1,92
2025-08-27T13:30,9.79,27.66,101.08,1021.26,3.1,0.7,1,27,36,245,10.2,92
2025-08-27T14:00,8.82,28.12,101.090004,1021.76,3.1,0.7,1.1,25,32,238,9.8,93
2025-08-27T14:30,8.16,28.39,101.090004,1022.07,3.2,0.6,1.2,28,37,238,9.8,93
2025-08-27T15:00,7.8,28.52,101.12,1022.22,3.1,0.7,0.9,30,40,246,9.8,92
2025-08-27T15:30,7.5,28.66,101.12,1022.37,3.2,0.8,1.2,31,41,244,10.7,90
2025-08-27T16:00,7.51,28.66,101.11,1022.37,3.3,0.8,1.3,30,43,241,10.6,90
2025-08-27T16:30,7.55,28.66,101.090004,1022.36,3.2,0.8,1.2,31,41,244,10.7,89
2025-08-27T17:00,7.63,28.67,101.12,1022.36,3.3,0.8,1.3,30,41,240,10.8,89
2025-08-27T17:30,7.7,28.63,101.090004,1022.32,3.2,0.8,1.7,37,50,236,11.3,88
2025-08-27T18:00,7.69,28.63,101.08,1022.32,3.3,0.8,1.5,33,44,240,11.2,87
2025-08-27T18:30,7.54,28.69,101.07,1022.39,3.4,0.9,1.4,30,40,243,10.8,88
2025-08-27T19:00,7.4,28.74,101.08,1022.45,3.3,0.8,1.2,27,39,247,10.5,89
2025-08-27T19:30,7.27,28.77,101.07,1022.49,3.4,0.8,1.5,22,30,249,10.1,90
2025-08-27T20:00,7.07,28.83,101.08,1022.56,3.5,0.8,1.2,20,25,259,9.5,91
2025-08-27T20:30,7.25,28.88,101.04,1022.58,3.5,0.7,1,26,33,245,10.3,88
2025-08-27T21:00,7.14,28.91,101.08,1022.61,3.4,0.7,1.2,24,31,263,10.4,88
2025-08-27T21:30,8.64,28.4,101.090004,1022.01,3.4,0.6,1.1,19,26,253,10.4,86
2025-08-27T22:00,9.12,28.19,101.090004,1021.78,3.6,0.5,0.8,16,22,267,11,85
2025-08-27T22:30,10.06,27.78,101.090004,1021.32,3.4,0.5,0.7,20,25,254,10.4,92
2025-08-27T23:00,10.2,27.68,101.090004,1021.22,3.3,0.4,0.6,19,24,242,10.6,90
2025-08-27T23:30,10.32,27.63,101.11,1021.16,3.2,0.4,0.6,20,25,245,11.2,87
2025-08-28T00:00,10.3,27.65,101.15,1021.18,3.2,0.4,0.6,21,27,249,11.1,89
2025-08-28T00:30,10.22,27.67,101.17,1021.21,3.1,0.3,0.6,20,27,252,11.1,89
2025-08-28T01:00,10.24,27.67,101.17,1021.2,2.9,0.3,0.5,22,28,247,11.6,87
2025-08-28T01:30,10.24,27.66,101.2,1021.19,2.8,0.3,0.5,20,28,248,11.1,87
2025-08-28T02:00,10.16,27.68,101.2,1021.23,2.8,0.3,0.6,21,27,245,10.4,90
2025-08-28T02:30,10.19,27.67,101.229996,1021.21,2.9,0.4,0.6,21,29,248,10.5,91
2025-08-28T03:30,10.19,27.67,101.25,1021.21,2.9,0.4,0.7,21,28,249,10.7,92
2025-08-28T04:00,10.16,27.68,101.270004,1021.22,2.7,0.4,0.6,20,25,256,10.7,92
2025-08-28T04:30,10.11,27.69,101.28,1021.24,2.7,0.4,0.7,19,25,235,10.4,93
2025-08-28T05:00,10.16,27.67,101.28,1021.22,2.6,0.3,0.4,21,25,249,10.3,94
2025-08-28T05:30,10.16,27.67,101.29,1021.21,2.6,0.3,0.7,18,24,242,10.6,92
2025-08-28T06:30,9.95,27.72,101.32,1021.29,2.4,0.3,0.5,18,22,258,10.6,91
2025-08-28T07:00,9.69,27.83,101.33,1021.41,2.7,0.3,0.6,18,23,252,10.5,92
2025-08-28T07:30,9.51,27.91,101.33,1021.5,2.6,0.3,0.5,21,25,250,10.1,93
2025-08-28T08:00,9.31,28,101.35,1021.6,2.6,0.3,0.5,19,24,259,9.7,94
2025-08-28T08:30,9.22,28.06,101.35,1021.66,2.6,0.3,0.5,18,23,253,9.6,93
2025-08-28T09:00,9.26,28.04,101.38,1021.64,2.7,0.3,0.6,17,22,252,9.4,94
2025-08-28T09:30,9.19,28.06,101.4,1021.66,2.8,0.3,0.5,18,24,248,9.3,94
2025-08-28T10:30,8.81,28.23,101.44,1021.85,2.6,0.3,0.5,18,23,250,9.2,95
2025-08-28T11:00,9.41,27.92,101.45,1021.53,2.7,0.3,0.5,18,23,245,9.3,95
2025-08-28T11:30,9.39,27.93,101.47,1021.53,2.9,0.3,0.5,21,26,256,9.5,94
2025-08-28T12:00,9.36,27.95,101.490005,1021.55,2.6,0.3,0.4,16,21,249,9.5,94
2025-08-28T12:30,9.33,27.99,101.53,1021.59,2.7,0.3,0.4,21,26,259,9.4,94
2025-08-28T13:00,8.95,28.17,101.55,1021.79,2.6,0.3,0.4,19,26,261,9.4,95
2025-08-28T13:30,8.65,28.32,101.58,1021.95,2.7,0.3,0.5,18,23,256,9.4,95
2025-08-28T14:00,8.59,28.39,101.6,1022.01,2.5,0.3,0.5,16,23,260,9.5,95
2025-08-28T14:30,8.82,28.29,101.62,1021.9,2.7,0.3,0.5,16,23,263,9.6,94
2025-08-28T15:00,8.96,28.2,101.63,1021.81,2.6,0.3,0.5,19,25,263,9.7,94
2025-08-28T15:30,9.08,28.14,101.63,1021.75,2.6,0.3,0.4,20,27,258,10.1,91
2025-08-28T16:00,9.32,28.16,101.63,1021.73,2.6,0.3,0.6,18,23,266,10.1,90
2025-08-28T16:30,9.42,28.15,101.63,1021.71,2.8,0.3,0.5,19,24,254,10.4,89
2025-08-28T17:00,9.48,28.14,101.63,1021.69,2.8,0.3,0.5,17,22,260,10.3,90
2025-08-28T17:30,9.57,28.12,101.63,1021.66,2.8,0.3,0.5,15,20,261,10.3,90
2025-08-28T18:00,9.54,28.14,101.61,1021.67,2.7,0.3,0.6,15,19,261,10.4,90
2025-08-28T18:30,9.43,28.19,101.58,1021.73,2.5,0.2,0.5,15,20,265,10.8,90
2025-08-28T19:00,9.44,28.22,101.55,1021.75,2.5,0.2,0.3,13,16,273,10.9,89
2025-08-28T19:30,9.28,28.31,101.55,1021.85,2.5,0.1,0.3,13,17,280,10.8,90
2025-08-28T20:00,9.15,28.39,101.56,1021.93,2.5,0.1,0.2,8,11,266,10.5,92
2025-08-28T20:30,9.13,28.42,101.56,1021.96,2.7,0.1,0.2,12,14,234,11.6,87
2025-08-28T21:00,8.86,28.5,101.56,1022.06,2.9,0.1,0.2,9,12,203,10.2,92
2025-08-28T21:30,8.76,28.54,101.56,1022.1,2.8,0.1,0.1,8,10,195,10.3,92
2025-08-28T22:00,8.81,28.56,101.57,1022.12,3.2,0.1,0.1,7,9,173,10.2,94
2025-08-28T22:30,8.35,28.59,101.6,1022.2,3.1,0.1,0.2,9,11,219,10.8,91
2025-08-28T23:00,8.83,28.55,101.63,1022.11,3,0.1,0.2,10,11,193,10.4,94
2025-08-28T23:30,8.66,28.56,101.67,1022.14,0,0,0,10,11,197,10.9,94
2025-08-29T00:00,8.92,28.46,101.69,1022.01,3.7,0.1,0.1,8,9,149,11.1,94
2025-08-29T00:30,8.83,28.45,101.7,1022.03,3.8,0.1,0.1,8,11,166,11.1,97
2025-08-29T01:00,8.94,28.42,101.729996,1021.98,3.4,0.1,0.1,9,10,228,11.7,94
2025-08-29T01:30,8.8,28.52,101.7,1022.08,0,0,0,5,6,135,10.5,96
2025-08-29T02:00,8.93,28.47,101.69,1022.02,3.7,0.1,0.1,7,8,102,10.1,97
2025-08-29T02:30,9.04,28.44,101.68,1021.99,4.1,0.1,0.1,8,9,74,10.4,97
2025-08-29T03:00,8.88,28.51,101.7,1022.07,0,0,0,4,6,92,10.7,95
2025-08-29T03:30,8.86,28.59,101.68,1022.13,0,0,0,11,14,48,11.5,94
2025-08-29T04:00,8.88,28.59,101.67,1022.13,0,0,0,8,10,67,11.6,90
2025-08-29T04:30,8.87,28.58,101.67,1022.12,0,0,0,10,12,53,10.4,94
2025-08-29T05:00,8.86,28.6,101.659996,1022.13,0,0,0,11,12,43,10.4,97
2025-08-29T05:30,8.86,28.59,101.67,1022.13,0,0,0,7,8,38,10.3,98
2025-08-29T06:00,8.85,28.6,101.67,1022.13,5,0.2,0.3,10,13,28,10.3,98
2025-08-29T06:30,8.78,28.6,101.63,1022.15,4.7,0.1,0.2,10,12,33,10,99
2025-08-29T07:00,8.74,28.62,101.65,1022.17,3.6,0.1,0.2,12,13,44,10,99
2025-08-29T07:30,8.36,28.75,101.61,1022.33,0,0,0,13,15,54,10.2,99
2025-08-29T08:00,7.96,28.88,101.590004,1022.48,0,0,0,11,13,42,10.1,98
2025-08-29T08:30,7.92,28.88,101.590004,1022.49,0,0,0,13,15,41,10.1,99
2025-08-29T09:00,7.92,28.87,101.58,1022.48,3,0.1,0.2,18,22,46,10.4,99
2025-08-29T09:30,8.09,28.82,101.58,1022.41,2.9,0.1,0.1,13,16,68,10.1,98
2025-08-29T10:00,8.05,28.83,101.58,1022.43,3.2,0.1,0.1,14,16,72,10.1,98
2025-08-29T10:30,8.02,28.84,101.590004,1022.44,3.1,0.1,0.1,11,12,84,10.2,97
2025-08-29T11:00,8.16,28.79,101.590004,1022.39,2.9,0.1,0.1,10,11,55,10,98
2025-08-29T11:30,8.14,28.79,101.62,1022.39,3,0.1,0.2,12,15,91,10.2,97
2025-08-29T12:00,8.07,28.82,101.61,1022.42,2.9,0.1,0.2,13,15,87,10.3,94
2025-08-29T12:30,8.15,28.83,101.61,1022.42,3,0.1,0.2,12,15,82,10.5,94
2025-08-29T13:00,8.28,28.82,101.6,1022.39,2.9,0.1,0.2,13,16,82,10.6,94
2025-08-29T13:30,8.51,28.75,101.590004,1022.3,3,0.2,0.4,16,20,78,10.6,94
2025-08-29T14:00,8.62,28.73,101.590004,1022.27,3,0.2,0.4,15,20,70,11,93
2025-08-29T14:30,8.82,28.71,101.590004,1022.23,2.9,0.2,0.4,18,23,71,11.3,93
2025-08-29T15:00,8.72,28.74,101.57,1022.26,2.7,0.3,0.5,18,23,74,11.1,96
2025-08-29T15:30,8.78,28.73,101.55,1022.25,2.9,0.4,0.6,16,21,75,11,97
2025-08-29T16:00,8.75,28.76,101.53,1022.28,2.9,0.4,0.7,16,21,66,11,98
2025-08-29T16:30,8.67,28.77,101.53,1022.29,3.1,0.4,0.8,27,36,82,10.9,98
2025-08-29T17:00,8.57,28.77,101.509995,1022.31,3.2,0.6,0.9,28,39,85,10.8,100
2025-08-29T17:30,8.45,28.82,101.47,1022.37,3.4,0.8,1.4,28,40,77,10.7,100
2025-08-29T18:00,8.37,28.84,101.44,1022.39,3.6,0.8,1.5,30,42,83,10.8,100
2025-08-29T18:30,8.26,28.85,101.409996,1022.42,3.6,0.9,1.5,30,39,91,11,100
2025-08-29T19:00,8.47,28.85,101.4,1022.39,3.8,1.1,1.6,31,43,89,11.4,98
2025-08-29T19:30,8.32,28.98,101.36,1022.51,4.1,1.1,2.2,33,45,79,11,100
2025-08-29T20:00,8.91,29.04,101.32,1022.48,4.2,1.2,1.9,33,46,91,11,100
2025-08-29T20:30,8.67,29.04,101.3,1022.51,4.3,1.2,1.8,32,43,85,10.7,100
2025-08-29T21:00,8.73,29.03,101.3,1022.49,4.5,1.4,2.1,32,45,96,10.7,100
2025-08-29T21:30,8.57,29.05,101.3,1022.53,4.5,1.2,2.1,33,45,82,10.9,100
2025-08-29T22:00,8.43,29.07,101.3,1022.57,4.2,1.2,1.9,31,41,82,10.8,100
2025-08-29T22:30,8.14,29.11,101.3,1022.64,4.2,1.4,1.9,33,44,88,10.5,100
2025-08-29T23:30,7.96,29.14,101.33,1022.69,4.4,1.2,1.7,27,37,99,10,100
2025-08-30T00:00,7.92,29.14,101.44,1022.69,4.3,1.1,2,34,50,177,10.9,100
2025-08-30T00:30,7.92,29.14,101.39,1022.69,4.1,1,1.5,6,12,230,10.5,100
2025-08-30T01:00,7.87,29.15,101.37,1022.71,4,0.8,1.2,7,12,21,9.8,100
2025-08-30T01:30,7.95,29.17,101.340004,1022.71,4.2,0.7,1.1,7,11,3,10,98
2025-08-30T02:00,7.96,29.18,101.340004,1022.72,4.8,0.7,1.1,11,16,65,9.9,97
2025-08-30T02:30,7.99,29.21,101.32,1022.73,4.6,0.7,1.1,9,14,77,9.9,98
2025-08-30T03:00,8.09,29.21,101.3,1022.73,4.2,0.6,1.3,7,10,124,9.6,97
2025-08-30T03:30,8.11,29.21,101.31,1022.72,4,0.6,1.1,5,8,172,9.1,100
2025-08-30T04:00,7.98,29.23,101.31,1022.75,4.2,0.6,0.8,6,11,205,8.7,99
2025-08-30T04:30,8,29.22,101.3,1022.74,4.2,0.5,0.9,3,8,182,8.9,99
2025-08-30T05:00,8.05,29.21,101.3,1022.73,4,0.5,0.9,3,6,168,8.9,98
2025-08-30T05:30,7.98,29.19,101.29,1022.72,4.1,0.4,0.7,4,6,359,8.9,98
2025-08-30T06:00,8.05,29.22,101.3,1022.73,4,0.4,0.8,9,12,21,9,97
2025-08-30T06:30,8.02,29.21,101.28,1022.74,4.1,0.4,0.7,10,14,4,9.5,97
2025-08-30T07:00,8.01,29.21,101.28,1022.73,4.2,0.5,0.7,9,11,344,8.7,99
2025-08-30T07:30,8,29.21,101.25,1022.74,4.2,0.4,0.8,12,15,353,8.6,100
2025-08-30T08:00,7.98,29.21,101.240005,1022.74,4.1,0.4,0.7,11,13,28,9,100
2025-08-30T08:30,8.06,29.2,101.229996,1022.72,4.4,0.5,0.8,7,10,37,9,100
2025-08-30T09:00,8.04,29.2,101.22,1022.72,3.9,0.5,0.8,12,16,64,9.3,100
2025-08-30T09:30,8.04,29.2,101.229996,1022.72,4.2,0.4,0.6,11,14,104,9.1,100
2025-08-30T10:00,7.98,29.21,101.25,1022.74,4.3,0.5,0.8,9,13,116,9.1,100
2025-08-30T10:30,7.86,29.23,101.28,1022.77,4.5,0.4,0.7,7,8,160,9.9,99
2025-08-30T11:00,7.83,29.2,101.259995,1022.75,4.3,0.5,0.7,5,7,107,9.6,99
2025-08-30T11:30,7.88,29.19,101.270004,1022.74,4.3,0.4,0.6,4,6,149,9.1,99
2025-08-30T12:00,7.88,29.19,101.29,1022.73,4.2,0.4,0.6,9,11,16,9.5,99
2025-08-30T12:30,8.02,29.18,101.29,1022.71,4.4,0.4,0.6,7,9,32,9.5,99
2025-08-30T13:00,8.17,29.16,101.31,1022.67,4.2,0.4,0.7,6,11,32,9.3,99
2025-08-30T13:30,8.3,29.16,101.340004,1022.66,4,0.4,0.6,7,10,75,9.8,99
2025-08-30T14:00,8.41,29.14,101.340004,1022.62,4.2,0.4,0.7,10,13,83,10,98
2025-08-30T14:30,8.52,29.16,101.35,1022.62,3.9,0.4,0.6,11,13,86,10,98
2025-08-30T15:30,8.63,29.13,101.36,1022.59,4.1,0.4,0.5,10,12,25,10.1,100
2025-08-30T16:00,8.63,29.16,101.35,1022.61,4.3,0.4,0.6,10,14,47,10,100
2025-08-30T16:30,8.68,29.16,101.340004,1022.6,4.6,0.4,0.5,9,13,46,10,100
2025-08-30T17:00,8.45,29.08,101.340004,1022.57,4.2,0.3,0.5,9,13,40,10.1,100
2025-08-30T17:30,8.42,29.19,101.33,1022.66,4.2,0.3,0.5,7,11,64,10.3,100
2025-08-30T18:00,8.37,29.19,101.32,1022.67,4,0.3,0.4,5,8,95,10.2,100
2025-08-30T18:30,8.48,29.15,101.31,1022.62,4.2,0.3,0.4,6,8,114,10,100
2025-08-30T19:00,8.63,29.21,101.3,1022.65,4.2,0.2,0.5,6,9,88,9.9,100
2025-08-30T19:30,8.29,29.16,101.3,1022.65,4.1,0.2,0.4,11,14,99,10.1,100
2025-08-30T20:00,8.57,29.23,101.31,1022.67,4.2,0.2,0.3,9,12,113,9.8,100
2025-08-30T20:30,8.68,29.18,101.32,1022.61,4.6,0.2,0.4,3,6,37,10.1,100
2025-08-30T21:00,8.34,29.22,101.32,1022.7,4.6,0.3,0.4,5,7,131,10.3,100
2025-08-30T21:30,8.17,29.21,101.32,1022.71,4.2,0.2,0.3,4,8,87,9.9,100
2025-08-30T22:00,8.34,29.19,101.32,1022.67,4.3,0.2,0.4,2,5,129,9.9,100
2025-08-30T22:30,8.49,29.19,101.33,1022.65,4.4,0.2,0.5,2,3,129,9.9,100
2025-08-30T23:00,8.34,29.19,101.36,1022.67,4,0.2,0.4,11,13,345,10.4,100
2025-08-30T23:30,8.29,29.24,101.409996,1022.72,3.9,0.2,0.3,10,12,2,10,100
2025-08-31T00:00,8.16,29.22,101.43,1022.72,3.6,0.2,0.3,5,7,9,10.1,100
2025-08-31T00:30,8.46,29.27,101.44,1022.71,4,0.2,0.3,11,12,346,9.7,100
2025-08-31T01:00,8.62,29.22,101.45,1022.65,3.7,0.2,0.3,7,9,325,9.7,100
2025-08-31T01:30,8.48,29.18,101.479996,1022.64,4,0.2,0.4,3,5,304,9.5,100
2025-08-31T02:00,8.47,29.18,101.479996,1022.65,4,0.2,0.3,1,2,310,10,100
2025-08-31T02:30,8.57,29.18,101.5,1022.63,4,0.2,0.3,10,13,183,9.6,100
2025-08-31T03:00,8.55,29.2,101.509995,1022.65,3.9,0.2,0.3,10,12,242,8.2,100
2025-08-31T03:30,8.58,29.19,101.520004,1022.64,4.5,0.2,0.4,12,14,256,8,100
2025-08-31T04:00,8.66,29.2,101.520004,1022.63,4,0.2,0.3,14,16,259,8,100
2025-08-31T04:30,8.4,29.24,101.53,1022.7,3.5,0.2,0.4,13,16,252,8.1,100
2025-08-31T05:00,8.09,29.3,101.520004,1022.79,4.3,0.2,0.3,13,16,232,8.3,100
2025-08-31T05:30,8.05,29.3,101.54,1022.8,4.3,0.2,0.3,17,22,257,8.3,100
2025-08-31T06:00,7.97,29.29,101.55,1022.8,3.7,0.2,0.2,17,20,246,8.4,100
2025-08-31T06:30,7.82,29.3,101.54,1022.83,3.4,0.1,0.2,12,15,225,8,100
2025-08-31T07:00,7.77,29.31,101.55,1022.84,3.4,0.1,0.2,14,18,242,7.9,100
2025-08-31T07:30,7.78,29.32,101.55,1022.85,3.3,0.1,0.2,17,20,255,7.9,100
2025-08-31T08:00,7.63,29.33,101.56,1022.88,2.9,0.1,0.3,15,18,231,7.9,100
2025-08-31T08:30,7.62,29.33,101.58,1022.88,3.2,0.1,0.2,15,19,240,8,100
2025-08-31T09:30,7.64,29.31,101.590004,1022.86,2.9,0.2,0.3,19,25,254,8.1,100
2025-08-31T10:00,7.74,29.29,101.61,1022.84,2.6,0.2,0.5,22,28,243,8.5,100
2025-08-31T10:30,7.97,29.27,101.63,1022.79,2.6,0.3,0.5,20,26,241,8.4,100
2025-08-31T11:00,7.99,29.26,101.659996,1022.77,2.7,0.4,0.6,25,35,249,8.8,100
2025-08-31T11:30,8.03,29.24,101.69,1022.76,2.8,0.5,0.8,22,30,246,8.5,100
2025-08-31T12:00,8.07,29.24,101.72,1022.75,2.9,0.5,0.9,26,34,247,8.5,100
2025-08-31T12:30,8.04,29.24,101.740005,1022.76,2.9,0.5,0.9,27,36,252,8.6,100
2025-08-31T13:00,8.02,29.26,101.759995,1022.77,3,0.5,0.9,28,37,256,9.2,100
2025-08-31T13:30,7.96,29.26,101.79,1022.78,3,0.5,0.9,28,36,250,9.1,100
2025-08-31T14:00,7.96,29.26,101.82,1022.78,3,0.5,0.9,25,33,255,9.1,100
2025-08-31T14:30,7.97,29.27,101.86,1022.78,3.1,0.6,0.8,25,32,252,9.5,100
2025-08-31T15:30,8.08,29.27,101.82,1022.77,3.1,0.6,1,29,37,250,10.3,96
2025-08-31T16:00,8.17,29.27,101.82,1022.75,3.2,0.7,1.1,28,37,249,10.5,94
2025-08-31T16:30,8.15,29.27,101.83,1022.76,3.3,0.7,1.4,26,36,249,10.5,93
2025-08-31T17:00,8.2,29.26,101.86,1022.75,3.4,0.7,1.2,23,31,250,10.3,93
2025-08-31T17:30,8.28,29.26,101.840004,1022.74,3.2,0.7,1,25,32,250,10.9,92
2025-08-31T18:00,8.19,29.16,101.83,1022.67,3.2,0.7,1.3,26,35,253,11,91
2025-08-31T18:30,8.22,29.08,101.86,1022.61,3.3,0.7,1.3,22,29,249,10.6,92
2025-08-31T19:00,8.36,29.05,101.85,1022.56,3.2,0.6,1.1,23,31,245,10.9,91
2025-08-31T19:30,8.39,29.05,101.88,1022.55,3.2,0.7,1.1,22,30,256,10.8,91
2025-08-31T20:00,8.41,29.06,101.9,1022.56,3.2,0.6,1,21,28,246,10.6,91
2025-08-31T20:30,8.41,29.12,101.9,1022.61,3.1,0.6,1.1,25,31,254,10.7,91
2025-08-31T21:00,8.46,29.22,101.909996,1022.68,3,0.5,0.9,24,33,249,11.4,89
2025-08-31T21:30,8.46,29.26,101.92,1022.71,2.9,0.5,0.8,22,30,253,10.9,88
2025-08-31T22:00,8.4,29.26,101.94,1022.72,2.9,0.5,1.1,29,36,252,12,84
2025-08-31T22:30,8.32,29.27,101.97,1022.73,2.9,0.5,0.7,26,33,258,11.9,85
2025-08-31T23:00,8.3,29.25,101.990005,1022.73,2.9,0.5,0.9,20,27,262,11.1,88
2025-08-31T23:30,8.19,29.26,102.009995,1022.75,2.9,0.4,0.6,24,31,256,11,91
2025-09-01T00:00,8.06,29.29,102.05,1022.79,3,0.4,0.7,20,27,256,10.9,89
2025-09-01T00:30,8.05,29.27,102.08,1022.77,2.8,0.3,0.6,17,22,256,10.4,91
2025-09-01T01:00,8.14,29.27,102.090004,1022.76,2.8,0.3,0.5,18,23,250,10.4,90
2025-09-01T01:30,8.15,29.26,102.11,1022.75,2.8,0.3,0.5,15,19,253,10.1,90
2025-09-01T02:00,8.26,29.25,102.12,1022.73,2.9,0.3,0.5,16,20,245,10.1,91
2025-09-01T03:00,8.28,29.25,102.19,1022.73,2.9,0.2,0.4,8,11,288,9.3,94
2025-09-01T03:30,8.29,29.25,102.22,1022.72,2.8,0.2,0.4,5,7,278,9.3,93
2025-09-01T04:00,8.28,29.25,102.240005,1022.73,2.7,0.2,0.3,6,9,257,9.3,93
2025-09-01T04:30,8.16,29.26,102.240005,1022.75,2.8,0.2,0.2,3,5,309,9.6,93
2025-09-01T05:00,8.28,29.24,102.28,1022.72,2.9,0.2,0.2,7,9,194,9,92
2025-09-01T05:30,8.41,29.23,102.32,1022.7,2.7,0.1,0.2,6,8,170,8.4,94
2025-09-01T06:00,8.41,29.23,102.33,1022.69,2.9,0.1,0.2,3,4,176,8.5,95
2025-09-01T06:30,8.7,29.04,102.340004,1022.51,2.9,0.1,0.4,4,6,227,8.5,96
2025-09-01T07:00,9.28,28.81,102.36,1022.24,2.9,0.1,0.2,6,8,210,8.4,96
2025-09-01T07:30,9.56,28.66,102.37,1022.08,2.8,0.1,0.1,4,6,270,8.7,97
2025-09-01T08:00,9.28,28.77,102.39,1022.21,0,0,0,6,7,286,8.7,98
2025-09-01T08:30,8.76,29.02,102.4,1022.48,0,0,0,6,7,290,8.9,98
2025-09-01T09:00,8.41,29.21,102.43001,1022.68,0,0,0,6,7,273,8.7,99
2025-09-01T09:30,8.37,29.22,102.45,1022.69,0,0,0,9,11,291,9,99
2025-09-01T10:00,8.36,29.22,102.48,1022.69,0,0,0,10,12,218,8.6,97
2025-09-01T10:30,8.34,29.21,102.490005,1022.69,0,0,0,8,10,232,8.8,97
2025-09-01T11:00,8.28,29.22,102.53001,1022.7,0,0,0,9,10,225,8.3,97
2025-09-01T11:30,8.24,29.22,102.56999,1022.71,0,0,0,10,11,240,9,98
2025-09-01T12:00,8.16,29.23,102.56999,1022.73,0,0,0,5,7,240,9,99
2025-09-01T12:30,8.16,29.25,102.56999,1022.75,0,0,0,10,11,235,9,99
2025-09-01T13:00,8.33,29.25,102.590004,1022.72,0,0,0,8,9,261,8.8,98
2025-09-01T13:30,8.38,29.23,102.590004,1022.7,0,0,0,9,11,257,8.6,98
2025-09-01T14:00,8.57,29.21,102.590004,1022.66,0,0,0,9,9,259,8.8,97
2025-09-01T14:30,8.77,29.22,102.56999,1022.63,0,0,0,9,11,228,8.8,96
2025-09-01T15:00,9.08,29.21,102.56999,1022.58,0,0,0,7,8,265,9,96
2025-09-01T15:30,9.36,29.19,102.55,1022.52,0,0,0,6,7,248,10.8,94
2025-09-01T16:00,9.31,29.28,102.53001,1022.6,0,0,0,4,6,250,11.3,93
2025-09-01T16:30,10.27,29.21,102.509995,1022.39,4.6,0.1,0.1,7,8,231,12,92
2025-09-01T17:00,10.62,29.15,102.490005,1022.3,4.2,0.1,0.1,8,10,236,11.3,94
2025-09-01T17:30,10.48,29.03,102.46999,1022.22,0,0,0,8,9,238,11.3,94
2025-09-01T18:00,12.17,28.48,102.44,1021.5,0,0,0,7,8,217,11.6,93
2025-09-01T18:30,12.72,28.04,102.43001,1021.07,0,0,0,6,8,241,12.1,92
2025-09-01T19:00,13.01,28.08,102.38,1021.04,0,0,0,9,11,209,12.4,91
2025-09-01T19:30,12.97,28.07,102.36,1021.04,0,0,0,8,10,205,13,90
2025-09-01T20:00,13.08,28.04,102.33,1021,0,0,0,9,12,209,13,90
2025-09-01T20:30,13.09,28.06,102.3,1021.01,0,0,0,14,16,228,12.9,93
2025-09-01T21:00,12.93,28.04,102.259995,1021.02,0,0,0,15,17,236,13.2,89
2025-09-01T21:30,12.85,28.03,102.25,1021.03,4.5,0.1,0.2,14,17,228,12.8,88
2025-09-01T22:00,12.78,28.03,102.229996,1021.05,4.8,0.1,0.2,17,20,235,12.8,83
2025-09-01T22:30,12.03,28.26,102.22,1021.36,0,0,0,18,22,241,13.4,80
2025-09-01T23:00,10.5,28.98,102.2,1022.18,2.8,0.1,0.2,21,25,247,13.2,78
2025-09-01T23:30,9.99,29.08,102.19,1022.34,2.3,0.1,0.3,21,25,252,13.3,77
2025-09-02T00:00,9.9,29.13,102.19,1022.39,2.3,0.2,0.3,21,25,248,13.3,78
2025-09-02T00:30,10.09,29.17,102.19,1022.4,2.4,0.2,0.4,18,24,243,12.4,82
2025-09-02T01:00,9.66,29.18,102.19,1022.47,2.5,0.2,0.4,18,24,252,13,79
2025-09-02T02:00,9.47,29.19,102.17,1022.51,2.6,0.2,0.4,12,15,262,10.9,89
2025-09-02T02:30,8.86,29.18,102.159996,1022.59,2.6,0.2,0.3,16,20,256,11.6,86
2025-09-02T03:30,9.2,29.16,102.12,1022.52,2.8,0.2,0.3,17,21,232,12,84
2025-09-02T04:00,9.38,29.14,102.12,1022.48,2.6,0.1,0.3,13,17,238,12,84
2025-09-02T04:30,9.49,29.14,102.12,1022.46,2.6,0.1,0.3,11,12,243,10.7,89
2025-09-02T05:00,10.65,28.44,102.11,1021.73,2.9,0.1,0.2,13,15,231,11.3,88
2025-09-02T05:30,11.74,28.16,102.090004,1021.34,3.4,0.1,0.2,12,14,240,11.5,88
2025-09-02T06:00,11.93,28.12,102.1,1021.27,3.1,0.1,0.2,13,18,223,11.7,89
2025-09-02T06:30,12.07,28.1,102.11,1021.23,3.5,0.1,0.2,12,15,226,11.5,90
2025-09-02T07:00,12.28,28.07,102.11,1021.17,3.1,0.1,0.2,13,16,226,11.6,90
2025-09-02T07:30,12.32,28.06,102.11,1021.16,3.1,0.1,0.2,14,19,234,11.6,90
2025-09-02T08:00,12.15,28.08,102.11,1021.2,3.2,0.2,0.3,17,21,223,11.6,92
2025-09-02T08:30,11.72,28.16,102.1,1021.34,2.8,0.1,0.2,16,19,224,11.4,91
2025-09-02T09:00,10.87,28.43,102.090004,1021.69,2.6,0.1,0.2,17,20,222,11.4,91
2025-09-02T09:30,10.33,28.65,102.07,1021.95,2.5,0.1,0.2,15,17,213,11.1,91
2025-09-02T10:00,10.11,28.73,102.090004,1022.05,2.6,0.1,0.1,14,18,216,10.6,93
2025-09-02T10:30,9.88,28.83,102.090004,1022.17,0,0,0,11,13,229,10.2,95
2025-09-02T11:00,11.03,28.4,102.090004,1021.64,0,0,0,12,14,227,10.2,92
2025-09-02T11:30,10.58,28.55,102.08,1021.83,0,0,0,13,15,240,11.2,90
2025-09-02T12:00,9.39,29.03,102.08,1022.4,0,0,0,11,13,233,11,92
2025-09-02T12:30,9.32,29.08,102.05,1022.45,0,0,0,12,14,231,10.7,92
2025-09-02T13:00,9.1,29.14,102.05,1022.53,0,0,0,14,16,237,11,92
2025-09-02T14:00,9.51,29.12,102.009995,1022.45,0,0,0,10,13,242,11.3,92
2025-09-02T14:30,9.63,29.09,101.990005,1022.41,0,0,0,10,12,249,11.4,92
2025-09-02T15:00,9.85,29.04,101.95,1022.33,0,0,0,12,14,256,11.4,93
2025-09-02T15:30,10.1,29.04,101.9,1022.29,0,0,0,20,24,258,12.3,92
2025-09-02T16:00,10.38,28.89,101.87,1022.13,2.8,0.1,0.1,19,23,259,12.7,91
2025-09-02T16:30,11.02,28.58,101.83,1021.78,2.4,0.1,0.2,18,23,257,12.6,93
2025-09-02T17:00,11.83,28.34,101.8,1021.46,2.5,0.1,0.2,18,22,263,12.9,92
2025-09-02T17:30,12.55,28.12,101.78,1021.16,2.6,0.1,0.2,16,20,208,12.3,93
2025-09-02T18:00,13.06,28.01,101.75,1020.98,2.8,0.1,0.2,12,18,224,11.9,93
2025-09-02T18:30,13.24,27.94,101.759995,1020.89,2.8,0.1,0.2,16,22,230,11.9,93
2025-09-02T19:00,13.36,27.95,101.72,1020.87,2.8,0.2,0.4,18,25,244,12.5,93
2025-09-02T19:30,13.37,27.96,101.67,1020.88,2.8,0.3,0.6,22,28,258,13.8,87
2025-09-02T20:00,13.46,27.95,101.64,1020.86,2.8,0.3,0.5,18,24,252,13.7,87
2025-09-02T20:30,13.43,27.98,101.62,1020.88,2.9,0.4,0.6,24,31,257,14.8,81
2025-09-02T21:00,13.27,28,101.57,1020.93,2.8,0.4,0.7,24,30,257,14.5,82
2025-09-02T21:30,13.12,28.07,101.55,1021.01,2.8,0.4,0.7,14,19,224,12.8,88
2025-09-02T22:00,13.19,28.07,101.53,1021,2.8,0.5,0.8,24,33,258,13.6,86
2025-09-02T22:30,13.11,28.06,101.520004,1021,2.6,0.4,0.6,20,28,263,13.8,83
2025-09-02T23:00,13.16,28.04,101.5,1020.98,2.7,0.4,0.6,21,27,242,13.6,84
2025-09-02T23:30,13.08,28.09,101.490005,1021.04,2.7,0.3,0.8,16,22,249,13.2,84
2025-09-03T00:00,12.07,28.34,101.490005,1021.42,2.5,0.2,0.4,13,16,247,12,87
2025-09-03T00:30,10.16,28.91,101.479996,1022.18,2.5,0.2,0.4,11,15,259,12,88
2025-09-03T01:00,10.26,29,101.45,1022.23,2.6,0.2,0.3,10,13,218,11.6,89
2025-09-03T01:30,10.06,29.07,101.44,1022.32,2.6,0.2,0.3,12,14,219,12.1,87
2025-09-03T02:00,9.96,29.06,101.409996,1022.33,2.7,0.1,0.2,8,10,217,11.5,91
2025-09-03T02:30,9.87,29.07,101.4,1022.35,2.8,0.1,0.2,9,12,298,10.8,91
2025-09-03T03:00,9.96,29.02,101.38,1022.3,3.2,0.1,0.3,7,8,248,10.9,91
2025-09-03T03:30,11.73,28.34,101.37,1021.48,3.1,0.1,0.1,6,10,211,11.3,92
2025-09-03T04:00,12.29,28.2,101.37,1021.27,0,0,0,8,11,299,11.3,92
2025-09-03T04:30,12.42,28.15,101.35,1021.2,0,0,0,10,13,264,12.4,92
2025-09-03T05:00,12.97,27.71,101.33,1020.76,3.6,0.1,0.2,7,9,249,12.9,92
2025-09-03T05:30,13.35,27.37,101.3,1020.43,0,0,0,6,8,237,12.6,93
2025-09-03T06:00,13.48,27.32,101.3,1020.36,3.2,0.1,0.2,7,10,220,12.6,94
2025-09-03T06:30,13.51,27.3,101.3,1020.35,0,0,0,10,12,239,13.3,93
2025-09-03T07:00,13.56,27.29,101.28,1020.32,0,0,0,10,13,234,13.3,93
2025-09-03T07:30,13.59,27.27,101.28,1020.31,0,0,0,9,11,250,13.1,92
2025-09-03T08:00,13.61,27.26,101.270004,1020.29,3.2,0.1,0.1,12,15,295,13.8,93
2025-09-03T08:30,13.55,27.28,101.25,1020.32,3.2,0.1,0.1,14,16,243,14,91
2025-09-03T09:00,13.54,27.25,101.240005,1020.3,3,0.1,0.1,17,21,231,13.6,92
2025-09-03T09:30,13.56,27.25,101.270004,1020.29,0,0,0,16,20,233,13.2,92
2025-09-03T10:00,13.63,27.29,101.259995,1020.31,0,0,0,20,25,231,12.7,94
2025-09-03T10:30,13.66,27.32,101.259995,1020.33,2.7,0.1,0.1,16,19,227,12.3,94
2025-09-03T11:00,13.46,27.47,101.259995,1020.49,0,0,0,16,19,224,12.2,94
2025-09-03T11:30,13.01,28.02,101.259995,1021,0,0,0,15,17,220,12.3,94
2025-09-03T12:00,12.92,28.04,101.259995,1021.03,0,0,0,13,17,249,11.9,95
2025-09-03T12:30,12.75,28.08,101.25,1021.09,3.3,0.1,0.2,11,13,242,11.4,96
2025-09-03T13:00,12.36,28.19,101.259995,1021.25,2.9,0.1,0.1,9,11,259,11.1,96
2025-09-03T13:30,10.89,28.66,101.259995,1021.87,0,0,0,8,10,232,11.1,96
2025-09-03T14:00,10.54,28.91,101.25,1022.12,2.7,0.1,0.1,7,10,215,11.1,96
2025-09-03T14:30,11.09,28.8,101.229996,1021.94,0,0,0,5,6,239,11.8,95
2025-09-03T15:00,11.53,28.71,101.2,1021.79,0,0,0,6,8,227,12,94
2025-09-03T15:30,11.72,28.67,101.18,1021.74,0,0,0,6,8,246,12,93
2025-09-03T16:00,12.4,28.65,101.13,1021.6,0,0,0,8,11,237,12.5,93
2025-09-03T16:30,12.3,28.49,101.08,1021.49,0,0,0,7,9,230,13.1,92
2025-09-03T17:30,12.67,28.51,101.020004,1021.44,4.4,0.1,0.2,7,9,253,13.9,90
2025-09-03T17:36TC],12.7,28.41,101.009995,1021.35,4.7,0.1,0.1,7,9,255,14,90
2025-09-03T18:00,12.86,28.45,100.979996,1021.36,4,0.1,0.5,12,14,271,14,91
2025-09-03T18:09TC],13.04,28.47,100.97,1021.34,,,,11,14,267,13.9,91
2025-09-03T18:30,13.07,28.51,100.94,1021.36,3.1,0.1,0.2,9,12,273,14.1,91
2025-09-03T19:00,12.99,28.59,100.94,1021.44,3.3,0.1,0.2,9,12,209,13.8,90
2025-09-03T19:30,12.92,28.19,100.95,1021.15,3.1,0.1,0.2,4,6,238,13.8,90
2025-09-03T20:00,13.99,27.74,100.95,1020.59,3.2,0.1,0.2,12,14,180,14,90
2025-09-03T20:30,14.2,27.46,100.96,1020.33,3.2,0.1,0.2,13,16,192,14,90
2025-09-03T21:00,14.37,27.39,100.909996,1020.24,3.1,0.1,0.2,6,8,177,14.3,83
2025-09-03T21:30,14.6,27.37,100.909996,1020.18,2.9,0.1,0.3,5,8,196,15.1,83
2025-09-03T22:00,14.64,27.36,100.88,1020.17,2.8,0.1,0.2,7,9,148,15.2,86
2025-09-03T22:30,14.66,27.36,100.86,1020.16,3.1,0.2,0.3,3,6,248,15.7,85
2025-09-03T23:00,14.62,27.36,100.89,1020.17,2.8,0.2,0.4,14,17,224,14.9,87
2025-09-03T23:30,14.62,27.36,100.87,1020.17,2.6,0.2,0.4,14,17,220,15.3,88
2025-09-04T00:00,14.64,27.42,100.88,1020.21,2.7,0.2,0.4,5,8,205,16.2,84
2025-09-04T00:30,14.62,27.44,100.9,1020.23,2.5,0.2,0.3,3,5,88,14.6,90
2025-09-04T01:00,14.51,27.69,100.909996,1020.45,2.9,0.1,0.2,7,10,97,15.5,89
2025-09-04T01:30,13.82,28.03,100.909996,1020.84,2.9,0.1,0.2,4,6,110,15.6,90
2025-09-04T02:00,13.7,28.28,100.909996,1021.06,2.8,0.1,0.2,2,5,250,16.2,84
2025-09-04T02:30,13.38,28.38,100.909996,1021.21,2.8,0.1,0.2,1,2,155,15.3,89
2025-09-04T04:00,13.17,28.17,100.9,1021.08,3.9,0.1,0.3,9,11,217,15.4,83
2025-09-04T04:30,13.37,28.14,100.88,1021.02,4.5,0.1,0.2,11,14,211,14.5,88
2025-09-04T05:00,13.77,27.94,100.9,1020.79,0,0,0,14,17,217,14.2,89
2025-09-04T05:30,13.56,27.95,100.92,1020.84,3.7,0.1,0.2,10,12,228,14.1,89
2025-09-04T06:00,13.73,27.78,100.909996,1020.67,0,0,0,13,16,213,13.4,91
2025-09-04T06:30,13.76,27.75,100.92,1020.64,0,0,0,8,11,218,13.6,91
2025-09-04T07:00,13.74,27.75,100.93,1020.65,2.7,0.1,0.1,5,8,227,13.5,94
2025-09-04T07:30,13.74,27.71,100.94,1020.62,3,0.1,0.1,9,11,233,13.6,92
2025-09-04T08:00,13.8,27.66,100.95,1020.57,0,0,0,16,20,213,13.6,91
2025-09-04T08:30,13.76,27.62,100.97,1020.55,0,0,0,20,24,217,13.7,90
2025-09-04T09:00,13.62,27.63,100.979996,1020.58,2.4,0.1,0.1,20,23,232,12.9,93
2025-09-04T09:30,13.54,27.58,101,1020.56,2.3,0.1,0.1,13,15,239,12,95
2025-09-04T10:00,13.55,27.54,101.009995,1020.52,2.3,0.1,0.2,16,19,233,11.9,96
2025-09-04T10:30,13.51,27.52,101.05,1020.52,2.3,0.1,0.1,16,18,241,11.7,98
2025-09-04T11:00,13.53,27.51,101.07,1020.5,0,0,0,12,14,242,12,98
2025-09-04T11:30,13.53,27.52,101.08,1020.51,3.4,0.1,0.2,9,11,256,12.1,97
2025-09-04T12:00,13.52,27.56,101.090004,1020.54,3.6,0.1,0.2,8,10,243,12.5,95
2025-09-04T12:30,13.42,27.58,101.12,1020.58,3.3,0.1,0.2,6,8,228,12.8,94
2025-09-04T13:00,13.4,27.64,101.13,1020.63,0,0,0,5,7,249,13.3,92
2025-09-04T13:30,13.41,27.76,101.13,1020.72,0,0,0,5,6,224,13.3,92
2025-09-04T14:00,13.51,27.81,101.12,1020.74,0,0,0,5,6,209,13.4,91
2025-09-04T14:30,13.48,28.33,101.11,1021.14,3.5,0.1,0.2,2,3,178,14.1,90
2025-09-04T15:00,13.56,28.33,101.090004,1021.13,0,0,0,5,6,185,14.6,90
2025-09-04T15:30,10.4,27.59,101.07,1021.12,0,0,0,1,4,53,15.9,87
2025-09-04T16:00,10.86,27.53,101.04,1020.99,0,0,0,3,4,40,15.3,85
2025-09-04T17:00,10.24,27.57,100.990005,1021.12,0,0,0,6,7,27,15.5,85
2025-09-04T17:30,12.04,27.5,100.979996,1020.77,0,0,0,8,9,40,15.7,84
2025-09-04T18:00,11.28,27.76,100.96,1021.1,0,0,0,7,8,49,16.5,83
2025-09-04T18:30,15.7,28.39,100.96,1020.74,0,0,0,11,12,68,16.5,83
2025-09-04T19:00,15.85,27.93,100.93,1020.36,0,0,0,11,14,75,16.7,87
2025-09-04T19:30,15.57,27.66,100.909996,1020.21,0,0,0,13,15,85,16.7,88
2025-09-04T20:00,15.38,27.52,100.87,1020.14,0,0,0,15,18,93,16.7,90
2025-09-04T20:30,15.66,27.38,100.840004,1019.97,0,0,0,14,17,93,16.3,92
2025-09-04T21:00,15.59,27.21,100.83,1019.86,2.5,0.1,0.4,15,18,92,16.4,91
2025-09-04T21:30,15.37,27.07,100.82,1019.8,2.4,0.1,0.2,15,18,97,16.4,92
2025-09-04T22:00,15.39,27.05,100.79,1019.77,2.3,0.1,0.2,17,21,95,16.5,90
2025-09-04T22:30,15.28,27.1,100.8,1019.84,2.2,0.1,0.2,15,18,100,16.5,89
2025-09-04T23:00,15.38,27.19,100.81,1019.89,3,0.1,0.2,15,18,109,16.5,90
2025-09-04T23:30,15.15,27.3,100.82,1020.02,3.1,0.1,0.2,17,21,110,16.5,87
2025-09-05T00:00,14.88,27.41,100.83,1020.16,2.4,0.1,0.9,16,19,114,16.4,87
2025-09-05T00:30,15.06,27.53,100.83,1020.22,2.4,0.2,0.3,17,22,125,16.5,87
2025-09-05T01:00,14.71,27.43,100.83,1020.21,2.8,0.2,0.2,16,19,146,16.8,80
2025-09-05T01:30,14.73,27.43,100.83,1020.2,2.9,0.1,0.2,21,27,163,16.8,80
2025-09-05T02:00,14.4,27.62,100.83,1020.42,2.6,0.1,0.3,22,27,159,17.1,76
2025-09-05T02:30,13.66,27.83,100.86,1020.73,2.7,0.1,0.2,16,20,163,16.6,79
2025-09-05T03:30,12.91,27.93,100.81,1020.95,2.6,0.1,0.2,19,25,158,16.6,80
2025-09-05T04:30,11.49,28.2,100.840004,1021.41,2.7,0.2,0.3,21,26,170,16.4,82
2025-09-05T05:00,11.43,28.26,100.840004,1021.46,2.6,0.2,0.3,22,29,169,16.5,80
2025-09-05T05:30,11.31,28.28,100.86,1021.5,2.8,0.2,0.4,24,35,229,16,79
2025-09-05T06:00,10.89,27.85,100.86,1021.24,2.8,0.2,0.4,12,18,242,14.2,84
2025-09-05T06:30,10.45,27.71,100.840004,1021.2,3.3,0.3,0.4,16,21,219,14.2,82
2025-09-05T07:00,9.77,27.37,100.83,1021.04,3.4,0.4,0.7,15,21,212,14.9,81
2025-09-05T07:30,9.79,27.2,100.840004,1020.91,3.4,0.4,0.6,19,25,216,14.9,80
2025-09-05T08:00,9.81,27.19,100.86,1020.9,3.4,0.3,0.5,10,14,226,13.5,84
2025-09-05T08:30,9.73,27.16,100.85,1020.89,3.5,0.3,0.6,13,19,196,14.2,82
2025-09-05T09:00,9.66,27.14,100.89,1020.88,3.5,0.4,0.5,19,25,196,13.8,84
2025-09-05T09:30,9.38,26.98,100.89,1020.79,3.2,0.3,0.5,22,29,202,13.9,84
2025-09-05T10:00,9.21,26.92,100.93,1020.77,3.1,0.3,0.5,20,27,200,13.7,83
2025-09-05T10:30,9.21,26.91,100.93,1020.77,3.3,0.3,0.6,19,26,196,12.9,86
2025-09-05T11:00,9.57,27.03,100.97,1020.81,3.2,0.3,0.6,21,30,204,12.4,89
2025-09-05T11:30,8.89,26.73,101.009995,1020.67,3,0.3,0.6,17,24,213,11.8,93
2025-09-05T12:00,8.89,26.59,101.009995,1020.56,3,0.3,0.5,12,19,183,11.6,96
2025-09-05T12:30,8.93,26.5,101.03,1020.49,3,0.3,0.5,14,19,186,11.8,96
2025-09-05T13:00,8.96,26.36,101.05,1020.37,3,0.3,0.5,13,18,189,12,94
2025-09-05T13:30,9.64,26.25,101.04,1020.19,3.1,0.3,0.5,14,18,185,12,94
2025-09-05T14:00,9.81,26.21,101.03,1020.14,3,0.2,0.4,17,23,192,12.7,92
2025-09-05T14:30,9.84,26.13,101.05,1020.06,3.1,0.2,0.4,16,20,192,12.7,92
2025-09-05T15:00,9.88,26.13,101.06,1020.06,3.1,0.2,0.4,12,15,199,12.6,93
2025-09-05T15:30,9.82,26.13,101.03,1020.07,3.2,0.2,0.4,19,23,207,13.3,91
2025-09-05T16:00,9.79,26.14,101.009995,1020.08,3.4,0.3,0.4,20,25,200,13.5,91
2025-09-05T16:30,9.97,26.15,101.009995,1020.06,3.4,0.3,0.5,16,21,199,13.5,91
2025-09-05T17:00,9.98,26.09,100.97,1020.01,3.6,0.4,0.6,15,21,191,13.7,90
2025-09-05T18:00,10.49,25.1,100.95,1019.16,3.7,0.3,0.6,21,27,186,14.7,89
2025-09-05T18:30,10.6,25,100.95,1019.07,3.8,0.3,0.6,16,22,217,14.6,84
2025-09-05T19:30,11.43,24.53,100.92,1018.57,3.6,0.3,0.6,6,10,217,13.8,94
2025-09-05T20:00,11.5,24.55,100.909996,1018.57,3.4,0.2,0.4,11,18,320,13.8,91
2025-09-05T20:30,12.05,24.6,100.9,1018.53,3.3,0.2,0.4,8,12,314,14.2,83
2025-09-05T21:00,12.6,24.72,100.89,1018.52,3.3,0.2,0.3,8,11,234,16.9,73
2025-09-05T21:30,11.98,24.96,100.89,1018.81,3.3,0.1,0.2,11,14,228,16.9,73
2025-09-05T22:00,10.92,25.48,100.87,1019.39,3.2,0.1,0.2,7,11,215,17.1,68
2025-09-05T22:30,11.58,25.14,100.86,1019.02,3.1,0.1,0.2,7,11,163,15.7,68
2025-09-05T23:00,11.91,25.29,100.86,1019.08,3,0.1,0.2,8,12,205,15.7,68
2025-09-05T23:30,12.07,25.28,100.840004,1019.05,3,0.1,0.2,10,14,108,16.5,64
2025-09-06T00:00,11.79,25.61,100.840004,1019.35,3,0.2,0.3,7,11,65,14.7,90
2025-09-06T00:30,12.16,25.87,100.83,1019.49,3.1,0.2,0.3,9,15,59,14.5,89
2025-09-06T01:00,12.26,26.19,100.8,1019.72,3.2,0.2,0.2,10,15,71,15,84
2025-09-06T01:30,12.28,26.2,100.740005,1019.72,3.1,0.1,0.3,7,10,66,14.1,91
2025-09-06T02:00,12.27,25.92,100.71,1019.5,3.3,0.1,0.2,8,12,123,15.4,95
2025-09-06T02:30,12.34,26.05,100.7,1019.59,3.1,0.1,0.2,8,11,204,17.3,87
2025-09-06T03:00,12.42,26.17,100.659996,1019.67,3.2,0.1,0.2,5,7,229,15.8,90
2025-09-06T03:30,12.52,26.3,100.62,1019.76,3.8,0.1,0.2,16,21,205,15.8,88
2025-09-06T04:00,12.62,26.49,100.6,1019.88,3.6,0.1,0.2,18,21,206,16,88
2025-09-06T04:30,12.87,26.64,100.590004,1019.96,3.9,0.1,0.2,17,21,217,15.7,88
2025-09-06T05:00,13.03,26.69,100.58,1019.96,3.1,0.2,0.4,16,19,227,15.3,90
2025-09-06T05:30,13.22,26.79,100.58,1020,3.2,0.3,0.5,13,18,242,14.3,93
2025-09-06T06:00,13,26.45,100.57,1019.79,3.4,0.4,0.6,19,23,242,14.6,92
2025-09-06T06:30,13.09,26.54,100.56,1019.84,3.4,0.3,0.7,15,18,247,14.3,91
2025-09-06T07:00,12.8,26.77,100.56,1020.07,3.3,0.4,0.6,26,37,260,14.6,87
2025-09-06T07:30,11.27,26.48,100.58,1020.11,3.4,0.4,0.8,17,23,239,13.2,93
2025-09-06T08:00,10.36,26.32,100.65,1020.13,3.6,0.4,0.6,20,26,238,12.9,93
2025-09-06T08:30,10.38,26.05,100.69,1019.92,3.6,0.4,0.8,20,25,267,12.8,94
2025-09-06T09:00,10.49,26.14,100.72,1019.97,3.4,0.4,0.7,21,29,249,13.6,90
2025-09-06T09:30,10.51,26.05,100.740005,1019.9,3.1,0.4,0.8,19,26,254,12.5,92
2025-09-06T10:00,10.47,25.93,100.759995,1019.82,2.9,0.4,0.7,23,31,234,13.6,88
2025-09-06T10:30,10.32,25.8,100.79,1019.74,2.9,0.5,0.9,23,30,219,13,91
2025-09-06T11:00,10.27,25.83,100.840004,1019.77,3,0.4,0.8,21,25,229,12.5,93
2025-09-06T11:30,10.5,26.08,100.88,1019.93,3,0.4,0.8,21,29,253,13.2,92
2025-09-06T12:00,10.14,25.57,100.93,1019.58,3,0.5,0.9,27,37,284,12.2,94
2025-09-06T12:30,10.29,25.77,100.96,1019.71,3.2,0.6,1.1,35,44,267,12.1,95
2025-09-06T13:00,10.67,26.13,100.95,1019.94,3.4,0.8,1.3,37,49,266,13.1,88
2025-09-06T14:00,10.46,26.15,101.009995,1019.99,3.8,1.1,2,33,42,258,12.4,85
2025-09-06T14:30,10.11,26.18,101,1020.07,3.4,0.9,1.4,31,39,240,12.4,85
2025-09-06T15:00,9.68,26.15,101.05,1020.11,3.3,0.8,1.3,34,48,249,12.1,83
2025-09-06T15:30,9.52,26.22,101.06,1020.18,3.2,0.8,1.3,39,51,252,12.6,80
2025-09-06T16:00,9.29,26.5,101.05,1020.43,3.4,0.9,1.8,39,54,247,12.6,74
2025-09-06T16:30,9.32,26.48,101.090004,1020.41,3.6,1,1.7,39,55,244,12.6,79
2025-09-06T17:00,9.33,26.26,101.1,1020.24,4.1,1.1,1.8,32,41,245,12.8,80
2025-09-06T17:30,9.1,26.61,101.12,1020.55,4,1,1.8,33,43,245,12.5,79
2025-09-06T18:00,8.93,26.71,101.1,1020.65,4,1.1,1.7,30,39,244,12.2,80
2025-09-06T18:30,8.88,26.73,101.1,1020.67,4.2,1,1.8,23,29,241,11.7,82
2025-09-06T19:00,8.91,26.66,101.1,1020.62,4,0.9,1.4,27,33,232,12.1,81
2025-09-06T19:30,8.8,26.78,101.15,1020.72,4,1,1.5,26,33,219,12,85
2025-09-06T20:00,8.68,26.84,101.18,1020.79,4.1,0.9,1.8,29,37,233,12.4,82
2025-09-06T20:30,8.77,26.74,101.159996,1020.69,4,1,2,29,37,221,11.9,84
2025-09-06T21:00,8.9,26.57,101.159996,1020.55,3.9,0.9,1.5,23,30,227,11.5,89
2025-09-06T23:00,8.87,26.61,101.159996,1020.58,3.2,0.6,1.2,15,20,229,10.8,94
2025-09-06T23:30,8.91,26.55,101.2,1020.53,3.5,0.5,0.9,20,27,215,10.8,94
2025-09-07T00:00,9.04,26.41,101.2,1020.4,3,0.5,0.8,21,31,234,11.2,92
2025-09-07T00:30,9.02,26.42,101.22,1020.41,3,0.4,0.8,17,22,244,10.5,94
2025-09-07T01:00,8.93,26.49,101.22,1020.48,3,0.4,0.7,22,29,234,10.6,94
2025-09-07T01:30,9.94,24.68,101.22,1018.92,3.1,0.4,0.7,24,29,247,10.5,95
2025-09-07T02:00,10.09,24.47,101.21,1018.73,2.9,0.3,0.8,22,27,243,10.7,95
2025-09-07T02:30,10.17,24.36,101.229996,1018.64,2.8,0.4,0.6,22,26,234,10.5,95
2025-09-07T03:00,10.13,24.41,101.229996,1018.68,2.8,0.3,0.6,25,32,237,10.7,94
2025-09-07T03:30,10.12,24.41,101.240005,1018.68,2.8,0.4,0.6,22,29,230,10.8,93
2025-09-07T04:00,10.07,24.46,101.28,1018.73,2.8,0.4,0.7,22,27,236,11,92
2025-09-07T04:30,10.1,24.41,101.28,1018.69,2.7,0.4,0.8,20,26,250,10.7,94
2025-09-07T05:00,10.05,24.47,101.28,1018.74,2.9,0.4,0.7,21,28,246,10.7,94
2025-09-07T05:30,10,24.52,101.3,1018.78,2.9,0.5,0.7,21,29,246,10.6,95
2025-09-07T06:00,9.97,24.56,101.28,1018.82,3.1,0.4,0.7,23,32,246,10.6,95
2025-09-07T06:30,9.88,24.69,101.28,1018.93,3,0.6,0.9,26,33,254,10.6,96
2025-09-07T07:00,9.77,24.85,101.259995,1019.08,3.1,0.6,1,24,33,254,10.6,96
2025-09-07T07:30,9.65,25.02,101.28,1019.23,3.1,0.6,1,27,37,261,10.5,96
2025-09-07T08:00,9.56,25.13,101.259995,1019.33,3.3,0.6,1.1,28,35,259,10.3,97
2025-09-07T08:30,9.43,25.33,101.3,1019.5,3.2,0.6,1,27,34,257,10.2,98
2025-09-07T09:00,9.35,25.45,101.340004,1019.61,3.2,0.7,1.3,17,24,235,10.1,98
2025-09-07T09:30,9.37,25.39,101.37,1019.56,3.3,0.6,0.8,9,14,210,9.7,99
2025-09-07T10:00,9.78,24.77,101.4,1019.01,3.2,0.6,0.8,11,15,231,10,99
2025-09-07T10:30,9.79,24.74,101.43,1018.99,3,0.5,0.8,12,14,230,9.9,98
2025-09-07T11:00,9.85,24.71,101.45,1018.96,3,0.5,0.8,15,18,234,10,97
2025-09-07T12:30,9.86,24.81,101.490005,1019.03,2.8,0.3,0.6,12,15,218,9.8,98
2025-09-07T13:00,9.89,24.81,101.490005,1019.03,2.7,0.3,0.5,12,15,226,9.9,98
2025-09-07T14:00,10.06,24.73,101.490005,1018.94,2.5,0.1,0.3,6,8,243,10.5,97
2025-09-07T14:30,10.16,24.65,101.479996,1018.87,3,0.1,0.2,3,4,194,10.7,95
2025-09-07T15:00,10.13,24.62,101.47,1018.85,3,0.1,0.2,2,4,89,11.4,92
2025-09-07T15:30,9.99,24.74,101.42,1018.96,3.5,0.1,0.2,2,3,158,11.4,93
2025-09-07T16:00,9.92,24.91,101.38,1019.1,0,0,0,4,5,143,12.6,89
2025-09-07T17:30,9.78,25.08,101.25,1019.26,0,0,0,3,4,241,12.4,90
2025-09-07T18:00,10.28,24.77,101.229996,1018.94,0,0,0,8,10,248,12.2,90
2025-09-07T18:30,9.7,25.1,101.19,1019.29,0,0,0,4,5,190,11.8,92
2025-09-07T19:00,9.45,25.27,101.17,1019.46,0,0,0,9,11,202,11.6,92
2025-09-07T19:30,9.74,25.23,101.17,1019.38,0,0,0,17,20,176,11.6,92
2025-09-07T20:00,9.86,25.25,101.159996,1019.38,0,0,0,8,10,164,11,96
2025-09-07T20:30,9.47,25.55,101.159996,1019.67,0,0,0,16,18,174,11,96
2025-09-07T21:00,9.62,25.51,101.13,1019.61,0,0,0,11,12,171,11.5,93
2025-09-07T21:30,9.67,25.48,101.15,1019.58,0,0,0,17,20,189,11.9,92
2025-09-07T22:00,9.57,25.53,101.12,1019.64,0,0,0,7,10,238,12.2,90
2025-09-07T22:30,9.53,25.55,101.12,1019.66,0,0,0,11,13,260,11.6,88
2025-09-07T23:00,9.43,25.63,101.13,1019.73,0,0,0,19,22,233,11.8,89
2025-09-07T23:30,9.23,25.9,101.12,1019.98,2.3,0.1,0.2,16,20,222,11.7,89
2025-09-08T00:00,9.41,25.58,101.17,1019.7,2.4,0.2,0.3,21,25,214,12,92
2025-09-08T00:30,9.29,25.57,101.17,1019.71,2.2,0.2,0.3,20,23,215,12,90
2025-09-08T01:30,9.52,25.09,101.18,1019.3,2.8,0.1,0.2,20,24,238,10.8,91
2025-09-08T02:30,9.83,25.19,101.22,1019.34,2.9,0.2,0.7,25,28,247,10.6,88
2025-09-08T03:00,8.67,25.99,101.229996,1020.12,2.5,0.3,0.5,26,37,254,10.4,87
2025-09-08T03:30,8.92,25.91,101.240005,1020.02,2.6,0.5,0.8,27,38,254,10.2,88
2025-09-08T04:00,8.9,25.87,101.240005,1020,2.7,0.6,0.9,26,32,265,9.8,90
2025-09-08T04:30,8.69,26.03,101.25,1020.15,2.8,0.6,0.9,29,39,258,9.9,90
2025-09-08T05:00,8.54,26.2,101.28,1020.31,3,0.7,1.3,29,37,254,9.9,91
2025-09-08T05:30,8.33,26.28,101.32,1020.4,3.4,0.7,1.4,29,39,255,9.7,90
2025-09-08T06:00,8.35,26.38,101.33,1020.48,3.4,0.8,1.4,32,40,250,10.2,87
2025-09-08T06:30,8.38,26.43,101.35,1020.51,3.6,0.8,1.3,27,37,268,9.2,91
2025-09-08T07:00,8.35,26.51,101.37,1020.58,3.6,0.8,1.4,25,37,262,9.7,89
2025-09-08T07:30,8.31,26.55,101.37,1020.61,3.4,0.7,1.2,27,35,248,9.7,89
2025-09-08T08:00,8.31,26.56,101.4,1020.62,3.4,0.7,1.1,27,34,255,9.4,89
2025-09-08T08:30,8.31,26.58,101.47,1020.64,3.4,0.7,1.3,29,43,250,9.4,86
2025-09-08T09:00,8.31,26.61,101.509995,1020.65,3.2,0.7,1.2,25,35,251,9.2,88
2025-09-08T09:30,8.3,26.63,101.55,1020.67,3.3,0.7,1.2,26,34,247,9.3,88
2025-09-08T10:00,8.21,26.63,101.6,1020.69,3.1,0.6,1.1,29,38,246,9.4,87
2025-09-08T10:30,8.22,26.61,101.659996,1020.67,3.2,0.6,1.8,28,36,247,9.5,85
2025-09-08T11:00,8.21,26.57,101.7,1020.64,3,0.7,1.1,27,34,248,9.5,84
2025-09-08T11:30,8.08,26.55,101.729996,1020.64,3.1,0.7,1.1,29,37,246,9.5,83
2025-09-08T12:00,8.08,26.52,101.78,1020.62,3.2,0.6,1,29,36,243,9.4,84
2025-09-08T12:30,8.15,26.52,101.78,1020.61,3.1,0.8,1.2,32,39,252,9.5,84
2025-09-08T13:00,8.16,26.46,101.840004,1020.56,3.3,0.8,1.8,31,38,245,9.1,85
2025-09-08T13:30,8.3,26.4,101.86,1020.49,3.2,0.7,1.1,28,38,249,9.1,86
2025-09-08T14:00,8.34,26.12,101.909996,1020.27,3.1,0.6,1,31,37,242,9.1,85
2025-09-08T14:30,8.41,26.01,101.9,1020.17,3,0.7,1.3,26,33,240,9.2,85
2025-09-08T15:00,8.76,25.76,101.93,1019.93,3.1,0.7,1.4,30,39,239,9.2,83
2025-09-08T15:30,8.95,25.63,101.94,1019.8,3.1,0.7,1.2,31,39,241,9.5,82
2025-09-08T16:00,9.15,25.55,101.93,1019.72,3.2,0.7,1.1,29,37,237,9.6,81
2025-09-08T16:30,9.29,25.48,101.94,1019.64,3.2,0.8,1.1,33,43,238,9.8,79
2025-09-08T17:30,9.47,25.39,101.97,1019.54,3.4,0.8,1.3,36,48,240,10.1,77
2025-09-08T18:00,9.6,25.3,101.979996,1019.46,3.6,0.8,1.6,37,48,242,10.5,74
2025-09-08T18:30,9.68,25.22,101.97,1019.38,3.8,0.9,1.6,27,35,236,10,79
2025-09-08T19:00,9.69,25.2,101.97,1019.36,3.5,0.9,1.3,32,43,238,10.4,76
2025-09-08T19:30,9.85,25.12,101.990005,1019.28,3.7,0.8,1.3,32,45,234,10.6,75
2025-09-08T20:00,9.82,25.13,102.03,1019.29,3.6,0.9,1.4,35,44,236,11.2,71
2025-09-08T20:30,9.71,25.2,102.07,1019.36,3.7,1,2,32,44,236,11.2,72
2025-09-08T21:30,9.7,25.25,102.11,1019.4,3.5,0.9,1.4,27,35,247,10.1,78
2025-09-08T22:00,9.68,25.26,102.11,1019.41,3.4,0.8,1.3,24,33,252,10.1,78
2025-09-08T22:30,9.64,25.27,102.17,1019.43,3.2,0.6,1,21,29,240,9.8,82
2025-09-08T23:00,9.36,25.51,102.2,1019.65,2.9,0.5,0.8,23,30,243,10.3,79
2025-09-08T23:30,9.32,25.53,102.240005,1019.67,2.9,0.5,0.7,23,28,247,10.1,79
2025-09-09T00:00,9.29,25.52,102.259995,1019.67,2.8,0.5,0.7,20,27,259,10,80
2025-09-09T00:30,9.29,25.54,102.3,1019.68,2.8,0.4,0.7,21,25,273,10.5,79
2025-09-09T01:00,9.26,25.57,102.35,1019.71,2.8,0.4,0.6,17,22,242,10.3,80
2025-09-09T01:30,8.92,25.8,102.36,1019.94,2.7,0.3,0.5,19,24,256,9.6,84
2025-09-09T02:00,8.77,25.92,102.38,1020.05,2.7,0.3,0.6,19,24,254,9.7,83
2025-09-09T02:30,8.56,26.12,102.4,1020.24,2.8,0.3,0.6,17,23,276,9.9,82
2025-09-09T03:30,7.73,26.99,102.45,1021.03,2.5,0.2,0.3,16,20,247,8.5,89
2025-09-09T04:00,7.73,27,102.46,1021.04,2.7,0.2,0.3,15,20,270,8.8,89
2025-09-09T04:30,7.72,26.99,102.48,1021.03,2.5,0.2,0.3,14,17,275,8.6,90
2025-09-09T05:00,7.7,26.99,102.509995,1021.04,2.6,0.1,0.3,15,18,258,8.6,90
2025-09-09T05:30,7.68,27,102.53001,1021.04,2.6,0.1,0.3,13,15,248,7.8,93
2025-09-09T06:00,8.02,26.43,102.55,1020.55,3.1,0.1,0.1,15,18,239,7.6,95
2025-09-09T06:30,8.21,26.24,102.55,1020.38,2.7,0.1,0.1,17,20,261,8.3,92
2025-09-09T07:00,8.38,26.06,102.56,1020.22,2.7,0.1,0.2,18,23,255,8.4,92
2025-09-09T07:30,8.25,26.17,102.58,1020.32,2.5,0.1,0.2,19,23,263,8.5,91
2025-09-09T08:00,8.03,26.42,102.590004,1020.54,2.5,0.2,0.3,15,19,267,8.4,91
2025-09-09T08:30,7.89,26.58,102.619995,1020.69,2.5,0.2,0.3,14,17,269,8.2,93
2025-09-09T09:00,7.82,26.65,102.64,1020.75,2.5,0.2,0.3,14,18,238,8,95
2025-09-09T09:30,7.77,26.69,102.68001,1020.79,2.6,0.2,0.3,13,17,251,8.1,94
2025-09-09T10:00,7.72,26.73,102.69,1020.83,2.5,0.1,0.3,12,16,244,7.6,97
2025-09-09T10:30,7.7,26.72,102.71999,1020.83,2.5,0.2,0.2,14,18,234,7.4,97
2025-09-09T11:00,7.66,26.73,102.78001,1020.84,2.5,0.2,0.3,15,21,232,7.3,97
2025-09-09T11:30,7.31,27.02,102.78001,1021.11,2.5,0.2,0.4,15,19,234,7.3,97
2025-09-09T12:00,7.51,26.9,102.78001,1020.99,2.5,0.2,0.3,9,13,197,7.5,97
2025-09-09T12:30,7.56,26.94,102.83,1021.01,2.5,0.1,0.2,12,16,224,7.6,94
2025-09-09T13:00,7.6,26.97,102.83,1021.04,2.6,0.2,0.2,11,14,211,7.5,94
2025-09-09T13:30,7.49,27.12,102.86,1021.16,2.6,0.1,0.2,10,13,223,7.8,93
2025-09-09T14:00,7.27,27.31,102.880005,1021.34,2.7,0.1,0.2,11,14,232,8.1,90
2025-09-09T14:22TC],7.4,27.32,102.869995,1021.33,2.5,0.1,0.2,10,12,231,8.1,90
2025-09-09T14:30,7.39,27.42,102.869995,1021.41,2.5,0.1,0.2,9,12,236,8,90
2025-09-09T15:00,7.06,27.67,102.869995,1021.65,2.7,0.1,0.1,10,13,250,8.2,92
2025-09-09T15:30,7.21,27.64,102.86,1021.61,2.5,0.1,0.1,14,16,241,8.6,90
2025-09-09T16:00,7.74,27.41,102.840004,1021.36,0,0,0,12,14,225,8.4,91
2025-09-09T18:30,8.37,27.43,102.69,1021.29,2.8,0.1,0.2,10,13,230,9.3,81
2025-09-09T19:00,8.44,27.42,102.659996,1021.27,2.8,0.1,0.1,10,13,248,9.9,77
2025-09-09T19:30,8.58,27.38,102.630005,1021.22,2.9,0.1,0.1,10,14,236,10.4,74
2025-09-09T20:00,8.6,27.38,102.61,1021.22,3.2,0.1,0.2,10,12,203,9.9,77
2025-09-09T20:30,8.53,27.38,102.590004,1021.23,3.2,0.1,0.2,6,9,206,9.8,82
2025-09-09T21:00,8.85,27.26,102.590004,1021.09,3.3,0.1,0.2,9,11,180,9.7,83
2025-09-09T21:30,8.78,27.26,102.56,1021.1,3.4,0.1,0.2,10,12,181,9.5,83
2025-09-09T22:00,8.73,27.32,102.53001,1021.15,3.3,0.1,0.2,10,11,190,10.1,76
2025-09-09T22:30,8.64,27.31,102.56,1021.16,3.1,0.1,0.2,9,11,196,9.6,80
2025-09-09T23:00,8.6,27.32,102.6,1021.17,2.9,0.1,0.2,7,10,192,9.1,85
2025-09-09T23:30,8.66,27.31,102.58,1021.16,3,0.1,0.2,10,12,161,9.2,85
2025-09-10T00:00,8.65,27.31,102.590004,1021.16,3,0.1,0.2,6,7,165,9.8,80
2025-09-10T00:30,8.61,27.31,102.58,1021.16,2.8,0.1,0.2,6,7,199,10.5,72
2025-09-10T01:00,8.61,27.31,102.590004,1021.17,2.8,0.1,0.2,1,3,187,9.6,78
2025-09-10T01:30,8.48,27.27,102.590004,1021.15,2.8,0.1,0.2,2,3,194,9.7,76
2025-09-10T02:00,6.94,28.1,102.56999,1022,0,0,0,6,6,135,9.7,75
2025-09-10T02:30,7.74,27.22,102.56,1021.21,0,0,0,9,10,147,10.3,72
2025-09-10T03:00,7.96,26.88,102.56,1020.92,0,0,0,10,11,173,9,83
2025-09-10T03:30,7.94,26.78,102.53001,1020.84,0,0,0,9,12,153,9.1,88
2025-09-10T04:00,7.91,26.76,102.52,1020.83,0,0,0,7,8,154,10.1,80
2025-09-10T05:00,7.49,27.24,102.509995,1021.26,0,0,0,3,4,357,9.4,87
2025-09-10T05:30,7.2,27.63,102.46999,1021.6,0,0,0,4,5,43,8.5,87
2025-09-10T06:00,7.09,27.82,102.48,1021.76,0,0,0,3,5,39,8.5,88
2025-09-10T06:30,6.9,27.85,102.44,1021.81,0,0,0,6,8,142,8.5,89
2025-09-10T07:00,7.23,28.06,102.43001,1021.93,0,0,0,6,7,213,8.3,91
2025-09-10T07:30,7.58,28.08,102.409996,1021.9,3.7,0.1,0.2,8,10,234,7.7,91
2025-09-10T08:00,7.93,28.25,102.4,1021.99,0,0,0,13,16,216,8.3,90
2025-09-10T08:30,7.63,28.22,102.4,1022,0,0,0,12,14,217,8.2,90
2025-09-10T09:00,7,28.11,,1022,0,0,0,11,14,233,,
2025-09-10T10:00,6.66,28.01,102.38,1021.96,0,0,0,14,16,221,8.3,88
2025-09-10T10:30,6.77,27.98,102.4,1021.92,0,0,0,12,14,231,8.1,88
2025-09-10T11:00,6.75,27.99,102.38,1021.94,0,0,0,15,17,244,8.1,90
2025-09-10T11:30,6.89,27.99,102.4,1021.92,0,0,0,13,15,244,8.1,90
2025-09-10T12:00,6.88,27.99,102.38,1021.92,0,0,0,11,14,211,7.9,90
2025-09-10T12:30,6.72,27.99,102.36,1021.94,0,0,0,8,10,234,8,93
2025-09-10T13:00,6.92,28.18,102.36,1022.06,0,0,0,9,11,232,8.5,91
2025-09-10T13:30,6.75,27.78,102.36,1021.77,0,0,0,6,8,328,8.6,90
2025-09-10T14:00,7.33,27.43,102.340004,1021.43,0,0,0,16,19,265,8.7,88
2025-09-10T14:30,8.18,26.79,102.32,1020.81,0,0,0,21,26,249,8.7,91
2025-09-10T15:00,8.18,26.71,102.3,1020.76,2.9,0.1,0.4,18,21,244,9,89
2025-09-10T15:30,8.46,26.66,102.28,1020.67,0,0,0,17,20,256,8.7,91
2025-09-10T16:00,8.63,26.6,102.22,1020.61,0,0,0,19,23,256,9.3,91
2025-09-10T16:30,8.81,26.57,102.18,1020.56,2.8,0.1,0.2,18,21,254,9.4,92
2025-09-10T17:00,8.25,26.84,102.13,1020.84,2.8,0.1,0.2,21,25,255,9.5,89
2025-09-10T17:30,7.98,27.16,102.12,1021.13,2.5,0.2,0.4,20,25,246,9.7,87
2025-09-10T18:00,7.6,27.42,102.06,1021.39,2.7,0.3,0.4,14,18,246,8.9,90
2025-09-10T18:30,7.25,27.61,102.020004,1021.57,3,0.3,0.5,14,18,243,9.1,90
2025-09-10T19:30,7,28.16,101.95,1022.04,3.2,0.3,0.5,24,29,244,10.4,83
2025-09-10T20:00,6.87,28.35,101.92,1022.21,3.1,0.3,0.5,17,21,252,9.9,85
2025-09-10T20:30,7.01,28.47,101.89,1022.28,3.4,0.3,0.6,18,23,260,9.5,88
2025-09-10T21:00,6.77,28.5,101.86,1022.34,3.1,0.3,0.5,19,24,263,10.2,85
2025-09-10T21:30,6.92,28.53,101.87,1022.34,3.1,0.3,0.6,13,18,248,10.2,84
2025-09-10T22:00,6.9,28.53,101.87,1022.34,3.6,0.3,0.6,10,14,232,9.8,85
2025-09-10T22:30,6.91,28.55,101.86,1022.36,3.2,0.3,0.5,18,22,270,10.1,86
2025-09-10T23:00,6.91,28.57,101.85,1022.38,3.2,0.3,0.6,12,16,292,9.3,87
2025-09-10T23:30,6.99,28.6,101.82,1022.39,3.1,0.3,0.5,20,26,264,11.3,80
2025-09-11T00:00,6.95,28.59,101.840004,1022.38,2.9,0.3,0.6,16,20,265,10.5,84
2025-09-11T00:30,7,28.6,101.86,1022.39,3.1,0.3,0.5,17,22,275,9.6,87
2025-09-11T01:00,7.1,28.62,101.87,1022.39,2.8,0.3,0.5,15,17,320,9,90
2025-09-11T01:30,7.18,28.63,101.87,1022.39,2.9,0.2,0.4,15,17,320,11.9,85
2025-09-11T02:00,7.12,28.62,101.87,1022.39,2.7,0.2,0.3,9,11,277,12.5,87
2025-09-11T02:30,6.65,28.5,101.87,1022.35,2.9,0.2,0.3,10,13,232,10.7,86
2025-09-11T03:00,7.08,27.78,101.87,1021.74,2.9,0.1,0.3,10,11,210,9.4,90
2025-09-11T03:30,7.55,27.37,101.86,1021.35,2.9,0.1,0.2,11,13,210,8.9,94
2025-09-11T04:00,7.42,27.45,101.840004,1021.43,3,0.1,0.1,13,16,215,8.8,94
2025-09-11T04:30,7.54,27.39,101.840004,1021.37,2.9,0.1,0.1,10,12,234,9,94
2025-09-11T05:00,7.58,27.29,101.83,1021.28,3.4,0.1,0.2,13,16,224,9.3,93
2025-09-11T05:30,7.75,27.21,101.8,1021.2,4.3,0.1,0.2,13,16,231,9.5,95
2025-09-11T06:00,7.56,27.29,101.78,1021.28,4,0.1,0.1,12,14,238,9,96
2025-09-11T06:30,7.12,27.5,101.75,1021.5,0,0,0,12,14,248,8.9,99
2025-09-11T07:00,7.04,27.71,101.72,1021.68,0,0,0,11,13,261,8.5,99
2025-09-11T07:30,7.14,27.65,101.7,1021.62,4.2,0.1,0.1,12,13,239,8.8,100
2025-09-11T08:00,7.14,27.67,101.69,1021.64,5.1,0.1,0.1,9,11,269,8.5,99
2025-09-11T08:30,7.16,27.65,101.69,1021.62,5.2,0.1,0.1,9,11,265,8.3,99
2025-09-11T09:00,7.14,27.67,101.68,1021.64,0,0,0,7,9,225,8.4,99
2025-09-11T09:30,7.15,27.67,101.69,1021.64,4.6,0.1,0.2,11,12,209,8.1,99
2025-09-11T10:00,7.11,27.69,101.729996,1021.66,0,0,0,13,16,236,7.5,99
2025-09-11T10:30,7.03,27.75,101.729996,1021.72,0,0,0,9,10,247,7.9,99
2025-09-11T11:00,6.93,27.82,101.759995,1021.78,0,0,0,12,13,274,7.7,100
2025-09-11T11:30,6.89,27.87,101.759995,1021.83,0,0,0,7,8,283,8.1,100
2025-09-11T12:00,6.92,27.87,101.83,1021.82,0,0,0,11,12,297,8.6,100
2025-09-11T12:30,6.92,27.9,101.82,1021.84,0,0,0,8,9,288,8.9,100
2025-09-11T13:00,6.95,27.94,101.840004,1021.87,4.2,0.2,0.3,7,9,260,9.3,98
2025-09-11T13:30,7.02,27.97,101.86,1021.89,6.4,0.1,0.1,12,14,316,9.2,94
2025-09-11T14:00,6.86,28.23,101.88,1022.12,4,0.1,0.2,11,13,307,9.3,88
2025-09-11T14:30,6.55,28.53,101.88,1022.39,0,0,0,12,15,340,10.2,81
2025-09-11T15:00,6.42,28.73,101.909996,1022.56,0,0,0,8,9,318,11.4,77
2025-09-11T15:30,6.55,28.81,101.93,1022.6,0,0,0,12,14,232,10.1,87
2025-09-11T16:00,7.04,28.34,101.909996,1022.18,3.2,0.1,0.2,17,20,234,9.9,95
2025-09-11T16:30,8.04,27.42,101.88,1021.32,3,0.1,0.3,16,18,246,10.1,93
2025-09-11T17:00,8.91,27.01,101.9,1020.88,3,0.1,0.2,14,18,247,10,92
2025-09-11T17:30,8.58,27.26,101.88,1021.13,3.1,0.1,0.3,14,17,240,10.2,89
2025-09-11T18:00,8.65,27.24,101.87,1021.11,3,0.1,0.2,16,20,245,10.1,91
2025-09-11T18:30,8.92,27.12,101.86,1020.97,2.6,0.1,0.2,16,19,246,9.9,90
2025-09-11T19:00,8.36,27.41,101.840004,1021.27,2.8,0.1,0.1,12,13,254,10.2,87
2025-09-11T19:30,8.5,27.37,101.840004,1021.22,2.8,0.1,0.2,11,15,256,10,86
2025-09-11T20:00,7.83,27.57,101.86,1021.47,0,0,0,16,19,265,10.7,82
2025-09-11T20:30,8.26,27.42,101.87,1021.3,2.6,0.1,0.2,10,12,283,10.1,86
2025-09-11T21:00,8.4,27.39,101.88,1021.25,2.6,0.1,0.2,30,37,349,11.9,68
2025-09-11T21:30,8.02,27.55,101.909996,1021.43,2.7,0.3,0.7,25,33,344,11.6,68
2025-09-11T22:00,7.79,27.76,101.94,1021.63,2.9,0.5,0.8,21,28,341,11,71
2025-09-11T22:30,7.42,28.15,101.95,1021.98,2.8,0.4,0.8,14,19,333,10.6,72
2025-09-11T23:00,6.89,28.43,101.97,1022.27,3,0.5,0.9,15,20,329,10.2,73
2025-09-11T23:30,6.96,28.52,101.979996,1022.33,2.8,0.4,0.7,14,18,313,10.9,69
2025-09-12T00:00,6.9,28.55,101.990005,1022.36,2.8,0.3,0.7,15,18,306,10.7,69
2025-09-12T00:30,6.82,28.58,101.990005,1022.39,2.8,0.3,0.4,14,16,292,10,72
2025-09-12T01:00,6.49,28.7,102.03,1022.53,2.6,0.2,0.3,16,19,315,9.8,73
2025-09-12T01:30,6.45,28.75,102.05,1022.57,3,0.2,0.3,17,21,311,9.5,76
2025-09-12T02:00,6.22,28.84,102.08,1022.67,3.1,0.1,0.2,18,21,333,9.6,77
2025-09-12T02:30,6.15,28.83,102.11,1022.67,2.5,0.2,0.3,19,24,337,9.5,76
2025-09-12T03:00,6.1,28.79,102.12,1022.64,2.6,0.2,0.3,17,21,343,8.9,80
2025-09-12T03:30,6.33,28.69,102.12,1022.53,2.7,0.2,0.3,23,31,318,9.7,74
2025-09-12T04:00,7.75,27.34,102.12,1021.3,3.1,0.2,0.3,16,21,312,9.4,76
2025-09-12T04:30,8.01,27.15,102.13,1021.12,2.8,0.2,0.3,13,19,329,8.5,82
2025-09-12T05:00,8.01,27.16,102.13,1021.13,2.9,0.2,0.3,17,24,332,8.8,79
2025-09-12T05:30,8.23,27,102.14,1020.98,2.7,0.3,0.4,20,25,338,9.3,74
2025-09-12T06:00,8.47,26.84,102.15,1020.81,2.7,0.3,0.6,17,24,314,9.3,74
2025-09-12T06:30,8.48,26.82,102.13,1020.8,2.6,0.3,0.5,23,30,326,9,74
2025-09-12T07:00,8.03,27.21,102.15,1021.16,2.7,0.2,0.8,17,21,306,8.8,75
2025-09-12T07:30,7.8,27.34,102.159996,1021.3,2.5,0.2,0.3,15,19,330,8.1,78
2025-09-12T08:00,7.64,27.44,102.159996,1021.4,2.4,0.2,0.3,15,20,319,8.4,76
2025-09-12T08:30,7.37,27.59,102.22,1021.55,2.6,0.1,0.2,12,17,300,8.7,72
2025-09-12T09:00,7.15,27.72,102.21,1021.67,2.6,0.1,0.2,18,23,328,8,78
2025-09-12T09:30,6.92,27.83,102.259995,1021.79,2.5,0.2,0.3,13,16,334,8,77
2025-09-12T10:00,6.62,28,102.28,1021.96,2.6,0.2,0.3,7,14,304,7.6,80
2025-09-12T10:30,6.47,28.09,102.3,1022.05,2.6,0.2,0.3,12,17,304,7.8,77
2025-09-12T11:00,6.52,28.05,102.340004,1022.01,2.5,0.1,0.2,11,14,288,7.6,79
2025-09-12T11:30,6.68,27.97,102.36,1021.93,2.6,0.1,0.2,12,15,287,7.3,83
2025-09-12T12:00,6.58,28.07,102.37,1022.02,2.8,0.1,0.2,12,15,275,7.3,84
2025-09-12T12:30,6.51,28.15,102.4,1022.09,2.7,0.1,0.3,18,21,302,7.5,81
2025-09-12T13:00,6.58,28.15,102.409996,1022.08,2.6,0.1,0.2,17,20,288,7.6,81
2025-09-12T13:30,6.78,28.11,102.43001,1022.03,2.6,0.1,0.2,12,15,299,7.6,82
2025-09-12T14:00,7.31,27.84,102.44,1021.75,2.7,0.1,0.3,13,16,262,8,82
2025-09-12T14:30,8.19,27.33,102.43001,1021.24,2.7,0.1,0.1,10,12,249,8.6,80
2025-09-12T15:00,8.8,27.02,102.43001,1020.91,2.6,0.1,0.1,12,15,233,9.1,78
2025-09-12T15:30,9.54,26.54,102.43001,1020.43,0,0,0,15,16,230,9.5,75
2025-09-12T16:00,9.65,26.29,102.39,1020.22,0,0,0,13,15,240,9.8,74
2025-09-12T16:30,9.8,26.34,102.38,1020.24,0,0,0,14,16,226,9.5,78
2025-09-12T17:00,9.67,26.55,102.36,1020.42,0,0,0,19,22,214,9.9,76
2025-09-12T17:30,9.2,26.91,102.31,1020.77,3.3,0.2,0.3,17,22,216,9.4,78
2025-09-12T18:00,8.88,27.22,102.32,1021.06,0,0,0,15,18,220,9.4,82
2025-09-12T18:30,8.61,27.52,102.28,1021.33,0,0,0,14,17,239,8.9,80
2025-09-12T19:00,7.6,28.09,102.259995,1021.91,0,0,0,13,16,232,8.9,77
2025-09-12T19:30,6.88,28.56,102.25,1022.37,3.7,0.1,0.1,11,12,231,8.7,78
2025-09-12T20:00,6.48,28.8,102.21,1022.61,0,0,0,8,9,233,8.9,78
2025-09-12T20:30,6.75,28.85,102.2,1022.61,0,0,0,9,10,248,8.5,82
2025-09-12T21:00,6.73,28.89,102.17,1022.65,0,0,0,9,10,234,8.6,81
2025-09-12T21:30,6.91,28.9,102.15,1022.63,0,0,0,10,11,225,8.8,78
2025-09-12T22:00,6.46,28.92,102.13,1022.7,0,0,0,10,12,238,8.6,78
2025-09-12T22:30,6.21,29.01,102.12,1022.8,3.6,0.1,0.1,11,13,240,8.1,81
2025-09-12T23:00,6.18,29.07,102.1,1022.86,3.6,0.1,0.1,11,14,243,8.5,78
2025-09-12T23:30,5.95,29.11,102.090004,1022.91,0,0,0,9,10,260,7.8,81
2025-09-13T00:00,5.82,29.13,102.1,1022.94,0,0,0,11,13,237,8,80
2025-09-13T00:30,5.79,29.13,102.1,1022.95,0,0,0,10,12,238,8,81
2025-09-13T01:00,5.78,29.16,102.11,1022.97,0,0,0,12,14,206,7.7,84
2025-09-13T01:30,5.74,29.17,102.090004,1022.98,0,0,0,10,12,198,7.5,85
2025-09-13T02:00,5.8,29.21,102.1,1023.01,0,0,0,13,15,220,8,81
2025-09-13T02:30,5.77,29.17,102.090004,1022.98,0,0,0,10,12,202,8.5,84
2025-09-13T03:00,5.76,29.17,102.090004,1022.98,0,0,0,10,12,210,8.3,86
2025-09-13T03:30,5.83,29.13,102.07,1022.94,0,0,0,11,12,197,8.7,89
2025-09-13T04:00,5.94,29.07,102.07,1022.88,0,0,0,11,12,198,9,89
2025-09-13T04:30,5.98,29.04,102.07,1022.85,0,0,0,11,12,210,8.6,91
2025-09-13T05:00,6.2,29.11,102.07,1022.88,0,0,0,8,11,241,8.5,88
2025-09-13T05:30,6.29,29.14,102.07,1022.89,2.8,0.1,0.1,9,11,268,7.9,87
2025-09-13T06:00,6.17,28.93,102.05,1022.75,2.7,0.1,0.2,9,11,227,7.9,93
2025-09-13T06:30,6.73,28.35,102.03,1022.22,3,0.2,0.3,9,10,236,8.1,91
2025-09-13T07:00,6.99,28.27,101.979996,1022.13,2.7,0.1,0.3,15,17,221,7.9,91
2025-09-13T07:30,7.02,28.27,101.979996,1022.13,2.5,0.1,0.2,11,13,256,7.5,90
2025-09-13T08:00,6.89,28.38,101.95,1022.23,2.7,0.1,0.1,13,15,249,7.9,85
2025-09-13T08:30,6.47,28.64,101.92,1022.48,0,0,0,12,13,249,7.6,87
2025-09-13T09:00,6.54,28.56,101.9,1022.41,2.9,0.1,0.2,10,12,247,7.1,90
2025-09-13T09:30,6.43,28.66,101.88,1022.5,0,0,0,14,17,236,7.3,87
2025-09-13T10:00,6.25,28.79,101.87,1022.63,0,0,0,13,15,224,7,89
2025-09-13T10:30,6.15,29.16,101.88,1022.93,0,0,0,8,10,210,6.4,92
2025-09-13T11:00,5.8,29.19,101.88,1022.99,0,0,0,10,13,220,6.5,92
2025-09-13T11:30,5.8,29.19,101.86,1022.99,0,0,0,12,15,226,7.3,87
2025-09-13T12:00,5.85,29.21,101.840004,1023,2.9,0.1,0.1,16,20,223,7.1,90
2025-09-13T12:30,5.97,29.15,101.840004,1022.94,2.9,0.1,0.2,11,15,250,7.3,88
2025-09-13T13:00,6.03,29.18,101.840004,1022.96,3,0.2,0.3,18,22,238,7.2,90
2025-09-13T13:30,6.12,29.21,101.8,1022.97,2.7,0.1,0.3,13,17,223,7,90
2025-09-13T14:00,6.27,29.25,101.8,1022.98,2.9,0.2,0.3,13,16,239,7,91
2025-09-13T14:30,6.03,29.38,101.759995,1023.11,2.5,0.1,0.2,13,16,229,7.2,91
2025-09-13T15:00,6.2,29.37,101.740005,1023.09,2.5,0.1,0.2,9,13,259,7.5,90
2025-09-13T15:30,6.28,29.36,101.7,1023.07,2.6,0.1,0.2,13,16,219,7.1,93
2025-09-13T16:00,6.32,29.34,101.65,1023.05,2.6,0.1,0.2,16,19,225,7.8,91
2025-09-13T16:30,6.26,29.35,101.62,1023.07,2.7,0.2,0.5,17,22,236,8.4,91
2025-09-13T17:00,6.23,29.39,101.58,1023.1,2.5,0.2,0.3,15,19,239,8.7,89
2025-09-13T17:30,6.64,29.3,101.56,1022.99,2.7,0.2,0.4,19,23,245,8.9,90
2025-09-13T18:00,6.41,29.25,101.54,1022.97,2.5,0.2,0.4,20,27,242,8.7,90
2025-09-13T18:30,6.56,29.01,101.520004,1022.76,2.4,0.3,0.5,23,29,248,9,86
2025-09-13T19:00,6.43,28.99,101.479996,1022.76,2.4,0.3,0.5,26,32,243,9.5,82
2025-09-13T19:30,6.64,28.83,101.44,1022.62,2.5,0.4,0.7,29,38,247,9.9,82
2025-09-13T20:00,7.02,28.61,101.4,1022.39,2.6,0.4,0.8,27,33,245,9.8,82
2025-09-13T20:30,6.69,28.72,101.37,1022.52,2.7,0.4,0.5,25,30,248,9.6,80
2025-09-13T21:00,6.51,28.78,101.35,1022.59,2.9,0.4,0.6,21,26,248,8.9,82
2025-09-13T21:30,6.16,28.9,101.32,1022.72,2.8,0.3,0.6,19,24,254,9.2,82
2025-09-13T22:00,5.97,29.01,101.32,1022.83,2.9,0.4,0.6,17,23,255,9,84
2025-09-13T22:30,5.7,29.18,101.33,1022.99,3,0.4,0.6,17,21,253,9.3,82
2025-09-13T23:00,5.55,29.37,101.33,1023.16,3.1,0.4,0.6,14,17,252,8.7,85
2025-09-13T23:30,5.63,29.6,101.340004,1023.33,3.1,0.4,0.7,17,22,253,9,87
2025-09-14T00:00,5.48,29.7,101.35,1023.43,3,0.4,0.7,13,18,244,8.1,88
2025-09-14T00:30,5.59,29.66,101.36,1023.38,3.2,0.4,0.7,13,17,258,8.4,88
2025-09-14T01:00,5.6,29.66,101.37,1023.38,3,0.3,0.5,12,18,253,8.9,85
2025-09-14T01:30,6.17,29.46,101.4,1023.16,3,0.2,0.4,15,18,302,9.5,84
2025-09-14T02:00,6.06,29.41,101.4,1023.14,3,0.2,0.4,9,12,262,8.9,86
2025-09-14T02:30,6.08,29.41,101.38,1023.14,3,0.2,0.4,9,13,246,8.3,89
2025-09-14T03:00,6.17,29.4,101.36,1023.12,2.9,0.2,0.3,5,8,203,8.5,88
2025-09-14T03:30,6.13,29.42,101.37,1023.14,3.2,0.2,0.5,4,7,217,8.7,87
2025-09-14T04:00,6.02,29.46,101.340004,1023.18,3,0.2,0.4,9,10,176,7.8,91
2025-09-14T04:30,6.04,29.48,101.35,1023.19,3.1,0.2,0.3,10,14,212,8,90
2025-09-14T05:00,6.07,29.5,101.36,1023.2,3,0.2,0.3,12,15,231,8.1,91
2025-09-14T05:30,6.07,29.5,101.37,1023.21,3,0.2,0.4,11,14,240,7.6,92
2025-09-14T06:00,6.08,29.51,101.35,1023.21,3,0.2,0.4,5,8,292,7.6,93
2025-09-14T06:30,6.1,29.5,101.35,1023.2,3,0.1,0.2,7,10,247,8.2,92
2025-09-14T07:00,6.17,29.46,101.35,1023.17,3,0.2,0.3,7,9,274,8.2,93
2025-09-14T07:30,6.12,29.43,101.340004,1023.15,2.9,0.1,0.2,3,6,285,8.3,94
2025-09-14T08:00,6.19,29.43,101.36,1023.13,3,0.1,0.2,11,13,230,8.1,93
2025-09-14T08:30,6.2,29.4,101.38,1023.11,3,0.1,0.1,10,12,270,7.5,96
2025-09-14T09:00TC],5.6,29.49,101.38,1023.25,3.3,0.1,0.1,6,8,305,7.4,97
2025-09-14T09:30,5.69,29.17,101.38,1022.99,0,0,0,5,5,271,8.2,98
2025-09-14T10:00,5.62,29.26,101.42,1023.07,0,0,0,9,11,236,7.9,96
2025-09-14T10:30TC],5.34,29.31,101.46,1023.14,0,0,0,4,5,270,7.5,96
2025-09-14T11:00,5.6,29.42,101.490005,1023.19,0,0,0,10,11,274,7.9,97
2025-09-14T11:30,5.59,29.45,101.490005,1023.22,0,0,0,8,8,247,7.8,98
2025-09-14T12:00,5.51,29.43,101.509995,1023.21,0,0,0,9,11,262,7.4,98
2025-09-14T12:30,5.54,29.42,101.55,1023.2,0,0,0,7,8,267,7.1,97
2025-09-14T13:00,5.52,29.45,101.56,1023.23,0,0,0,6,7,289,7.6,98
2025-09-14T13:30,5.32,29.58,101.590004,1023.35,0,0,0,8,9,288,8.1,96
2025-09-14T14:00,5.52,29.54,101.63,1023.3,0,0,0,8,9,316,9.5,100
2025-09-14T14:30,5.88,29.43,101.659996,1023.17,0,0,0,9,11,291,8.6,98
2025-09-14T15:00,6.3,29.53,101.68,1023.2,0,0,0,7,9,280,9.2,99
2025-09-14T15:30,6.3,29.4,101.69,1023.1,0,0,0,8,10,278,9.4,100
2025-09-14T16:00,6.14,29.58,101.72,1023.26,0,0,0,6,6,249,9.7,99
2025-09-14T16:30,6.58,29.65,101.72,1023.27,0,0,0,5,6,245,9.5,96
2025-09-14T17:00,6.94,29.47,101.740005,1023.08,0,0,0,10,11,200,9.4,94
2025-09-14T17:30,6.61,29.41,101.740005,1023.07,0,0,0,9,10,209,9.2,95
2025-09-14T18:00,7.2,29.61,101.759995,1023.15,0,0,0,10,12,242,8.7,95
2025-09-14T18:30,7.41,29.47,101.75,1023.01,0,0,0,10,12,236,8.6,96
2025-09-14T19:00,7.71,29.49,101.759995,1022.99,0,0,0,12,15,237,9.2,97
2025-09-14T19:30,7.53,29.54,101.78,1023.05,0,0,0,12,13,232,9.4,98
2025-09-14T20:00,7.43,29.6,101.8,1023.12,0,0,0,11,13,234,9.4,99
2025-09-14T20:30,7.31,29.53,101.82,1023.08,0,0,0,14,16,263,9.5,99
2025-09-14T21:00,7.05,29.56,101.83,1023.14,0,0,0,13,15,266,9,96
2025-09-14T21:30,6.39,29.61,101.86,1023.25,0,0,0,12,13,266,9,95
2025-09-14T22:00,6.7,29.66,101.88,1023.26,0,0,0,17,19,287,9.2,95
2025-09-14T22:30,6.77,29.69,101.9,1023.27,0,0,0,15,17,278,8.9,94
2025-09-14T23:00,6.76,29.72,101.92,1023.29,0,0,0,13,16,276,9,94
2025-09-14T23:30,6.33,29.76,101.97,1023.38,0,0,0,16,20,288,9.3,92
2025-09-15T00:00,5.91,29.65,102,1023.34,0,0,0,14,15,280,9,92
2025-09-15T00:30,6.35,29.64,102.03,1023.28,0,0,0,12,14,282,8.6,93
2025-09-15T01:00,6.57,29.63,102.05,1023.25,0,0,0,12,14,274,8.4,93
2025-09-15T01:30,6.59,29.63,102.06,1023.25,0,0,0,12,15,263,8.2,93
2025-09-15T02:00,6.59,29.64,102.07,1023.25,3.7,0.1,0.1,12,13,274,8.2,92
2025-09-15T02:30,6.59,29.65,102.090004,1023.26,3.5,0.1,0.3,10,11,281,8.3,89
2025-09-15T03:00,6.61,29.64,102.11,1023.25,0,0,0,8,9,263,8,90
2025-09-15T03:30,6.52,29.66,102.090004,1023.28,0,0,0,11,13,302,8.9,91
2025-09-15T04:00,6.37,29.7,102.11,1023.33,4.1,0.3,0.7,10,12,298,8.7,91
2025-09-15T04:30,6.18,29.71,102.14,1023.36,5.9,0.1,0.1,8,9,291,8.4,93
2025-09-15T05:00,6.2,29.7,102.15,1023.35,0,0,0,9,10,268,7.9,93
2025-09-15T05:30,6.36,29.66,102.18,1023.3,0,0,0,12,18,315,9.9,90
2025-09-15T06:00,6.39,29.66,102.2,1023.29,0,0,0,12,14,212,7.9,92
2025-09-15T06:30,6.28,29.64,102.229996,1023.29,0,0,0,15,18,226,7.4,95
2025-09-15T07:00,6.27,29.63,102.270004,1023.29,0,0,0,17,21,231,7.6,94
2025-09-15T07:30,6.28,29.66,102.28,1023.31,0,0,0,14,16,238,7.3,95
2025-09-15T08:00,6.28,29.68,102.31,1023.32,0,0,0,14,16,247,7.6,94
2025-09-15T08:30,6.22,29.68,102.33,1023.33,0,0,0,13,16,257,7.7,93
2025-09-15T09:00,5.87,29.78,102.35,1023.45,0,0,0,11,13,253,7.5,94
2025-09-15T09:30,5.86,29.87,102.38,1023.52,0,0,0,10,13,231,7.2,95
2025-09-15T10:00,5.84,29.87,102.409996,1023.53,0,0,0,13,15,257,7.4,95
2025-09-15T10:30,5.85,29.87,102.45,1023.52,2.7,0.1,0.2,16,19,247,7.4,95
2025-09-15T11:00,5.75,29.82,102.46,1023.5,2.8,0.1,0.1,13,15,249,7.2,95
2025-09-15T11:30,5.64,29.81,102.490005,1023.5,2.6,0.1,0.2,13,15,254,7.2,95
2025-09-15T12:00,5.57,29.85,102.509995,1023.54,0,0,0,14,16,256,7.2,95
2025-09-15T12:30,5.56,29.9,102.53001,1023.58,0,0,0,17,20,254,7.5,94
2025-09-15T13:00,5.52,29.89,102.55,1023.58,2.4,0.1,0.2,18,22,256,7.6,94
2025-09-15T13:30,5.57,29.9,102.56999,1023.58,2.4,0.1,0.3,16,20,253,7.3,94
2025-09-15T14:00,5.68,29.9,102.58,1023.57,2.4,0.2,0.3,15,20,256,7.5,94
2025-09-15T14:30,5.76,29.9,102.56999,1023.56,2.5,0.2,0.4,20,24,243,7.7,93
2025-09-15T15:00,5.84,29.91,102.56999,1023.55,2.6,0.3,0.5,16,22,237,7.5,94
2025-09-15T15:30,5.88,29.91,102.53001,1023.55,2.7,0.3,0.4,19,24,250,7.9,94
2025-09-15T16:00,5.92,29.92,102.5,1023.55,2.6,0.3,0.4,16,20,239,8,93
2025-09-15T16:30,6.2,29.84,102.490005,1023.46,2.7,0.3,0.5,14,20,234,7.7,93
2025-09-15T17:00,6.62,29.76,102.46999,1023.35,2.7,0.3,0.5,15,20,234,8,93
2025-09-15T17:30,6.86,29.68,102.45,1023.25,2.6,0.3,0.4,19,24,245,8.4,90
2025-09-15T18:00,7.02,29.63,102.409996,1023.19,2.7,0.3,0.4,17,21,247,8.5,91
2025-09-15T18:30,6.94,29.63,102.4,1023.21,2.6,0.3,0.5,17,22,246,9,88
2025-09-15T19:00,6.93,29.65,102.37,1023.23,2.6,0.3,0.4,17,23,250,9.7,85
2025-09-15T19:30,6.79,29.69,102.340004,1023.27,2.7,0.4,0.8,19,27,242,9.9,81
2025-09-15T20:00,6.56,29.74,102.33,1023.34,2.5,0.3,0.6,20,26,240,9.5,81
2025-09-15T20:30,6.52,29.78,102.32,1023.38,2.4,0.2,0.3,20,26,240,10.4,78
2025-09-15T21:00,6.43,29.82,102.32,1023.41,2.5,0.3,0.5,20,27,238,10.6,78
2025-09-15T21:30,6.22,29.87,102.33,1023.48,2.5,0.3,0.4,16,22,250,10,81
2025-09-15T22:00,6.05,29.95,102.33,1023.57,2.5,0.2,0.4,11,15,275,9.1,84
2025-09-15T22:30,5.96,30,102.340004,1023.61,2.5,0.2,0.4,11,15,305,8.8,87
2025-09-15T23:00,5.97,30.04,102.37,1023.64,2.5,0.2,0.4,15,18,301,10.1,80
2025-09-15T23:30,5.97,30.06,102.39,1023.66,2.5,0.2,0.4,12,16,302,9.7,80
2025-09-16T00:00,5.96,30.06,102.409996,1023.66,2.6,0.2,0.4,11,15,256,8.9,84
2025-09-16T00:30,6.03,30.06,102.409996,1023.65,2.6,0.2,0.3,12,15,285,9.3,82
2025-09-16T01:00,6.01,30.04,102.409996,1023.64,2.7,0.2,0.4,11,15,270,8.6,86
2025-09-16T01:30,6.56,29.75,102.4,1023.35,2.8,0.2,0.4,13,18,244,8.2,89
2025-09-16T02:00,6.92,29.67,102.409996,1023.24,3,0.2,0.3,11,16,253,8.5,88
2025-09-16T02:30,6.93,29.65,102.43001,1023.22,3,0.2,0.2,14,18,256,8,91
2025-09-16T03:00,6.93,29.65,102.43001,1023.22,2.9,0.1,0.2,12,15,250,8,92
2025-09-16T03:30,6.88,29.64,102.44,1023.22,3,0.2,0.3,11,13,264,7.9,92
2025-09-16T04:00,7.03,29.57,102.45,1023.14,2.9,0.1,0.2,12,16,260,8.3,92
2025-09-16T04:30,7.05,29.55,102.46,1023.13,2.9,0.1,0.2,15,18,259,8.6,90
2025-09-16T05:00,7.29,29.51,102.490005,1023.06,2.9,0.1,0.2,12,15,259,8.2,93
2025-09-16T05:30,7.37,29.48,102.509995,1023.03,2.9,0.1,0.2,14,18,259,8.4,92
2025-09-16T06:00,7.45,29.46,102.5,1023.01,3.4,0.1,0.2,12,16,249,8.2,94
2025-09-16T06:30,7.53,29.44,102.5,1022.98,2.8,0.1,0.2,14,17,258,8.3,94
2025-09-16T07:00,7.57,29.42,102.54,1022.96,3.1,0.1,0.2,11,14,273,8.2,94
2025-09-16T07:30,7.58,29.42,102.53001,1022.95,3.5,0.1,0.3,15,18,279,8.3,94
2025-09-16T08:00,7.58,29.41,102.55,1022.95,3.2,0.1,0.2,14,17,277,8.3,94
2025-09-16T08:30,7.54,29.42,102.56999,1022.96,2.9,0.1,0.2,11,13,292,8.5,93
2025-09-16T09:00,7.53,29.42,102.590004,1022.97,3,0.1,0.2,10,11,295,8.9,91
2025-09-16T09:30,7.47,29.45,102.61,1022.99,2.4,0.1,0.2,9,10,315,8.8,91
2025-09-16T10:00,7.43,29.45,102.619995,1023,2.6,0.1,0.1,10,11,316,9.3,90
2025-09-16T10:30,7.36,29.47,102.659996,1023.02,0,0,0,8,9,296,8.6,91
2025-09-16T11:00,7.27,29.49,102.69,1023.05,0,0,0,8,9,321,8.6,93
2025-09-16T11:30,7.23,29.51,102.69,1023.07,0,0,0,5,6,336,9.1,90
2025-09-16T12:00,7.21,29.52,102.71999,1023.08,0,0,0,2,4,157,10.7,84
2025-09-16T12:30,7.24,29.54,102.73,1023.09,0,0,0,5,6,256,8.8,92
2025-09-16T13:00,7.29,29.54,102.73,1023.09,0,0,0,5,6,217,8.2,92
2025-09-16T13:30,7.48,29.46,102.73,1023,0,0,0,5,8,243,8.4,92
2025-09-16T14:00,7.62,29.5,102.73,1023.02,0,0,0,5,8,219,8.9,93
2025-09-16T14:30,9.35,28.38,102.75,1021.89,0,0,0,4,8,220,9.5,90
2025-09-16T15:00,9.89,28.05,102.75,1021.55,0,0,0,7,8,239,9.1,94
2025-09-16T15:25TC],10.13,27.93,102.73,1021.42,0,0,0,5,6,266,9.4,93
2025-09-16T15:30,10.11,27.95,102.73,1021.44,0,0,0,4,5,268,9.5,93
2025-09-16T15:50TC],10.28,27.94,102.71999,1021.4,0,0,0,6,7,273,9.7,92
2025-09-16T16:00,10.34,27.94,102.7,1021.39,0,0,0,5,7,292,9.9,92
2025-09-16T16:30,10.09,28.04,102.65,1021.51,0,0,0,5,7,278,10.6,92
2025-09-16T17:00,10.78,27.96,102.619995,1021.35,0,0,0,7,8,266,10.6,91
2025-09-16T17:30,11.16,27.94,102.590004,1021.26,0,0,0,5,6,270,10.9,90
2025-09-16T18:00,11.03,27.78,102.56999,1021.16,0,0,0,6,7,324,10.9,91
2025-09-16T18:30,9.2,28.61,102.53001,1022.09,0,0,0,2,3,326,11.7,91
2025-09-16T18:46TC],8.96,28.71,102.53001,1022.21,0,0,0,2,3,227,13,85
2025-09-16T19:00,9.04,28.59,102.509995,1022.1,0,0,0,7,7,244,12.2,88
2025-09-17T00:00,10.67,28.36,102.29,1021.67,0,0,0,5,6,315,10.9,95
2025-09-17T00:30,8.77,28.87,102.28,1022.36,0,0,0,5,5,322,10.3,96
2025-09-17T01:00,8.23,29.13,102.259995,1022.64,0,0,0,4,5,347,9.9,97
2025-09-17T01:30,9.01,28.73,102.259995,1022.22,0,0,0,9,10,306,9.9,96
2025-09-17T02:00,9.2,28.43,102.240005,1021.96,0,0,0,7,8,302,10.3,92
2025-09-17T02:30,10.68,28.04,102.22,1021.42,0,0,0,3,3,333,10.4,92
2025-09-17T03:00,11.31,28.06,102.2,1021.33,0,0,0,4,4,240,10.4,92
2025-09-17T03:30,11.78,27.61,102.19,1020.9,0,0,0,6,8,211,10.7,93
2025-09-17T04:00,11.74,27.61,102.18,1020.91,0,0,0,7,8,185,10.6,93
2025-09-17T04:30,11.62,27.65,102.17,1020.96,0,0,0,9,11,207,10.8,93
2025-09-17T05:00,11.46,27.69,102.15,1021.02,0,0,0,16,19,212,10.8,92
2025-09-17T05:30,11.25,27.77,102.11,1021.12,0,0,0,19,23,212,11,90
2025-09-17T06:00,11.12,27.84,102.090004,1021.19,0,0,0,18,21,223,11.2,89
2025-09-17T06:30,10.92,27.95,102.08,1021.31,2.3,0.1,0.4,17,20,232,11,90
2025-09-17T07:00,10.65,28.06,102.07,1021.44,2.5,0.1,0.1,18,22,235,11,90
2025-09-17T07:30,10.69,28.01,102.06,1021.4,2.3,0.1,0.2,17,21,238,10.8,90
2025-09-17T08:00,10.4,28.12,102.07,1021.53,2.2,0.1,0.2,11,14,253,10.1,93
2025-09-17T08:30,10.32,28.16,102.07,1021.57,0,0,0,12,15,235,9.9,91
2025-09-17T09:00,10.24,28.17,102.07,1021.59,0,0,0,11,13,231,9.5,93
2025-09-17T09:30,10.2,28.14,102.06,1021.58,0,0,0,12,14,235,9.5,93
2025-09-17T10:00,10.02,28.22,102.04,1021.67,0,0,0,15,18,226,10,92
2025-09-17T10:30,9.99,28.24,102.020004,1021.68,0,0,0,19,23,221,10,93
2025-09-17T12:00,9.94,28.32,102.020004,1021.75,2.3,0.1,0.2,16,21,249,9.6,94
2025-09-17T12:11TC],9.92,28.32,102.020004,1021.76,2.3,0.2,0.4,16,20,247,9.7,93
2025-09-17T12:30,9.9,28.32,102,1021.76,2.4,0.2,0.3,16,21,251,9.5,94
2025-09-17T13:00,9.89,28.31,,1021.75,2.4,0.2,0.3,15,20,237,,
2025-09-17T13:30,10.05,28.3,101.97,1021.72,2.5,0.1,0.2,16,20,256,9.6,95
2025-09-17T14:00,9.95,28.35,101.93,1021.78,2.5,0.1,0.2,18,22,249,9.6,94
2025-09-17T14:30,9.84,28.4,101.9,1021.83,2.7,0.1,0.2,17,22,257,9.9,92
2025-09-17T15:00,9.67,28.45,101.840004,1021.9,2.5,0.1,0.2,22,28,260,10.7,90
2025-09-17T15:30,10.27,28.33,101.82,1021.71,2.4,0.2,0.3,19,25,246,10.6,91
2025-09-17T16:00,10.53,28.27,101.78,1021.63,2.6,0.3,0.4,17,22,242,10.5,93
2025-09-17T16:30,10.62,28.27,101.72,1021.61,2.7,0.3,0.6,17,24,245,10.6,92
2025-09-17T17:00,10.72,28.27,101.68,1021.59,3,0.4,0.7,26,32,243,11.3,90
2025-09-17T17:30,10.78,28.27,101.659996,1021.59,2.9,0.3,0.7,26,34,244,11.4,88
2025-09-17T18:00,10.75,28.32,101.62,1021.62,2.9,0.4,0.8,24,33,243,11.6,85
2025-09-17T18:30,10.55,28.37,101.58,1021.69,3,0.5,0.7,25,34,252,12,86
2025-09-17T19:00,10.34,28.42,101.53,1021.77,3.1,0.6,1.1,26,32,246,11.7,87
2025-09-17T19:30,10.42,28.44,101.509995,1021.77,3.2,0.6,1,26,35,253,11.9,85
2025-09-17T20:00,10.41,28.44,101.47,1021.78,3.1,0.6,1,29,38,245,12.5,82
2025-09-17T20:30,10.21,28.5,101.47,1021.86,3.3,0.7,1.7,27,34,246,12.9,80
2025-09-17T21:00,10.01,28.55,101.43,1021.93,3.2,0.7,1.1,23,31,227,12.8,81
2025-09-17T21:30,9.97,28.57,101.38,1021.95,3.2,0.6,1,28,36,231,14,77
2025-09-17T22:00,9.85,28.6,101.35,1021.98,3.2,0.8,1.3,26,38,227,13.7,78
2025-09-17T22:30,9.76,28.62,101.33,1022.02,3.3,0.8,1.5,27,35,234,13.5,78
2025-09-17T23:00,9.76,28.61,101.32,1022.01,3.4,0.9,1.6,29,39,243,13.3,78
2025-09-17T23:30,9.77,28.59,101.31,1022,3.5,0.8,1.5,28,37,238,13.3,78
2025-09-18T00:00,9.74,28.59,101.28,1022,3.3,0.8,1.3,28,40,251,13.4,78
2025-09-18T00:30,9.55,28.6,101.25,1022.03,3.2,0.7,1,23,31,239,11.9,83
2025-09-18T01:00,9.44,28.62,101.259995,1022.06,3.1,0.6,0.9,20,27,253,11,86
2025-09-18T01:30,9.4,28.62,101.259995,1022.08,3,0.5,0.7,17,22,263,10.5,90
2025-09-18T02:00,9.4,28.62,101.229996,1022.07,3,0.4,0.8,15,20,244,11.2,88
2025-09-18T02:30,9.41,28.62,101.22,1022.08,3,0.4,0.7,20,26,249,11,89
2025-09-18T03:00,9.51,28.62,101.18,1022.05,3.1,0.4,0.6,20,26,232,11.1,89
2025-09-18T03:30,9.64,28.61,101.14,1022.03,3.1,0.3,0.6,23,30,241,11.6,88
2025-09-18T04:00,9.7,28.61,101.13,1022.02,3,0.3,0.6,22,27,232,11.2,90
2025-09-18T04:30,10.3,28.4,101.1,1021.76,3,0.4,0.7,23,30,239,11.5,90
2025-09-18T05:00,10.4,28.33,101.07,1021.69,3,0.4,0.8,21,29,246,11.3,91
2025-09-18T05:30,10.39,28.29,101.04,1021.66,3.2,0.5,0.8,18,24,241,11.2,90
2025-09-18T06:00,10.41,28.25,101.06,1021.63,3,0.5,0.7,23,29,245,11.4,90
2025-09-18T07:00,10.55,28.18,100.990005,1021.55,3,0.4,0.8,24,31,238,11.9,89
2025-09-18T07:30,10.67,28.11,100.979996,1021.47,3.1,0.5,0.9,27,35,249,12,89
2025-09-18T08:00,10.71,28.09,100.97,1021.45,3,0.6,0.9,24,33,231,12.7,87
2025-09-18T09:00,10.72,28.07,100.909996,1021.44,3.2,0.6,1.1,23,28,228,12.1,87
2025-09-18T09:30,10.73,28.06,100.909996,1021.43,3.3,0.6,1,24,32,229,12,89
2025-09-18T10:00,10.74,28.05,100.88,1021.42,3.5,0.7,1.2,30,38,226,12.2,89
2025-09-18T10:30,10.77,28.03,100.88,1021.39,3.4,0.7,1,30,40,239,12.2,91
2025-09-18T11:00,10.76,28.03,100.85,1021.4,3.5,0.8,1.4,29,36,231,12,92
2025-09-18T12:00,10.76,28.04,100.840004,1021.41,3.6,0.9,1.7,26,33,239,11.9,93
2025-09-18T12:30,10.79,28.09,100.82,1021.44,3.5,0.9,1.6,31,40,238,12.3,92
2025-09-18T13:00,10.76,28.1,100.81,1021.46,3.3,0.9,1.5,31,43,242,12.4,91
2025-09-18T13:30,10.78,28.11,100.79,1021.46,3.6,1.1,1.6,34,46,252,12.9,90
2025-09-18T14:00,10.78,28.11,100.78,1021.46,3.8,1,1.5,38,50,253,13.2,85
2025-09-18T14:30,10.7,28.13,100.729996,1021.49,3.9,1.3,1.9,40,55,247,12.9,85
2025-09-18T15:00,10.53,28.23,100.68,1021.59,4.1,1.2,1.9,37,54,243,12.9,84
2025-09-18T15:30,10.4,28.29,100.64,1021.66,4,1.3,2.2,37,50,258,12.5,83
2025-09-18T16:00,10.27,28.37,100.6,1021.74,3.8,1.1,1.7,36,46,249,12.5,81
2025-09-18T16:30,9.99,28.47,100.56,1021.86,4.1,1.2,2,37,47,254,12.5,80
2025-09-18T17:00,9.95,28.53,100.54,1021.92,4.1,1.1,1.5,35,47,254,12.7,79
2025-09-18T17:30,9.96,28.53,100.509995,1021.92,4.2,1.2,2.3,33,43,248,12.3,80
2025-09-18T18:00,9.71,28.6,100.5,1022.01,4,1.2,2.1,39,49,247,12.8,79
2025-09-18T18:30,9.45,28.64,100.5,1022.08,3.9,1.1,1.9,35,49,251,13,79
2025-09-18T19:00,9.26,28.65,100.47,1022.12,4,1.2,1.9,34,50,250,12.3,83
2025-09-18T19:30,9,28.69,100.46,1022.19,4.1,1.2,1.9,33,44,246,12,84
2025-09-18T20:00,8.69,28.78,100.46,1022.3,4.1,1.2,1.7,33,42,240,12.2,83
2025-09-18T20:30,8.38,28.86,100.520004,1022.41,4,1.1,1.7,25,33,271,10.1,91
2025-09-18T21:00,8.24,28.94,100.5,1022.49,3.8,0.9,1.4,25,35,253,10.5,89
2025-09-18T21:30,8.09,29.09,100.56,1022.63,3.5,0.8,1.7,18,28,260,9.4,90
2025-09-18T22:00,8.07,29.07,100.58,1022.61,3.5,0.7,0.9,15,22,268,9.2,92
2025-09-18T22:30,8.23,28.98,100.6,1022.52,3.2,0.6,1,12,17,305,9.7,91
2025-09-18T23:00,8.37,28.94,100.659996,1022.47,3.2,0.6,0.8,13,18,302,9.8,90
2025-09-18T23:30,8.48,28.86,100.71,1022.39,3.2,0.4,0.8,18,25,8,11.9,91
2025-09-19T00:00,8.62,28.82,100.72,1022.35,3.1,0.3,0.5,14,18,1,12.1,89
2025-09-19T00:30,8.82,28.73,100.759995,1022.25,2.9,0.2,0.4,10,15,356,12.1,89
2025-09-19T01:00,8.89,28.74,100.770004,1022.24,3,0.2,0.4,11,14,353,12.5,88
2025-09-19T01:30,9.11,28.68,100.8,1022.16,2.8,0.2,0.4,9,12,48,12.7,88
2025-09-19T02:00,9.33,28.65,100.79,1022.11,2.8,0.2,0.3,8,11,43,12,89
2025-09-19T03:00,9.43,28.65,100.81,1022.09,3,0.1,0.2,10,12,331,11.7,92
2025-09-19T03:30,9.66,28.6,100.81,1022.02,2.9,0.1,0.2,10,12,346,11.5,94
2025-09-19T04:00,9.78,28.56,100.83,1021.97,3.2,0.1,0.1,11,13,329,11.2,94
2025-09-19T04:30,9.88,28.51,100.840004,1021.92,3.2,0.1,0.1,7,9,31,13.5,89
2025-09-19T05:00,9.95,28.48,100.87,1021.88,3.5,0.1,0.2,15,19,17,12.5,90
2025-09-19T05:30,9.94,28.47,100.86,1021.88,3.4,0.1,0.2,7,9,51,12,91
2025-09-19T06:00,10.02,28.43,100.86,1021.83,3.4,0.1,0.1,11,14,352,11.5,90
2025-09-19T06:30,10,28.44,100.87,1021.84,2.9,0.1,0.2,13,14,337,12.1,89
2025-09-19T07:00,9.97,28.46,100.88,1021.86,2.8,0.1,0.2,10,13,315,11.3,88
2025-09-19T07:30,9.96,28.45,100.89,1021.86,2.9,0.1,0.2,14,17,313,9.9,89
2025-09-19T08:00,9.72,28.55,100.909996,1021.97,2.8,0.1,0.2,16,20,320,10,85
2025-09-19T08:30,9.64,28.59,100.93,1022.01,2.6,0.1,0.2,21,26,329,10,84
2025-09-19T09:30,8.44,28.97,101.03,1022.49,2.4,0.2,0.3,15,19,322,9.2,84
2025-09-19T10:00,8.05,29.06,101.06,1022.61,2.4,0.2,0.3,17,22,322,9.2,81
2025-09-19T10:30,6.66,29.51,101.090004,1023.14,2.4,0.3,0.5,18,23,328,8.8,82
2025-09-19T11:00,6.41,29.57,101.14,1023.22,2.4,0.2,0.4,18,21,324,8.4,84
2025-09-19T11:30,6.41,29.57,101.18,1023.22,2.4,0.2,0.3,14,19,325,8.4,84
2025-09-19T12:00,6.39,29.57,101.2,1023.23,2.5,0.3,0.5,14,18,334,7.9,86
2025-09-19T12:30,6.33,29.59,101.21,1023.24,2.4,0.3,0.4,20,26,331,8.1,86
2025-09-19T13:00,7.55,29.22,101.28,1022.8,2.6,0.4,0.6,8,13,278,7.9,87
2025-09-19T13:30,7.92,29.11,101.3,1022.67,2.6,0.4,0.6,8,12,239,7.5,92
2025-09-19T14:00,7.99,29.09,101.31,1022.64,2.8,0.3,0.5,10,17,289,7.5,82
2025-09-19T14:30,8.1,29.08,101.33,1022.62,2.6,0.3,0.4,20,24,322,8.4,82
2025-09-19T15:00,8.28,29.05,101.32,1022.57,2.7,0.3,1,11,15,294,8.7,76
2025-09-19T16:00,8.46,29.03,101.32,1022.53,2.6,0.3,0.4,11,15,286,8.4,77
2025-09-19T16:30,8.6,29.01,101.3,1022.49,2.6,0.2,0.3,13,18,282,8.6,76
2025-09-19T17:00,8.22,29.12,101.29,1022.63,2.6,0.2,0.3,14,17,295,8.4,77
2025-09-19T17:30,6.64,29.31,101.28,1022.99,2.5,0.2,0.3,14,17,292,8.8,73
2025-09-19T18:00,6.81,29.24,101.28,1022.91,2.5,0.2,0.4,17,21,303,8.8,73
2025-09-19T18:30,6.83,29.22,101.3,1022.9,2.6,0.2,0.5,20,25,292,9.1,70
2025-09-19T19:00,6.61,29.19,101.33,1022.9,2.5,0.2,0.5,16,20,305,9.6,65
2025-09-19T19:30,6.6,29.22,101.37,1022.92,2.6,0.3,0.4,29,36,332,9.8,60
2025-09-19T20:00,6.69,29.24,101.42,1022.92,2.8,0.5,0.8,20,26,339,9.4,62
2025-09-19T20:30,7.08,29.3,101.44,1022.93,2.8,0.5,0.8,23,30,329,10,57
2025-09-19T21:00,6.88,29.29,101.509995,1022.95,2.9,0.5,0.9,30,39,355,9.9,55
2025-09-19T21:30,6.78,29.3,101.55,1022.96,3,0.7,1.4,31,40,342,9.5,56
2025-09-19T22:30,7.4,29.42,101.65,1022.98,3.2,0.8,1.3,24,31,327,7.9,71
2025-09-19T23:00,7.68,29.48,101.68,1022.99,3.2,0.8,1.4,16,22,318,8.5,64
2025-09-19T23:30,7.62,29.48,101.7,1023,3,0.6,1,11,16,289,8.1,68
2025-09-20T00:00,7.38,29.45,101.72,1023.01,2.9,0.5,0.9,14,17,280,8,71
2025-09-20T00:30,6.94,29.33,101.729996,1022.97,3,0.4,0.6,13,17,275,7.8,71
2025-09-20T01:30,6.88,29.34,101.759995,1022.98,2.9,0.4,0.7,27,37,296,8,69
2025-09-20T02:00,6.85,29.35,101.78,1023,2.7,0.4,0.8,26,33,306,7.9,69
2025-09-20T02:30,6.88,29.39,101.82,1023.02,2.8,0.4,0.8,21,26,302,7.7,72
2025-09-20T03:00,6.88,29.38,101.82,1023.01,2.8,0.5,0.8,18,23,279,7.6,72
2025-09-20T03:30,6.91,29.39,101.82,1023.02,2.9,0.4,0.8,20,26,276,7.6,72
2025-09-20T04:00,6.93,29.4,101.82,1023.03,2.7,0.4,0.7,19,24,277,7.3,75
2025-09-20T04:30,6.66,29.34,101.83,1023.01,2.7,0.4,0.6,21,27,276,7.3,73
2025-09-20T05:00,6.98,29.44,101.82,1023.05,2.8,0.4,0.6,24,33,276,7.2,74
2025-09-20T05:30,6.87,29.42,101.82,1023.05,2.9,0.5,0.9,23,31,272,7.1,76
2025-09-20T06:00,6.68,29.4,101.81,1023.05,2.9,0.5,0.8,28,37,265,7.3,73
2025-09-20T06:30,6.44,29.35,101.82,1023.04,2.9,0.5,0.9,31,41,272,7.3,71
2025-09-20T07:00,6.19,29.3,101.83,1023.03,3,0.6,1.1,23,30,274,7.1,75
2025-09-20T07:30,6.19,29.3,101.82,1023.03,2.9,0.6,1,28,35,274,7.1,72
2025-09-20T08:00,6.31,29.18,101.82,1022.92,3.1,0.6,1,30,38,284,7.1,74
2025-09-20T08:30,6.41,29.1,101.840004,1022.85,3,0.6,0.9,31,40,278,7,74
2025-09-20T09:00,6.45,29.08,101.86,1022.83,3,0.7,1,26,36,283,7,76
2025-09-20T09:30,6.44,29.03,101.87,1022.79,3.1,0.7,1.2,30,38,288,7.2,74
2025-09-20T10:00,6.31,28.93,101.9,1022.73,3.1,0.7,1.1,31,39,282,7.2,75
2025-09-20T10:30,6.45,28.91,101.95,1022.7,3.1,0.7,1.3,30,38,281,7.3,75
2025-09-20T11:00,6.31,28.92,101.97,1022.72,3,0.7,1.1,28,35,279,7.3,75
2025-09-20T11:30,6.07,28.84,101.990005,1022.68,3,0.6,1.1,31,41,273,7,78
2025-09-20T12:00,6.03,28.78,102.05,1022.64,3.1,0.7,1.1,29,36,280,7.3,76
2025-09-20T12:30,6.06,28.76,102.05,1022.62,3.2,0.7,1.1,28,37,278,7.1,80
2025-09-20T13:00,6.14,28.64,102.08,1022.52,3,0.7,1,30,39,282,7.6,75
2025-09-20T13:30,6.23,28.55,102.090004,1022.44,3.2,0.7,1.1,29,40,295,7.8,76
2025-09-20T14:00,6.31,28.45,102.11,1022.35,3.1,0.7,1.2,25,33,283,8,74
2025-09-20T14:30,6.49,28.28,102.11,1022.2,3,0.7,0.9,24,31,272,8.2,74
2025-09-20T15:00,6.63,28.16,102.13,1022.09,3,0.6,1,22,29,279,8.3,74
2025-09-20T15:30,6.72,28.09,102.14,1022.02,3,0.6,1,20,26,281,8.4,73
2025-09-20T16:30,6.71,28.18,102.15,1022.1,2.9,0.5,0.9,18,23,301,8.9,69
2025-09-20T17:00,6.7,28.23,102.15,1022.13,3,0.5,0.8,16,20,289,8.9,72
2025-09-20T17:30,6.71,28.27,102.17,1022.17,2.9,0.5,0.9,19,23,283,8.9,72
2025-09-20T18:00,6.73,28.28,102.18,1022.17,3.1,0.5,0.7,14,18,282,9,74
2025-09-20T18:30,6.82,28.3,102.19,1022.17,2.9,0.4,0.7,20,25,286,9.1,74
2025-09-20T19:00,6.85,28.3,102.18,1022.17,2.8,0.4,0.7,18,23,276,9.4,72
2025-09-20T19:30,6.93,28.28,102.2,1022.14,2.8,0.3,0.6,23,28,234,8.1,83
2025-09-20T20:00,6.95,28.29,102.229996,1022.15,2.8,0.3,0.5,15,19,247,8.2,84
2025-09-20T20:30,6.87,28.28,102.240005,1022.15,3,0.3,0.5,20,24,233,8.2,83
2025-09-20T21:00,6.75,28.32,102.25,1022.19,3.2,0.5,0.8,21,27,238,8.1,85
2025-09-20T21:30,6.89,28.31,102.28,1022.18,3.3,0.5,0.8,20,26,238,8.1,85
2025-09-20T22:00,6.76,28.32,102.3,1022.2,3.3,0.5,0.9,19,23,242,8.3,84
2025-09-20T22:30,6.72,28.33,102.31,1022.21,3.2,0.5,1.1,15,20,251,8,85
2025-09-20T23:00,6.67,28.34,102.35,1022.23,3.1,0.5,0.9,13,17,271,8.7,78
2025-09-20T23:30,6.65,28.3,102.37,1022.2,3,0.5,0.8,13,17,284,9.2,74
2025-09-21T00:00,6.62,28.23,102.43001,1022.14,3.1,0.4,0.8,14,18,299,8.9,75
2025-09-21T00:30,6.62,28.13,102.46,1022.06,3,0.5,0.8,13,18,310,9.2,73
2025-09-21T01:00,6.6,28.07,102.5,1022.02,2.9,0.4,0.6,18,22,300,9.6,70
2025-09-21T01:30,6.65,28.04,102.509995,1021.99,2.9,0.3,0.7,16,20,302,9,75
2025-09-21T02:00,6.69,27.95,102.53001,1021.91,2.8,0.2,0.4,17,21,305,9.3,72
2025-09-21T02:30,6.72,27.9,102.53001,1021.87,2.9,0.2,0.4,15,18,285,8.5,78
2025-09-21T03:00,6.74,27.88,102.55,1021.85,2.9,0.2,0.3,13,16,281,8.2,80
2025-09-21T03:30,6.78,27.86,102.53001,1021.83,3,0.1,0.3,15,18,283,8.2,80
2025-09-21T04:00,6.79,27.8,102.55,1021.79,3.2,0.1,0.4,17,20,237,7.6,87
2025-09-21T04:30,6.78,27.79,102.55,1021.78,3.1,0.1,0.2,17,20,247,8,82
2025-09-21T05:00,6.75,27.8,102.55,1021.79,2.7,0.1,0.3,22,27,248,7.7,85
2025-09-21T06:00,6.78,27.82,102.58,1021.8,2.6,0.3,0.5,22,28,260,8,83
2025-09-21T06:30,6.8,27.82,102.58,1021.8,2.6,0.3,0.6,19,27,265,7.8,86
2025-09-21T07:00,6.79,27.82,102.58,1021.8,2.7,0.3,0.5,21,26,271,8,83
2025-09-21T07:30,6.84,27.83,102.590004,1021.8,2.7,0.3,0.6,20,25,259,7.5,89
2025-09-21T08:00,7.04,27.76,102.590004,1021.72,2.8,0.3,0.6,22,26,273,7.3,90
2025-09-21T08:30,6.94,27.66,102.6,1021.66,2.8,0.3,0.5,21,26,253,7.2,90
2025-09-21T09:00,6.9,27.63,102.619995,1021.63,2.7,0.3,0.6,19,25,261,7.1,91
2025-09-21T09:30,6.89,27.63,102.630005,1021.63,2.6,0.3,0.6,19,25,264,7.1,91
2025-09-21T10:00,6.84,27.54,102.659996,1021.57,2.7,0.4,0.7,21,26,266,6.9,92
2025-09-21T10:30,6.84,27.55,102.65,1021.58,2.6,0.3,0.5,21,27,260,7,88
2025-09-21T11:00,6.85,27.58,102.659996,1021.6,2.6,0.3,0.6,23,30,261,7.1,89
2025-09-21T11:30,6.92,27.62,102.68001,1021.63,2.8,0.4,0.7,26,33,260,7,90
2025-09-21T12:00,6.92,27.59,102.69,1021.6,2.8,0.5,0.9,25,31,258,6.9,89
2025-09-21T12:30,6.93,27.57,102.7,1021.59,2.8,0.4,0.8,21,29,250,7,88
2025-09-21T13:00,6.98,27.61,102.7,1021.61,2.8,0.5,0.8,23,29,253,6.9,89
2025-09-21T13:30,7.05,27.61,102.68001,1021.61,2.6,0.4,0.6,23,30,254,7,86
2025-09-21T14:00,7.1,27.64,102.65,1021.62,2.6,0.4,0.7,21,29,254,7.3,84
2025-09-21T14:30,7.11,27.59,102.619995,1021.58,2.6,0.4,0.8,24,30,256,7.3,85
2025-09-21T15:00,7.17,27.58,102.56999,1021.57,2.6,0.4,0.9,23,29,251,7.5,84
2025-09-21T15:30,7.22,27.57,102.509995,1021.55,2.6,0.3,0.5,22,30,249,8,83
2025-09-21T16:00,7.28,27.55,102.44,1021.53,2.7,0.5,0.9,25,31,244,8.2,83
2025-09-21T16:30,7.33,27.66,102.409996,1021.61,2.6,0.4,0.7,24,32,248,8.3,85
2025-09-21T17:00,7.4,27.57,102.37,1021.53,2.7,0.5,0.8,26,33,247,8.9,83
2025-09-21T17:30,7.38,27.59,102.33,1021.55,2.9,0.5,1,23,30,245,9,82
2025-09-21T18:00,7.39,27.6,102.3,1021.55,2.9,0.5,0.8,17,21,248,9.3,80
2025-09-21T18:30,7.33,27.56,102.240005,1021.53,2.9,0.4,0.7,22,27,242,9.6,75
2025-09-21T19:00,7.31,27.61,102.19,1021.57,3.1,0.5,0.9,28,35,245,9.7,74
2025-09-21T19:30,7.28,27.59,102.13,1021.55,3.1,0.5,0.8,24,32,245,10,70
2025-09-21T20:00,7.27,27.6,102.07,1021.56,2.9,0.5,0.7,22,28,237,9.9,71
2025-09-21T20:30,7.25,27.58,102.020004,1021.56,3.1,0.5,1,26,31,241,10.1,69
2025-09-21T21:00,7.16,27.6,102.009995,1021.58,3,0.5,0.9,23,28,239,10.3,67
2025-09-21T21:30,7.09,27.66,101.979996,1021.63,3.1,0.6,1.2,27,34,245,11,59
2025-09-21T22:00,7.1,27.79,101.95,1021.74,3.1,0.7,1.1,22,27,242,10.3,65
2025-09-21T22:30,7.13,27.76,101.95,1021.71,3,0.6,1.1,20,26,245,9.9,69
2025-09-21T23:00,7.13,27.64,101.909996,1021.61,2.8,0.4,0.7,18,23,240,9.5,72
2025-09-21T23:30,7.09,27.65,101.909996,1021.63,3,0.4,1.1,16,21,231,8.7,78
2025-09-22T00:00,7.05,27.68,101.909996,1021.66,2.8,0.3,0.7,13,16,219,8.4,82
2025-09-22T00:30,7.03,27.68,101.9,1021.66,2.8,0.2,0.4,11,16,226,8.9,78
2025-09-22T01:00,7.02,27.67,101.88,1021.66,2.7,0.2,0.4,14,17,222,8.9,79
2025-09-22T01:30,7.02,27.67,101.89,1021.65,2.6,0.2,0.3,9,12,238,9.4,76
2025-09-22T02:00,7,27.65,101.89,1021.64,2.7,0.2,0.3,13,15,239,8.8,79
2025-09-22T02:30,7.01,27.62,101.88,1021.62,2.6,0.1,0.2,10,12,247,8.7,81
2025-09-22T03:00,7.03,27.57,101.9,1021.58,2.9,0.1,0.2,13,15,253,9.1,78
2025-09-22T03:30,7.03,27.53,101.840004,1021.54,0,0,0,13,15,253,8.6,82
2025-09-22T04:00,7.03,27.51,101.82,1021.53,0,0,0,10,12,226,8.1,87
2025-09-22T05:00,7.04,27.46,101.8,1021.48,3.1,0.1,0.1,14,16,227,8.3,84
2025-09-22T05:30,7.04,27.43,101.770004,1021.47,3,0.1,0.2,20,25,218,8.3,84
2025-09-22T06:30,7.02,27.4,101.729996,1021.44,3,0.1,0.2,15,17,226,8.1,84
2025-09-22T07:00,7.03,27.43,101.75,1021.46,2.7,0.1,0.2,12,14,230,7.6,88
2025-09-22T07:30,7.01,27.45,101.759995,1021.48,2.7,0.2,0.3,12,17,238,7.8,86
2025-09-22T08:00,7.01,27.47,101.740005,1021.5,2.7,0.2,0.3,16,19,215,8.3,82
2025-09-22T08:30,7,27.49,101.75,1021.51,2.6,0.2,0.3,14,17,221,8.1,85
2025-09-22T09:00,6.97,27.49,101.740005,1021.51,2.8,0.2,0.2,10,13,233,7.9,85
2025-09-22T10:00,6.81,27.45,101.759995,1021.51,2.6,0.2,0.3,9,12,242,7.5,88
2025-09-22T10:30,6.71,27.44,101.78,1021.51,2.5,0.2,0.3,9,11,222,7.2,91
2025-09-22T11:00,6.72,27.45,101.759995,1021.51,2.5,0.1,0.2,10,14,228,7.4,89
2025-09-22T11:30,6.72,27.43,101.71,1021.5,2.5,0.1,0.3,9,12,199,7.6,87
2025-09-22T12:00,6.75,27.41,101.7,1021.48,2.6,0.2,0.2,9,11,228,7.8,86
2025-09-22T12:30,6.8,27.38,101.740005,1021.46,2.5,0.2,0.2,7,10,249,7.8,87
2025-09-22T13:00,6.82,27.33,101.72,1021.41,2.3,0.1,0.2,10,12,223,7.9,87
2025-09-22T13:30,6.89,27.3,101.71,1021.38,2.4,0.2,0.3,14,16,222,8.6,80
2025-09-22T14:00,6.97,27.25,101.68,1021.33,2.4,0.1,0.4,13,16,234,8.5,81
2025-09-22T14:30,7.08,27.29,101.659996,1021.34,2.5,0.1,0.3,8,10,200,8.6,83
2025-09-22T15:00,7.23,27.32,101.62,1021.35,2.6,0.1,0.2,5,7,194,8.9,78
2025-09-22T15:30,7.33,27.29,101.58,1021.32,2.9,0.1,0.2,4,6,258,9,79
2025-09-22T16:00,7.53,27.33,101.53,1021.32,0,0,0,7,8,179,9.3,80
2025-09-22T16:30,7.62,27.37,101.45,1021.34,0,0,0,6,7,140,9.4,81
2025-09-22T17:00,7.47,27.43,101.43,1021.41,0,0,0,2,3,27,10.5,74
2025-09-22T17:30,7.76,27.41,101.37,1021.36,0,0,0,8,10,294,10.7,74
2025-09-22T18:00,7.39,27.51,101.35,1021.49,0,0,0,2,3,310,10.9,77
2025-09-22T18:30,8.41,27.22,101.33,1021.12,0,0,0,10,11,144,10.6,76
2025-09-22T19:00,8.36,27.28,101.31,1021.18,0,0,0,10,12,118,9.1,87
2025-09-22T19:30,8.38,27.36,101.31,1021.24,0,0,0,10,12,102,9,90
2025-09-22T20:00,8.18,27.35,101.3,1021.25,0,0,0,10,12,104,8.9,93
2025-09-22T20:30,8.05,27.37,101.270004,1021.28,0,0,0,13,15,92,8.6,93
2025-09-22T21:00,7.97,27.39,101.229996,1021.31,0,0,0,18,22,98,8.6,94
2025-09-22T21:30,7.88,27.41,101.2,1021.34,2.7,0.1,0.3,18,22,104,9,87
2025-09-22T22:00,7.86,27.43,101.2,1021.36,2.5,0.1,0.3,15,21,106,9.1,87
2025-09-22T22:30,7.75,27.51,101.18,1021.43,2.4,0.2,0.3,14,19,93,9.1,85
2025-09-22T23:00,7.45,27.62,101.090004,1021.56,2.6,0.2,0.3,18,24,91,9.7,82
2025-09-22T23:30,7.41,27.64,101.08,1021.58,2.4,0.2,0.4,18,24,79,9.4,85
2025-09-23T00:00,7.43,27.65,101.08,1021.59,2.4,0.2,0.4,19,23,30,9.1,88
2025-09-23T00:30,7.43,27.66,101.08,1021.59,2.5,0.2,0.3,19,24,42,8.9,92
2025-09-23T01:00,7.43,27.67,101.1,1021.61,2.5,0.2,0.4,17,22,19,8.5,96
2025-09-23T01:30,7.42,27.69,101.090004,1021.62,2.7,0.3,0.5,17,22,33,8.5,97
2025-09-23T02:00,7.39,27.7,101.08,1021.63,2.6,0.3,0.4,12,17,66,8.7,98
2025-09-23T02:30,7.38,27.71,101.090004,1021.64,2.9,0.2,0.4,5,8,28,8.6,97
2025-09-23T03:00,7.39,27.73,101.13,1021.65,2.8,0.2,0.4,9,14,229,8.4,98
2025-09-23T03:30,7.5,27.7,101.1,1021.61,2.9,0.2,0.3,6,9,291,8,98
2025-09-23T04:00,7.59,27.71,101.090004,1021.61,3,0.2,0.3,4,7,241,7.9,99
2025-09-23T04:30,7.77,27.4,101.1,1021.34,3.3,0.2,0.4,8,11,302,8,99
2025-09-23T05:30,7.6,27.07,101.11,1021.11,3.4,0.2,0.3,4,7,283,7.9,99
2025-09-23T06:00,7.6,27.1,101.1,1021.13,3.3,0.2,0.3,5,7,216,7.8,100
2025-09-23T06:30,7.56,27.19,101.11,1021.21,3.2,0.2,0.3,3,6,287,7.8,100
2025-09-23T07:00,7.52,27.18,101.11,1021.21,3.2,0.2,0.3,7,9,337,7.8,100
2025-09-23T07:30,7.85,26.96,101.13,1020.99,3.3,0.2,0.5,5,7,303,7.9,100
2025-09-23T08:00,7.85,26.96,101.15,1020.99,3.2,0.1,0.3,3,6,248,8,100
2025-09-23T09:00,7.81,26.97,101.12,1021.01,3.3,0.1,0.2,3,5,48,8.2,100
2025-09-23T09:30,7.73,27.03,101.13,1021.06,3.5,0.2,0.3,4,6,158,8.2,100
2025-09-23T10:00,7.66,27.1,101.15,1021.12,3.4,0.2,0.3,6,8,203,8.3,100
2025-09-23T10:30,7.85,26.96,101.2,1021,3.7,0.2,0.4,9,13,193,8.3,100
2025-09-23T11:00,7.92,26.95,101.229996,1020.98,3.5,0.2,0.3,14,17,210,8.6,100
2025-09-23T11:30,7.8,27.04,101.259995,1021.06,3.5,0.2,0.3,15,19,214,8.6,100
2025-09-23T12:00,7.82,27.07,101.29,1021.08,3.2,0.2,0.3,14,17,209,8.7,100
2025-09-23T12:30,7.84,27.05,101.32,1021.07,3,0.2,0.4,8,11,235,8.9,100
2025-09-23T13:00,7.79,27.12,101.33,1021.12,3,0.2,0.3,8,10,226,8.7,100
2025-09-23T13:30,7.76,27.13,101.33,1021.14,3.2,0.2,0.3,7,10,217,8.7,100
2025-09-23T14:00,7.95,27.08,101.36,1021.07,3.2,0.2,0.2,9,13,226,8.7,100
2025-09-23T14:30,7.93,27.09,101.36,1021.08,3.4,0.1,0.2,7,9,206,8.6,100
2025-09-23T15:00,7.82,27.11,101.39,1021.11,3.5,0.2,0.3,7,9,273,8.5,100
2025-09-23T15:30,7.9,27.06,101.39,1021.06,3.2,0.1,0.2,7,9,327,8.7,100
2025-09-23T16:00,7.99,27,101.38,1021.01,3.4,0.1,0.2,8,10,33,8.5,100
2025-09-23T16:30,8.02,27.03,101.38,1021.02,3.3,0.1,0.2,11,12,53,8.8,100
2025-09-23T17:00,7.99,27.04,101.38,1021.04,0,0,0,14,17,75,8.6,100
2025-09-23T17:30,7.99,27.06,101.38,1021.05,0,0,0,15,18,74,8.9,100
2025-09-23T18:00,7.94,27.06,101.4,1021.06,2.9,0.1,0.1,14,16,75,8.8,100
2025-09-23T18:30,7.94,27.05,101.4,1021.05,2.8,0.1,0.2,14,16,85,8.8,100
2025-09-23T19:30,8.06,27.03,101.47,1021.02,3,0.1,0.2,10,12,37,8.5,100
2025-09-23T20:00,8.08,27.05,101.490005,1021.03,2.8,0.1,0.1,11,13,38,8.5,100
2025-09-23T20:30,8.08,27.07,101.509995,1021.05,2.9,0.1,0.2,12,15,65,8.6,100
2025-09-23T21:00,8.01,27.09,101.57,1021.07,3.1,0.1,0.3,11,14,80,8.8,100
2025-09-23T21:30,7.98,27.1,101.61,1021.08,0,0,0,8,10,64,8.6,100
2025-09-23T22:00,7.96,27.1,101.64,1021.09,2.9,0.1,0.2,5,7,35,8.5,100
2025-09-23T22:30,7.92,27.1,101.67,1021.1,3.1,0.1,0.2,7,8,49,8.5,100
2025-09-23T23:00,7.84,27.12,101.7,1021.12,0,0,0,9,11,19,8.1,100
2025-09-24T00:00,7.91,27.08,101.78,1021.08,2.9,0.1,0.2,13,15,37,8.3,100
2025-09-24T00:30,7.96,27.06,101.81,1021.05,2.8,0.1,0.1,12,16,19,8.4,100
2025-09-24T01:00,7.97,27.09,101.86,1021.08,2.7,0.1,0.2,9,13,8,8.4,100
2025-09-24T01:30,7.94,27.09,101.87,1021.08,2.7,0.2,0.3,11,15,19,8.5,100
2025-09-24T02:00,7.8,27.14,101.9,1021.14,2.9,0.1,0.2,9,12,10,8.5,100
2025-09-24T02:30,7.68,27.18,101.93,1021.19,2.8,0.1,0.1,11,14,2,8.5,100
2025-09-24T03:00,7.55,27.22,101.94,1021.24,2.8,0.1,0.1,7,9,359,8.6,100
2025-09-24T03:30,7.65,27.16,101.97,1021.18,3.2,0.1,0.1,6,7,358,8.5,98
2025-09-24T04:00,7.64,27.13,101.990005,1021.15,3.3,0.1,0.3,7,9,355,8.3,98
2025-09-24T04:30,7.78,27.07,102.020004,1021.09,0,0,0,5,6,316,8.3,99
2025-09-24T05:00,7.95,27.02,102.08,1021.03,0,0,0,6,7,215,8,100
2025-09-24T05:30,7.93,27.01,102.090004,1021.02,0,0,0,5,6,203,7.5,99
2025-09-24T06:00,7.88,26.98,102.11,1021,0,0,0,9,10,217,7.4,100
2025-09-24T06:30,7.96,26.96,102.11,1020.98,0,0,0,8,9,228,7.4,100
2025-09-24T07:00,7.94,26.96,102.12,1020.98,0,0,0,7,9,233,7.1,100
2025-09-24T07:30,7.98,26.94,102.13,1020.96,3.6,0.1,0.1,4,5,268,7,100
2025-09-24T08:00,8.01,26.93,102.13,1020.95,0,0,0,4,6,297,7,100
2025-09-24T08:30,8.01,26.93,102.15,1020.95,0,0,0,7,9,269,6.7,100
2025-09-24T09:00,8.02,26.92,102.18,1020.94,0,0,0,7,8,259,6.6,100
2025-09-24T09:30,8.01,26.93,102.22,1020.95,0,0,0,7,8,262,6.4,100
2025-09-24T10:00,7.99,26.93,102.259995,1020.95,0,0,0,10,11,260,6.2,100
2025-09-24T10:30,7.94,26.94,102.3,1020.97,0,0,0,10,11,239,6,100
2025-09-24T11:00,7.85,26.98,102.35,1021.01,0,0,0,10,12,231,6.2,100
2025-09-24T11:30,7.76,27.02,102.39,1021.05,0,0,0,7,7,292,6.5,100
2025-09-24T12:00,7.76,27.01,102.43001,1021.05,0,0,0,10,11,250,6.9,100
2025-09-24T12:30,7.72,27.02,102.48,1021.06,0,0,0,7,8,238,7.1,100
2025-09-24T13:00,7.84,27.01,102.48,1021.03,0,0,0,6,8,238,7,100
2025-09-24T13:30,7.85,26.98,102.490005,1021.01,3.9,0.1,0.2,4,5,251,7.1,100
2025-09-24T14:00,7.84,26.99,102.509995,1021.01,0,0,0,6,7,229,7.2,100
2025-09-24T14:30,7.8,27.02,102.53001,1021.04,0,0,0,6,7,228,7.3,100
2025-09-24T15:00,7.89,26.97,102.509995,1020.99,0,0,0,6,6,232,7.3,100
2025-09-24T15:30,7.93,27.01,102.48,1021.02,0,0,0,5,6,223,7.6,100
2025-09-24T16:00,8.14,27.03,102.46999,1021.01,0,0,0,3,4,255,8,100
2025-09-24T16:30,8.08,27.06,102.45,1021.04,0,0,0,1,2,120,9.6,100
2025-09-24T17:00,8.17,27.1,102.409996,1021.06,0,0,0,3,4,27,9.1,97
2025-09-24T17:30,8.25,27.04,102.39,1021,0,0,0,1,3,253,12.1,91
2025-09-24T18:00,8.14,27.09,102.38,1021.05,0,0,0,4,5,333,11.8,84
2025-09-24T18:30,8.19,27.2,102.35,1021.13,0,0,0,3,4,317,10.9,90
2025-09-24T19:00,8.52,27.26,102.32,1021.14,0,0,0,5,5,290,10.9,89
2025-09-24T19:30,8.07,27.26,102.3,1021.2,0,0,0,4,4,224,10.8,90
2025-09-24T20:00,8.2,27.33,102.28,1021.24,0,0,0,7,7,214,10.8,90
2025-09-24T20:30,8.1,27.17,102.259995,1021.12,0,0,0,2,3,241,10.6,91
2025-09-24T21:00,8.11,27.14,102.259995,1021.1,4.8,0.1,0.2,3,4,178,10.4,90
2025-09-24T21:30,7.82,27.3,102.25,1021.26,5.5,0.1,0.1,5,5,190,10.2,94
2025-09-24T22:00,7.85,27.27,102.259995,1021.23,0,0,0,7,7,221,9.7,93
2025-09-24T22:30,8.17,27.3,102.25,1021.21,0,0,0,8,8,204,8.7,96
2025-09-24T23:00,8.18,27.2,102.240005,1021.13,0,0,0,10,11,203,8.7,97
2025-09-24T23:30,8.1,27.22,102.240005,1021.16,0,0,0,6,7,184,9.2,96
2025-09-25T00:00,7.9,27.2,102.240005,1021.18,0,0,0,10,11,222,9.2,96
2025-09-25T00:30,7.98,27.18,102.240005,1021.15,0,0,0,12,14,258,9,94
2025-09-25T01:00,8,27.16,102.229996,1021.13,0,0,0,4,5,240,8.1,96
2025-09-25T01:30,8.06,27.1,102.229996,1021.07,0,0,0,2,3,317,7.9,97
2025-09-25T02:00,8,27.05,102.22,1021.04,3.5,0.1,0.2,4,5,294,8.1,98
2025-09-25T02:30,8.09,27.02,102.2,1021.01,0,0,0,2,4,8,7.9,99
2025-09-25T03:00,8.08,27.01,102.19,1021,0,0,0,4,4,33,8.1,99
2025-09-25T03:30,8.12,27,102.19,1020.99,0,0,0,3,4,240,8.1,99
2025-09-25T04:00,8.14,27,102.19,1020.99,3.7,0.1,0.2,4,5,209,8.2,100
2025-09-25T04:30,8.32,26.99,102.15,1020.96,0,0,0,4,4,193,8.4,100
2025-09-25T05:00,8.31,26.99,102.13,1020.95,0,0,0,3,4,197,8.5,100
2025-09-25T05:30,8.35,26.98,102.12,1020.94,0,0,0,3,4,192,8.7,100
2025-09-25T06:00,8.47,27.03,102.090004,1020.97,0,0,0,6,6,200,8.6,100
2025-09-25T06:30,8.43,26.96,102.05,1020.92,0,0,0,6,6,202,8.4,100
2025-09-25T07:00,8.35,26.95,102.03,1020.91,0,0,0,7,9,184,8.6,100
2025-09-25T07:30,8.16,26.94,102,1020.93,4.9,0.1,0.1,9,11,209,8.2,99
2025-09-25T08:00,8.13,26.94,101.979996,1020.94,0,0,0,10,11,237,7.2,99
2025-09-25T08:30,8.22,26.95,101.97,1020.93,0,0,0,10,11,228,6.9,99
2025-09-25T09:00,8.29,26.95,101.96,1020.93,0,0,0,6,8,232,6.9,100
2025-09-25T09:30,8.44,26.97,101.94,1020.92,0,0,0,5,6,254,6.9,100
2025-09-25T10:00,8.63,26.99,101.94,1020.91,0,0,0,1,2,166,6.4,100
2025-09-25T10:30,8.66,27,101.94,1020.91,0,0,0,3,4,224,6.5,100
2025-09-25T11:00,8.52,26.99,101.94,1020.92,0,0,0,1,2,232,7.3,100
2025-09-25T11:30,8.63,27,101.94,1020.92,0,0,0,1,1,153,8.9,100
2025-09-25T12:00,8.56,27.02,101.94,1020.94,0,0,0,2,3,216,9.3,98
2025-09-25T12:30,8.51,26.99,101.93,1020.93,0,0,0,3,4,15,8.9,92
2025-09-25T13:00,8.52,26.98,101.92,1020.92,0,0,0,1,3,280,8.7,95
2025-09-25T13:30,8.57,26.96,101.87,1020.89,0,0,0,4,4,350,8.4,93
2025-09-25T14:00,8.84,26.99,101.86,1020.88,4.3,0.2,0.4,3,4,331,9.1,89
2025-09-25T14:30,8.81,27,101.82,1020.9,0,0,0,3,4,346,8.7,91
2025-09-25T15:00,8.83,27,101.79,1020.89,0,0,0,2,4,307,9,90
2025-09-25T15:30,9.14,26.92,101.7,1020.78,0,0,0,7,8,48,8.7,92
2025-09-25T16:00,9.2,26.94,101.67,1020.79,0,0,0,4,5,27,8.8,92
2025-09-25T16:30,9.38,26.9,101.61,1020.74,0,0,0,7,8,0,9.1,93
2025-09-25T17:00,9.17,27.02,101.520004,1020.86,0,0,0,8,9,37,9.4,93
2025-09-25T17:30,9.18,27.02,101.479996,1020.86,4.3,0.1,0.2,7,7,91,9.6,93
2025-09-25T18:00,9.44,27.05,101.46,1020.84,0,0,0,9,10,153,9.5,94
2025-09-25T18:30,8.91,27.03,101.4,1020.9,5,0.1,0.2,7,9,160,9.1,96
2025-09-25T19:00,9.27,26.97,101.33,1020.81,0,0,0,6,7,125,9.2,96
2025-09-25T19:30,9.47,26.96,101.259995,1020.77,4.4,0.1,0.3,9,11,124,9.2,96
2025-09-25T20:00,9.47,26.95,101.21,1020.76,0,0,0,8,9,110,9.4,95
2025-09-25T20:30,9.41,26.94,101.17,1020.76,0,0,0,6,7,76,9.5,95
2025-09-25T21:00,9.29,26.93,101.1,1020.77,4.1,0.1,0.2,9,10,86,9.4,96
2025-09-25T21:30,9.41,26.97,101.05,1020.78,4.4,0.1,0.1,11,13,100,9.4,95
2025-09-25T22:00,8.83,26.95,100.990005,1020.85,0,0,0,10,12,94,9.5,95
2025-09-25T22:30,8.9,27,100.97,1020.88,0,0,0,9,10,95,9.4,96
2025-09-25T23:00,8.88,27.05,100.94,1020.92,0,0,0,6,8,74,9.5,96
2025-09-25T23:30,8.86,27.07,100.89,1020.94,0,0,0,4,6,33,9.7,96
2025-09-26T00:00,8.68,27.1,100.840004,1020.99,3.8,0.1,0.3,6,7,73,9.6,97
2025-09-26T00:30,8.69,27.12,100.78,1021,0,0,0,7,8,57,9.7,97
2025-09-26T01:00,8.68,27.17,100.72,1021.04,0,0,0,5,7,96,10.2,100
2025-09-26T01:30,8.67,27.21,100.659996,1021.08,0,0,0,6,7,101,9.8,97
2025-09-26T02:00,8.56,27.4,100.6,1021.24,0,0,0,8,9,89,9.8,99
2025-09-26T02:30,8.42,27.45,100.53,1021.3,0,0,0,9,10,96,10.7,100
2025-09-26T03:00,8.38,27.37,100.45,1021.24,0,0,0,9,11,89,10.4,100
2025-09-26T03:30,8.62,27.33,100.38,1021.17,3.6,0.1,0.3,10,11,89,10.2,100
2025-09-26T04:00,8.6,27.34,100.32,1021.18,0,0,0,10,11,80,10.2,100
2025-09-26T04:30,8.57,27.37,100.259995,1021.22,0,0,0,8,10,76,10.4,100
2025-09-26T05:00,8.64,27.35,100.18,1021.19,0,0,0,11,12,82,10.4,100
2025-09-26T05:30TC],8.66,27.37,100.12,1021.2,0,0,0,9,11,91,10.3,100
2025-09-26T06:00,8.55,27.33,100.07,1021.18,0,0,0,11,12,96,10.2,100
2025-09-26T06:30,8.63,27.3,100.009995,1021.15,0,0,0,9,12,97,10.7,100
2025-09-26T07:00,8.67,27.31,99.97,1021.16,0,0,0,8,9,116,9.9,100
2025-09-26T07:30,8.73,27.25,99.93,1021.1,0,0,0,8,9,138,9.7,100
2025-09-26T08:00,8.86,27.25,99.909996,1021.08,0,0,0,7,8,170,9.7,100
2025-09-26T08:30,8.83,27.27,99.88,1021.1,0,0,0,6,7,177,9.8,100
2025-09-26T09:00,8.91,27.25,99.86,1021.07,4.2,0.1,0.2,8,10,192,9.9,100
2025-09-26T09:30,8.95,27.24,99.840004,1021.07,0,0,0,8,12,227,10.2,100
2025-09-26T10:00,8.88,27.28,99.88,1021.1,0,0,0,11,13,292,8.8,100
2025-09-26T10:30,8.85,27.29,99.89,1021.12,0,0,0,9,11,289,8.8,100
2025-09-26T11:00,8.83,27.3,99.93,1021.13,0,0,0,18,21,263,8.9,100
2025-09-26T11:30,8.74,27.33,99.94,1021.16,0,0,0,23,28,249,8.2,100
2025-09-26T12:00,8.49,27.39,99.95,1021.24,2.3,0.1,0.2,30,36,248,8.2,100
2025-09-26T12:30,8.2,27.46,99.990005,1021.34,2.4,0.3,0.5,27,36,249,8.4,100
2025-09-26T13:00,8.17,27.47,100.03,1021.35,2.6,0.4,0.8,33,42,254,8.1,100
2025-09-26T13:30,7.96,27.51,100.03,1021.41,2.7,0.5,0.9,32,40,253,7.7,100
2025-09-26T14:00,7.99,27.5,99.990005,1021.39,2.9,0.6,1,35,43,241,9.4,100
2025-09-26T14:30,7.92,27.49,100.04,1021.4,3,0.7,1.1,32,40,248,9.3,100
2025-09-26T15:00,7.76,27.53,99.990005,1021.45,3.3,0.8,1.3,40,53,246,10,100
2025-09-26T15:30,7.69,27.56,100.020004,1021.48,3.2,0.8,1.5,31,39,245,8.8,100
2025-09-26T16:00,7.57,27.62,100.08,1021.54,3.2,0.8,1.8,29,36,267,9.1,100
2025-09-26T16:30,7.62,27.6,100.1,1021.52,3.2,0.7,1.1,26,32,263,8.7,100
2025-09-26T17:00,7.46,27.7,100.12,1021.62,3.2,0.6,1.1,22,26,267,9.7,96
2025-09-26T17:30,7.39,27.78,100.14,1021.69,3,0.6,1,18,23,271,10.3,84
2025-09-26T18:00,7.42,27.84,100.13,1021.74,2.9,0.5,0.8,22,27,249,10.6,84
2025-09-26T18:30,7.36,27.95,100.159996,1021.83,2.9,0.5,0.7,15,21,240,9.7,83
2025-09-26T19:00,7.34,28.03,100.18,1021.9,3.1,0.3,0.5,5,9,294,9.4,82
2025-09-26T19:30,7.25,28.04,100.22,1021.91,2.9,0.3,0.5,15,20,263,9.1,80
2025-09-26T20:00,7.08,28.11,100.259995,1021.99,3,0.3,0.7,18,22,306,11,69
2025-09-26T20:30,6.98,28.17,100.28,1022.05,2.9,0.3,0.6,10,16,289,10.1,73
2025-09-26T21:00,6.98,28.17,100.29,1022.05,2.9,0.3,0.8,18,23,318,10.1,72
2025-09-26T21:30,7,28.17,100.3,1022.05,3.1,0.4,0.8,14,19,301,10,72
2025-09-26T22:00,7.05,28.15,100.33,1022.02,3.1,0.4,0.6,21,26,278,10.7,67
2025-09-26T22:30,7.05,28.13,100.38,1022.01,3,0.4,0.6,12,17,279,9.9,72
2025-09-26T23:00,7.1,28.1,100.409996,1021.98,3,0.3,0.5,11,15,263,9.2,76
2025-09-26T23:30,7.17,28.07,100.43,1021.95,2.9,0.2,0.3,13,16,239,8.4,82
2025-09-27T00:00,7.27,28.04,100.46,1021.91,3,0.2,0.4,18,23,237,9,77
2025-09-27T00:30,7.35,27.96,100.47,1021.84,2.9,0.2,0.3,19,24,231,7.9,84
2025-09-27T01:00,7.3,27.98,100.490005,1021.86,2.7,0.3,0.4,26,32,250,9.2,81
2025-09-27T01:30,7.07,27.98,100.479996,1021.89,2.7,0.4,0.6,30,36,246,8.6,82
2025-09-27T02:00,7.05,27.94,100.490005,1021.86,2.7,0.4,0.7,27,33,258,9.6,76
2025-09-27T02:30,7.16,27.89,100.490005,1021.81,2.7,0.4,0.7,26,31,251,9.8,74
2025-09-27T03:00,7.32,27.83,100.490005,1021.74,2.6,0.4,0.8,31,41,248,10.4,71
2025-09-27T03:30,7.42,27.78,100.490005,1021.69,2.9,0.5,0.8,33,41,245,9.4,76
2025-09-27T04:00,7.5,27.74,100.490005,1021.65,2.9,0.5,0.8,29,37,254,8.9,79
2025-09-27T04:30,7.53,27.72,100.490005,1021.63,3,0.6,0.9,28,35,260,8.7,80
2025-09-27T05:00,7.51,27.7,100.509995,1021.61,2.9,0.5,1,23,29,265,8.7,79
2025-09-27T05:30,7.46,27.69,100.54,1021.61,2.9,0.5,0.8,26,31,258,8,83
2025-09-27T06:00,7.31,27.78,100.56,1021.7,2.9,0.5,0.8,32,44,266,9,76
2025-09-27T07:00,6.79,28.19,100.63,1022.09,2.9,0.5,0.8,22,28,269,8.9,75
2025-09-27T07:30,6.54,28.37,100.68,1022.26,2.9,0.6,1,28,33,278,8.4,76
2025-09-27T08:00,6.26,28.57,100.7,1022.45,3,0.6,0.9,25,31,288,8.5,75
2025-09-27T08:30,6.03,28.71,100.770004,1022.59,2.9,0.6,0.9,21,28,272,8,77
2025-09-27T09:00,5.99,28.74,100.83,1022.62,2.9,0.5,0.9,21,29,281,7.8,78
2025-09-27T09:30,6.2,28.58,100.86,1022.47,3.1,0.5,0.9,16,20,297,7.3,80
2025-09-27T10:00,6.85,28.12,100.92,1022.03,3,0.5,0.8,31,37,325,8.8,69
2025-09-27T10:30,6.86,28.11,100.990005,1022.02,2.9,0.4,0.7,20,27,321,8.3,74
2025-09-27T11:00,7.03,27.99,101.020004,1021.9,3.1,0.5,0.7,29,41,321,9.2,67
2025-09-27T11:30,7.21,27.88,101.090004,1021.79,3.1,0.6,1,34,45,329,9.4,65
2025-09-27T12:00TC],7.31,27.82,101.090004,1021.73,3.1,0.7,1,26,36,318,9,68
2025-09-27T12:30,7.33,27.81,101.11,1021.73,3.2,0.6,1.1,26,35,311,8.9,69
2025-09-27T13:00,7.32,27.85,101.18,1021.76,3.1,0.5,0.9,18,25,270,8.4,73
2025-09-27T13:30,7.28,27.92,101.19,1021.81,3,0.4,0.7,15,21,271,8.2,75
2025-09-27T14:00,7.37,27.88,101.2,1021.78,3,0.4,0.7,15,19,277,7.8,79
2025-09-27T14:30,7.52,27.84,101.240005,1021.73,3.1,0.3,0.5,18,22,273,8.2,78
2025-09-27T15:00,7.61,27.8,101.28,1021.68,2.9,0.3,0.5,24,31,272,8.7,74
2025-09-27T15:30,7.76,27.75,101.28,1021.62,2.7,0.3,0.5,16,21,276,9.2,72
2025-09-27T16:00,7.77,27.75,101.31,1021.62,2.6,0.2,0.4,24,29,226,8.2,80
2025-09-27T16:30,7.79,27.77,101.3,1021.63,2.8,0.4,0.7,26,32,230,8.4,78
2025-09-27T17:00,7.92,27.72,101.3,1021.58,2.7,0.3,0.6,26,34,245,8.7,79
2025-09-27T17:30,7.96,27.73,101.28,1021.58,2.8,0.4,0.7,27,33,232,8.4,78
2025-09-27T18:00,8.14,27.68,101.240005,1021.51,2.7,0.4,0.7,24,31,233,7.9,81
2025-09-27T18:30,8.16,27.66,101.229996,1021.5,2.6,0.4,0.6,22,29,240,7.8,81
2025-09-27T19:00,8.19,27.67,101.229996,1021.51,2.5,0.4,0.6,29,35,244,8.5,78
2025-09-27T19:30,8.04,27.82,101.22,1021.64,2.6,0.4,0.7,25,31,235,8,80
2025-09-27T20:00,6.46,28.66,101.2,1022.5,2.6,0.4,0.7,23,28,232,7.7,81
2025-09-27T20:30,6.05,28.9,101.18,1022.73,2.7,0.4,0.8,24,32,239,8.2,78
2025-09-27T21:00,5.69,29.05,101.159996,1022.89,2.8,0.4,0.8,16,22,206,7.2,83
2025-09-27T21:30,8.18,27.71,101.19,1021.54,2.8,0.4,0.7,19,26,221,7.9,79
2025-09-27T22:00,8.18,27.68,101.21,1021.51,2.9,0.5,0.7,15,21,207,7.4,83
2025-09-27T23:00,8.03,27.71,101.229996,1021.56,2.9,0.3,0.5,19,25,218,9,76
2025-09-27T23:30,7.95,27.74,101.259995,1021.59,3.1,0.3,0.5,15,17,205,7.6,83
2025-09-28T00:00,7.79,27.84,101.28,1021.69,2.9,0.2,0.4,17,20,211,8.4,80
2025-09-28T00:30,7.8,27.83,101.28,1021.68,3.1,0.2,0.4,15,18,197,7.8,84
2025-09-28T01:00,7.65,27.9,101.270004,1021.76,3.1,0.2,0.4,17,20,190,8,83
2025-09-28T01:30,7.68,27.87,101.29,1021.73,3,0.2,0.3,15,18,210,8.3,80
2025-09-28T02:00,7.68,27.85,101.28,1021.71,2.8,0.2,0.3,17,21,234,8.2,80
2025-09-28T02:30,7.59,27.91,101.28,1021.77,2.8,0.2,0.3,11,13,215,7.5,83
2025-09-28T03:00,7.38,28.03,101.31,1021.89,2.6,0.1,0.3,13,17,210,6.9,87
2025-09-28T03:30,7.29,28.1,101.31,1021.96,2.8,0.1,0.3,15,18,242,7,85
2025-09-28T04:00,7.09,28.24,101.270004,1022.09,2.6,0.1,0.2,9,12,234,6.9,87
2025-09-28T04:30,6.75,28.41,101.259995,1022.27,2.8,0.1,0.2,10,13,207,6.8,87
2025-09-28T05:00,6.34,28.61,101.240005,1022.47,2.8,0.1,0.2,13,15,190,6.5,89
2025-09-28T05:30,6.06,28.76,101.229996,1022.63,2.9,0.1,0.2,14,16,184,6.4,91
2025-09-28T06:00,5.67,28.98,101.19,1022.84,2.9,0.1,0.2,12,13,205,6.4,90
2025-09-28T06:30,5.36,29.15,101.18,1023.01,0,0,0,15,18,203,6.3,90
2025-09-28T07:00,5.21,29.2,101.13,1023.06,0,0,0,11,12,206,5.7,94
2025-09-28T07:30,5.28,29.15,101.12,1023.01,0,0,0,10,12,215,5.7,94
2025-09-28T08:00,5.98,28.67,101.1,1022.57,0,0,0,8,10,185,6.1,91
2025-09-28T09:00,6.25,28.52,101.04,1022.41,0,0,0,9,10,208,6.1,92
2025-09-28T09:30,6.21,28.51,101,1022.41,0,0,0,9,10,206,5.7,92
2025-09-28T10:00,5.94,28.7,100.979996,1022.59,0,0,0,9,11,173,5.5,95
2025-09-28T10:30,4.76,29.8,100.86,1023.58,0,0,0,13,15,159,6.3,92
2025-09-28T11:00,4.72,29.9,100.87,1023.67,2.6,0.1,0.3,17,22,210,6.5,86
2025-09-28T11:30,4.81,29.95,100.83,1023.7,2.4,0.2,0.3,23,30,189,6.9,83
2025-09-28T12:00,5.17,29.49,100.72,1023.29,2.6,0.3,0.5,24,30,180,6.8,85
2025-09-28T12:30,5.59,29.06,100.8,1022.91,2.6,0.2,0.4,28,36,326,6.3,87
2025-09-28T13:00,5.74,28.86,100.81,1022.74,2.5,0.1,0.2,13,16,48,6.3,96
2025-09-28T13:30,5.86,28.82,100.75,1022.69,2.7,0.1,0.2,9,11,97,6.7,97
2025-09-28T14:00,5.92,28.82,100.759995,1022.68,2.8,0.1,0.3,7,9,118,6.7,98
2025-09-28T14:30,5.98,28.8,100.759995,1022.66,2.6,0.1,0.2,10,12,163,6.9,96
2025-09-28T15:00,6.03,28.82,100.770004,1022.67,2.6,0.1,0.2,9,11,186,7,97
2025-09-28T16:00,6.05,28.86,100.78,1022.71,0,0,0,11,12,247,6,97
2025-09-28T16:30,6.13,28.92,100.740005,1022.74,2.8,0.1,0.2,11,12,250,6,96
2025-09-28T17:00,5.87,29.17,100.71,1022.97,3.3,0.1,0.1,8,9,242,6.2,95
2025-09-28T17:30,5.63,29.41,100.759995,1023.18,2.9,0.1,0.2,11,14,314,6.1,96
2025-09-28T18:00,5.46,29.5,100.81,1023.28,0,0,0,19,23,265,6.5,94
2025-09-28T18:30,5.06,29.67,100.759995,1023.45,0,0,0,22,26,223,7.3,93
2025-09-28T19:00,4.87,29.78,100.82,1023.56,2.2,0.1,0.2,21,25,234,7.4,91
2025-09-28T19:30,4.7,29.86,100.86,1023.64,2.2,0.1,0.3,19,23,261,9.4,82
2025-09-28T20:00,4.77,29.94,100.85,1023.7,2.5,0.3,0.5,21,27,244,8.4,84
2025-09-28T20:30,4.61,29.96,100.87,1023.73,2.6,0.3,0.5,20,25,235,8.9,86
2025-09-28T21:00,4.73,29.94,100.86,1023.7,2.6,0.3,0.9,21,26,236,8.1,88
2025-09-28T21:30,4.73,29.94,100.88,1023.7,2.6,0.3,0.4,32,40,271,10.4,73
2025-09-28T22:00,4.71,29.95,100.96,1023.71,2.7,0.5,0.8,28,38,283,11,68
2025-09-28T22:30,4.62,29.96,101.009995,1023.73,3,0.6,0.8,26,33,280,10.2,69
2025-09-28T23:00,4.7,29.96,101.05,1023.72,2.8,0.5,0.9,23,30,268,10.2,68
2025-09-28T23:30,4.78,29.96,101.07,1023.71,2.9,0.5,0.9,26,32,257,10.6,65
2025-09-29T00:00,4.87,29.94,101.07,1023.68,2.9,0.5,1,26,33,239,10.1,67
2025-09-29T00:30,4.85,29.94,101.090004,1023.69,2.9,0.5,1,27,33,227,9.4,70
2025-09-29T01:00,4.86,29.94,101.13,1023.69,2.9,0.5,0.8,29,37,231,10.5,65
2025-09-29T01:30,4.93,29.93,101.19,1023.67,2.9,0.5,0.8,27,36,235,10.7,65
2025-09-29T02:00,4.92,29.96,101.2,1023.69,2.9,0.5,0.8,27,37,232,10.1,68
2025-09-29T02:30,4.86,30,101.229996,1023.73,3.1,0.7,1.2,28,38,233,9.9,69
2025-09-29T03:00,4.83,30.01,101.259995,1023.75,3.1,0.7,1,26,35,238,9.2,72
2025-09-29T03:30,4.72,30.02,101.28,1023.76,3.1,0.7,1,27,37,246,9.8,70
2025-09-29T04:00,4.67,29.98,101.29,1023.74,3,0.7,1.2,27,38,258,9.7,70
2025-09-29T04:30,4.64,29.96,101.33,1023.73,3,0.6,1,26,32,261,9.6,71
2025-09-29T05:00,4.56,29.94,101.340004,1023.71,3.2,0.6,1,31,40,255,9.3,72
2025-09-29T05:30,4.48,29.95,101.37,1023.73,2.9,0.6,1,26,33,265,9.1,73
2025-09-29T06:00,4.4,29.95,101.38,1023.74,3,0.6,1,22,29,262,8.2,78
2025-09-29T06:30,4.4,29.94,101.4,1023.73,2.8,0.5,0.7,20,25,277,8.6,77
2025-09-29T07:00,4.37,29.96,101.409996,1023.75,2.8,0.5,0.9,19,25,256,7.7,81
2025-09-29T07:30,4.34,29.96,101.409996,1023.75,2.9,0.4,0.7,19,26,261,8.9,75
2025-09-29T08:00,4.34,29.95,101.43,1023.74,2.7,0.4,0.7,18,24,253,7.6,82
2025-09-29T08:30,4.36,29.93,101.46,1023.73,2.7,0.4,0.7,18,25,257,8.1,82
2025-09-29T09:00,4.37,29.92,101.479996,1023.72,2.6,0.3,0.7,20,25,256,7.3,85
2025-09-29T09:30,4.38,29.92,101.509995,1023.71,2.6,0.3,0.5,18,23,255,7.7,83
2025-09-29T10:00,4.39,29.91,101.53,1023.71,2.6,0.3,0.6,17,22,245,7.3,85
2025-09-29T10:30,4.4,29.91,101.55,1023.71,2.6,0.4,0.6,18,24,242,7,87
2025-09-29T11:00,4.42,29.9,101.56,1023.7,2.8,0.3,0.8,18,25,247,6.8,89
2025-09-29T11:30,4.43,29.9,101.55,1023.7,2.7,0.3,0.6,19,25,244,7,88
2025-09-29T12:00,4.43,29.9,101.590004,1023.7,2.7,0.3,0.6,20,26,254,7.1,88
2025-09-29T12:30,4.43,29.91,101.61,1023.71,2.8,0.4,0.9,21,28,241,7,89
2025-09-29T13:00,4.43,29.91,101.590004,1023.71,2.8,0.3,0.6,21,27,238,6.9,90
2025-09-29T13:30,4.42,29.92,101.58,1023.71,2.9,0.5,0.7,30,40,244,7.6,86
2025-09-29T14:00,4.39,29.93,101.58,1023.73,3.3,0.7,1.1,30,40,242,7.6,86
2025-09-29T14:30,4.38,29.94,101.6,1023.73,3.4,0.8,1.1,28,37,244,7.6,86
2025-09-29T15:00,4.37,29.94,101.58,1023.74,3.4,0.8,1.2,22,34,246,7.2,88
2025-09-29T15:30,4.38,29.94,101.62,1023.74,3.1,0.6,0.9,21,29,264,7.2,90
2025-09-29T16:00,4.39,29.94,101.61,1023.73,3.2,0.6,1,20,27,253,7,90
2025-09-29T16:30,4.41,29.93,101.58,1023.73,3.2,0.6,1,22,31,263,7.7,89
2025-09-29T17:00,4.43,29.94,101.590004,1023.73,3.1,0.6,1,20,27,260,7.5,88
2025-09-29T17:30,4.42,29.94,101.57,1023.73,3,0.6,0.9,20,27,260,7.4,90
2025-09-29T18:00,4.47,29.94,101.55,1023.72,2.7,0.4,0.8,23,31,252,7.5,90
2025-09-29T18:30,4.51,29.93,101.53,1023.71,2.7,0.4,0.7,22,31,255,7.6,91
2025-09-29T19:00,4.61,29.91,101.490005,1023.69,2.7,0.4,0.6,25,32,251,7.4,92
2025-09-29T19:30,4.62,29.9,101.509995,1023.68,2.7,0.4,0.7,19,25,247,7.9,88
2025-09-29T20:00,4.79,29.87,101.53,1023.64,2.6,0.3,0.6,23,30,243,8.1,88
2025-09-29T20:30TC],4.86,29.84,101.55,1023.61,2.5,0.3,0.5,18,22,254,7.8,89
2025-09-29T21:30,5.33,29.7,101.62,1023.45,2.6,0.3,0.5,14,17,280,7.5,88
2025-09-29T22:00,5.42,29.67,101.64,1023.41,2.6,0.2,0.3,9,14,232,6.8,90
2025-09-29T22:30,5.42,29.66,101.69,1023.4,2.6,0.2,0.4,9,12,243,6.6,91
2025-09-29T23:00,5.38,29.66,101.72,1023.41,2.7,0.2,0.3,7,10,253,10.2,70
2025-09-29T23:30,5.35,29.67,101.729996,1023.42,2.6,0.1,0.2,13,18,288,10.7,67
2025-09-30T00:00,5.39,29.67,101.740005,1023.41,2.9,0.2,0.3,13,16,292,8.1,80
2025-09-30T00:30,5.33,29.68,101.75,1023.43,2.8,0.2,0.3,13,15,292,8.9,76
2025-09-30T01:30,5.44,29.64,101.759995,1023.39,3.1,0.1,0.2,11,13,269,8.8,77
2025-09-30T02:00,5.42,29.64,101.78,1023.39,3.1,0.1,0.2,14,18,237,7.5,83
2025-09-30T02:30,5.41,29.64,101.770004,1023.39,3,0.1,0.1,14,18,242,6.8,87
2025-09-30T03:00,5.42,29.63,101.759995,1023.38,2.7,0.1,0.2,16,18,252,6.8,89
2025-09-30T03:30,5.4,29.64,101.759995,1023.39,2.7,0.1,0.2,19,24,249,6.9,88
2025-09-30T04:00,5.45,29.64,101.740005,1023.38,2.6,0.1,0.1,17,22,250,6.9,89
2025-09-30T04:30,5.36,29.66,101.740005,1023.41,2.5,0.1,0.2,25,32,276,8.2,82
2025-09-30T05:00,5.24,29.71,101.759995,1023.46,2.6,0.3,0.6,25,32,278,8.2,82
2025-09-30T05:30,5.09,29.76,101.78,1023.52,2.6,0.4,0.6,19,28,270,7.4,86
2025-09-30T06:00,4.98,29.79,101.8,1023.55,2.8,0.4,0.6,17,23,266,7.4,86
2025-09-30T06:30,5.01,29.77,101.81,1023.54,2.7,0.3,0.5,17,24,268,7.4,87
2025-09-30T07:00,5.04,29.76,101.82,1023.52,2.5,0.3,0.5,20,28,266,7.4,87
2025-09-30T07:30,5.13,29.72,101.82,1023.49,2.5,0.2,0.4,18,23,263,7,90
2025-09-30T08:00,5.23,29.69,101.82,1023.45,2.4,0.2,0.4,19,25,271,6.8,93
2025-09-30T08:30,5.22,29.7,101.840004,1023.46,2.3,0.3,0.4,18,24,275,6.4,94
2025-09-30T09:00,5.23,29.72,101.88,1023.47,2.4,0.2,0.3,19,25,279,6.1,95
2025-09-30T09:30,5.29,29.72,101.89,1023.47,2.2,0.2,0.3,21,26,274,6.5,92
2025-09-30T10:00,5.16,29.74,101.909996,1023.5,2.2,0.2,0.3,26,32,303,8.3,74
2025-09-30T10:30,5.12,29.75,101.97,1023.51,2.4,0.3,0.4,25,32,308,8.7,70
2025-09-30T11:00,5.05,29.73,101.97,1023.5,2.6,0.3,0.5,26,33,310,8,73
2025-09-30T11:30,5,29.73,101.979996,1023.51,2.4,0.3,0.4,24,29,304,7.2,80
2025-09-30T12:00,4.98,29.72,102.03,1023.5,2.5,0.3,0.7,18,25,302,7.1,78
2025-09-30T12:30,4.91,29.71,102.06,1023.5,2.5,0.3,0.5,19,26,297,7,78
2025-09-30T13:00,4.79,29.7,102.090004,1023.5,2.5,0.3,0.5,15,21,303,6.9,79
2025-09-30T13:30,4.83,29.66,102.090004,1023.46,2.7,0.4,0.6,21,27,324,7.5,76
2025-09-30T14:00,4.88,29.65,102.12,1023.45,2.7,0.4,0.8,14,19,310,7,80
2025-09-30T14:30,4.9,29.65,102.15,1023.45,2.7,0.4,0.5,12,17,308,7.1,80
2025-09-30T15:00,4.99,29.64,102.159996,1023.43,2.9,0.4,0.8,11,14,281,7.1,80
2025-09-30T15:30,5.04,29.65,102.17,1023.43,2.9,0.4,0.7,14,20,281,6.6,84
2025-09-30T16:00,5.04,29.66,102.18,1023.45,2.8,0.3,0.6,15,19,292,8.2,73
2025-09-30T16:30,5.11,29.66,102.159996,1023.44,3,0.4,0.6,17,21,272,7.5,79
2025-09-30T17:00,5.14,29.71,102.159996,1023.47,2.9,0.4,0.9,17,21,284,8,75
2025-09-30T17:30,5.26,29.72,102.17,1023.47,3,0.4,0.7,15,19,291,7.5,79
2025-09-30T18:00,5.37,29.73,102.18,1023.47,3,0.4,0.6,12,16,273,7.3,82
2025-09-30T18:30,5.35,29.74,102.18,1023.48,2.9,0.3,0.5,11,14,272,8,77
2025-09-30T19:00,5.35,29.76,102.17,1023.49,3,0.4,0.6,14,16,267,7.4,82
2025-09-30T20:00,5.4,29.78,102.14,1023.5,2.8,0.3,0.5,12,16,269,8.2,77
2025-09-30T20:30,5.42,29.77,102.15,1023.49,2.9,0.3,0.7,13,16,253,8.4,77
2025-09-30T21:00TC],5.38,29.76,102.15,1023.49,2.8,0.2,0.4,15,18,262,8,79
2025-09-30T21:30,5.33,29.73,102.18,1023.47,2.8,0.2,0.3,14,18,261,8.1,78
2025-09-30T22:00,5.3,29.76,102.18,1023.49,2.7,0.2,0.4,14,19,280,7.7,81
2025-09-30T22:30,5.27,29.77,102.18,1023.51,2.7,0.2,0.3,15,19,302,8.2,78
2025-09-30T23:00,5.27,29.78,102.2,1023.52,2.6,0.1,0.3,15,18,295,8.4,77
2025-09-30T23:30,5.45,29.6,102.229996,1023.36,2.6,0.1,0.2,17,22,314,8.8,76
2025-10-01T00:00,5.51,29.42,102.240005,1023.21,2.6,0.1,0.2,17,20,309,8,81
2025-10-01T00:30,5.47,29.41,102.25,1023.2,2.7,0.1,0.2,20,26,312,8.6,77
2025-10-01T01:00,5.43,29.42,102.28,1023.22,2.3,0.1,0.2,19,24,315,8.3,80
2025-10-01T01:30,5.41,29.46,102.3,1023.25,2.3,0.2,0.3,17,21,327,7.8,83
2025-10-01T02:00,5.37,29.51,102.32,1023.29,2.2,0.1,0.2,22,26,327,8.7,78
2025-10-01T02:30,5.36,29.43,102.33,1023.23,2.4,0.2,0.3,15,18,341,7.9,82
2025-10-01T03:00,5.33,29.36,102.32,1023.17,2.5,0.1,0.2,15,18,336,7.5,83
2025-10-01T03:30,5.3,29.34,102.33,1023.17,2.5,0.1,0.3,16,19,336,8,81
2025-10-01T04:00,7.06,28.44,102.32,1022.25,2.4,0.1,0.2,15,20,336,7.7,83
2025-10-01T04:30,7.19,28.38,102.33,1022.19,2.3,0.1,0.2,16,20,336,8.5,81
2025-10-01T05:00,7.21,28.36,102.33,1022.17,2.3,0.2,0.3,20,25,333,8,81
2025-10-01T05:30,7.18,28.37,102.33,1022.18,2.2,0.2,0.3,21,26,342,8.1,80
2025-10-01T06:00,7.18,28.36,102.33,1022.18,2.3,0.2,0.4,22,27,342,8,81
2025-10-01T06:30,7.23,28.33,102.340004,1022.14,2.4,0.3,0.4,20,25,335,8.1,80
2025-10-01T07:00,7.18,28.34,102.35,1022.16,2.5,0.3,0.5,22,28,339,7.7,82
2025-10-01T07:30,7.22,28.32,102.36,1022.14,2.5,0.3,0.5,20,27,342,7.6,83
2025-10-01T08:00,7.22,28.31,102.37,1022.13,2.4,0.3,0.5,26,32,352,7.7,82
2025-10-01T08:30,7.2,28.33,102.37,1022.15,2.5,0.4,0.7,26,35,348,7.7,83
2025-10-01T09:00,7.33,28.22,102.4,1022.04,2.5,0.3,0.5,23,30,345,7.4,84
2025-10-01T09:30,7.45,28.16,102.43001,1021.98,2.6,0.4,0.7,21,29,328,7.2,84
2025-10-01T10:00,7.49,28.15,102.44,1021.97,2.7,0.4,0.8,23,33,336,7.4,82
2025-10-01T10:30,7.44,28.17,102.46999,1021.99,2.7,0.5,0.8,22,29,332,7.1,83
2025-10-01T11:00,7.4,28.18,102.490005,1022.01,2.6,0.4,0.7,23,32,337,7,83
2025-10-01T11:30,7.4,28.21,102.53001,1022.03,2.8,0.5,0.8,24,33,344,7.1,82
2025-10-01T12:00,7.38,28.21,102.56999,1022.03,2.8,0.4,0.8,26,35,352,7,82
2025-10-01T12:30,7.33,28.22,102.590004,1022.05,2.7,0.4,0.7,25,32,357,6.9,83
2025-10-01T13:00,7.24,28.27,102.6,1022.1,2.9,0.5,0.8,26,34,351,7.1,81
2025-10-01T13:30,7.16,28.31,102.619995,1022.14,2.9,0.5,0.9,20,25,347,7.2,81
2025-10-01T14:00,7.07,28.38,102.659996,1022.21,2.9,0.5,1.1,16,22,357,7.4,81
2025-10-01T14:30,7,28.43,102.68001,1022.26,2.8,0.4,0.6,18,24,354,7.4,81
2025-10-01T15:00,7,28.48,102.69,1022.29,2.7,0.3,0.6,16,19,347,7.8,77
2025-10-01T15:30,7.08,28.5,102.7,1022.3,2.7,0.3,0.4,11,15,347,8,77
2025-10-01T16:00,7.11,28.53,102.71,1022.32,2.7,0.2,0.4,13,17,28,8.5,72
2025-10-01T16:30,7.16,28.55,102.7,1022.33,2.7,0.2,0.4,9,14,53,8.4,74
2025-10-01T17:00,7.19,28.58,102.69,1022.35,2.8,0.2,0.4,6,9,185,8.7,76
2025-10-01T17:30,7.21,28.61,102.69,1022.37,2.8,0.2,0.3,8,11,253,8.7,77
2025-10-01T18:00,7.2,28.65,102.69,1022.4,2.9,0.2,0.4,9,12,243,8.7,82
2025-10-01T18:30,7.22,28.71,102.7,1022.45,3,0.2,0.6,14,17,269,8.3,78
2025-10-01T19:00,7.14,28.74,102.7,1022.48,3.1,0.2,0.3,8,10,299,8.9,74
2025-10-01T19:30,7.26,28.77,102.69,1022.48,3.1,0.2,0.3,7,10,279,8.8,78
2025-10-01T20:00,7.33,28.76,102.69,1022.47,3.3,0.2,0.5,6,9,254,8.9,78
2025-10-01T20:30,7.4,28.73,102.68001,1022.44,3.2,0.1,0.3,5,8,204,8.9,76
2025-10-01T21:00,7.61,28.65,102.7,1022.35,3.2,0.2,0.2,5,8,244,8.9,79
2025-10-01T21:30,7.73,28.6,102.71,1022.29,3.4,0.1,0.3,7,10,259,8.4,82
2025-10-01T22:00,7.79,28.51,102.73,1022.22,3.4,0.1,0.2,8,10,236,8.2,83
2025-10-01T22:30,8.03,28.42,102.759995,1022.11,3.6,0.1,0.3,7,9,271,8.3,79
2025-10-01T23:00,8.13,28.36,102.78001,1022.05,3.9,0.1,0.2,12,14,283,8,82
2025-10-01T23:30,8.32,28.32,102.81999,1022,4.1,0.2,0.3,7,8,325,8,81
2025-10-02T00:00,7.44,28.59,102.81999,1022.32,4.1,0.2,0.3,9,11,323,8,81
2025-10-02T00:30,7.44,28.55,102.86,1022.29,4.3,0.2,0.4,9,12,319,7.2,84
2025-10-02T01:00,6.35,28.5,102.89,1022.38,4.2,0.2,0.5,14,20,2,8.6,70
2025-10-02T01:30,6.06,28.43,102.909996,1022.36,4.3,0.2,0.4,15,18,11,8,76
2025-10-02T02:00,5.84,28.47,102.93001,1022.42,3.8,0.3,0.4,17,21,5,7.9,76
2025-10-02T02:30,5.98,28.28,102.93001,1022.26,3.9,0.3,0.5,16,19,358,7.9,75
2025-10-02T03:00,5.96,28.25,102.95,1022.24,3.6,0.3,0.5,17,19,356,7.7,74
2025-10-02T03:30,6.16,28.2,102.95,1022.17,3.2,0.2,0.4,17,19,349,7.6,76
2025-10-02T04:00,7.09,28.25,102.95,1022.1,3.3,0.3,0.5,13,16,348,7.5,76
2025-10-02T04:30,7.03,28.29,102.96999,1022.14,3.4,0.2,0.4,17,21,333,7.3,80
2025-10-02T05:00,7.05,28.3,102.96999,1022.14,3.1,0.2,0.6,18,23,345,7.3,76
2025-10-02T05:30,6.7,28.34,102.96999,1022.22,2.8,0.2,0.4,16,20,348,7,75
2025-10-02T06:00,7.28,28.39,102.96,1022.18,2.8,0.2,0.3,17,19,332,6.7,76
2025-10-02T06:30,7.22,28.4,102.96999,1022.2,2.7,0.2,0.3,15,19,341,6.5,77
2025-10-02T07:00,7.09,28.46,102.96999,1022.26,2.8,0.1,0.3,16,18,331,6.4,79
2025-10-02T07:30,7.05,28.5,102.96999,1022.3,2.7,0.1,0.2,12,15,337,6.4,81
2025-10-02T08:00,7.03,28.52,103.02,1022.32,2.9,0.1,0.3,10,12,276,6.1,79
2025-10-02T08:30,6.97,28.54,103.04,1022.34,2.5,0.1,0.3,5,7,273,6,83
2025-10-02T09:00,6.9,28.56,103.04,1022.37,2.7,0.2,0.3,10,12,240,6,82
2025-10-02T09:30,6.83,28.59,103.090004,1022.4,2.7,0.2,0.3,10,12,264,6,82
2025-10-02T10:00,6.77,28.62,103.11,1022.43,2.7,0.2,0.4,12,14,238,6,86
2025-10-02T10:30,6.73,28.66,103.119995,1022.47,2.7,0.2,0.3,14,17,261,6,86
2025-10-02T11:00,6.69,28.72,103.130005,1022.52,2.7,0.2,0.4,15,20,268,5.9,86
2025-10-02T11:30,6.57,28.81,103.159996,1022.6,2.6,0.2,0.3,14,19,276,5.9,84
2025-10-02T12:00TC],6.41,28.87,103.15,1022.67,2.6,0.2,0.5,13,19,275,5.9,83
2025-10-02T13:00,6.34,28.37,103.14,1022.28,2.6,0.2,0.3,19,22,267,6.1,80
2025-10-02T13:30,5.99,28.25,103.18001,1022.23,2.5,0.2,0.3,16,20,281,5.9,83
2025-10-02T15:00,5.98,27.85,103.11,1021.91,2.4,0.3,0.5,20,26,249,6.1,89
2025-10-02T16:00,6.17,27.72,103.02,1021.79,2.7,0.4,0.7,23,30,244,6.8,86
2025-10-02T16:30,6.16,27.75,102.95,1021.82,2.6,0.5,0.9,21,29,241,7,87
2025-10-02T17:00,6.16,27.77,102.89,1021.83,2.7,0.4,0.9,21,28,238,7.3,84
2025-10-02T17:30,6.18,27.8,102.86,1021.85,2.6,0.4,0.6,19,27,239,7.5,82
2025-10-02T18:00,6.17,27.9,102.81,1021.93,2.7,0.3,0.9,19,25,236,7.9,78
2025-10-02T19:30,6.07,28.1,102.659996,1022.1,2.5,0.3,0.6,19,24,229,8.6,74
2025-10-02T20:00,6.02,28.15,102.64,1022.14,2.6,0.2,0.4,20,25,242,8.1,80
2025-10-02T20:30,6.13,28.14,102.619995,1022.13,2.5,0.3,0.5,19,24,242,8.2,80
2025-10-02T21:00,6.21,28.05,102.590004,1022.05,2.5,0.2,0.4,21,26,243,8.6,78
2025-10-02T21:30,6.26,27.98,102.56999,1021.99,2.4,0.3,0.6,23,28,242,8.3,81
2025-10-02T22:00,6.2,28,102.53001,1022,2.5,0.4,0.7,28,35,243,8.4,78
2025-10-02T22:30,6.15,27.99,102.5,1022.01,3,0.6,0.9,29,37,238,8.5,78
2025-10-02T23:00,6.21,27.84,102.46999,1021.88,2.8,0.6,1,34,42,246,9,76
2025-10-02T23:30,6.3,27.68,102.46999,1021.75,3,0.7,1.3,33,42,248,9.2,76
2025-10-03T00:00,6.28,27.65,102.43001,1021.73,3.1,0.7,1.2,29,37,234,8.9,78
2025-10-03T00:30,6.26,27.62,102.43001,1021.7,3,0.7,1.1,25,31,233,9,77
2025-10-03T01:00,6.23,27.58,102.39,1021.68,3,0.6,1.1,24,30,232,8.8,79
2025-10-03T01:30,6.21,27.61,102.36,1021.7,2.8,0.5,1,24,29,232,8.9,78
2025-10-03T02:00,6.24,27.58,102.33,1021.67,2.8,0.5,0.9,25,33,237,9,77
2025-10-03T02:30,6.26,27.57,102.29,1021.66,2.9,0.6,0.9,27,36,244,9.3,73
2025-10-03T03:00,6.2,27.63,102.259995,1021.72,2.9,0.6,0.9,24,32,234,8.8,77
2025-10-03T03:30,6.18,27.66,102.229996,1021.74,3,0.5,1.5,21,27,229,8.7,79
2025-10-03T04:00,6.23,27.64,102.2,1021.72,3,0.6,0.8,27,34,237,8.7,80
2025-10-03T05:00,6.17,27.73,102.18,1021.8,3.1,0.6,0.9,26,34,239,8.8,78
2025-10-03T05:30,6.11,27.77,102.15,1021.84,3.1,0.7,1.1,29,37,230,9.2,76
2025-10-03T06:00,6.04,27.86,102.14,1021.91,3.2,0.7,1.8,31,41,235,9,77
2025-10-03T07:00,5.98,28.03,102.11,1022.05,3.3,0.8,1.5,31,44,231,8.7,78
2025-10-03T07:30,6.04,28.04,102.090004,1022.06,3,0.7,1.1,32,46,233,9,78
2025-10-03T08:00,6.11,27.98,102.05,1022,3.1,0.8,1.3,27,34,232,8.4,81
2025-10-03T08:30,6.06,28,102.03,1022.02,3.2,0.7,1.3,28,37,238,8.6,80
2025-10-03T09:00,6.06,27.81,101.990005,1021.88,3.1,0.7,1.6,26,34,234,8.7,80
2025-10-03T10:30,6.47,27.25,101.94,1021.39,3.3,0.9,1.4,33,43,231,8.8,80
2025-10-03T11:00,6.55,27.18,101.94,1021.32,3.4,0.9,1.4,33,43,230,8.9,80
2025-10-03T11:30,6.61,27.12,101.94,1021.27,3.4,0.9,1.7,35,44,235,9.1,78
2025-10-03T12:00,6.65,27.1,101.93,1021.25,3.5,0.9,1.8,38,48,231,9,76
2025-10-03T12:30,6.63,27.15,101.88,1021.29,3.5,1.1,1.8,43,55,240,9.3,74
2025-10-03T13:00,6.57,27.24,101.87,1021.37,3.8,1.2,1.8,42,57,243,9,77
2025-10-03T13:30,6.53,27.35,101.86,1021.46,3.9,1.2,1.9,40,50,239,9.2,75
2025-10-03T14:30,6.5,27.52,101.78,1021.6,3.9,1.2,1.9,34,44,244,9.1,75
2025-10-03T15:00,6.48,27.65,101.729996,1021.7,4,1.1,1.9,38,50,239,9,79
2025-10-03T15:30,6.39,27.77,101.72,1021.81,3.8,1.2,1.8,37,47,247,9.2,78
2025-10-03T16:00,6.13,28.07,101.63,1022.07,4.1,1.3,1.9,40,50,243,9.3,76
2025-10-03T16:30,6.03,28.24,101.61,1022.22,4.1,1.4,2.2,37,46,241,9.7,74
2025-10-03T17:00,6,28.29,101.53,1022.26,4.4,1.6,2.4,43,53,245,10.2,71
2025-10-03T17:30,5.91,28.44,101.53,1022.39,4.4,1.5,2.3,38,47,239,9.9,73
2025-10-03T18:30,6.01,28.69,101.47,1022.58,4.3,1.6,2.3,43,58,246,9.8,75
2025-10-03T20:30,5.93,29.29,101.479996,1023.06,4.4,1.7,2.3,38,48,241,10.9,70
2025-10-03T21:00,5.92,29.07,101.479996,1022.88,4.2,1.6,2.8,41,55,245,11.6,67
2025-10-03T21:30,5.88,29.33,101.5,1023.09,4.1,1.3,2.1,40,51,249,10.3,75
2025-10-03T23:00,5.73,29.77,101.61,1023.46,3.5,1,1.7,20,25,260,7.9,88
2025-10-03T23:30,5.85,29.8,101.61,1023.47,3.5,0.8,1.2,17,21,242,7.6,90
2025-10-04T00:00,5.99,29.75,101.62,1023.41,3.2,0.6,1,16,22,248,7.9,89
2025-10-04T00:30,6.01,29.7,101.62,1023.37,3.3,0.5,0.8,12,15,239,7.9,88
2025-10-04T01:00,6,29.67,101.62,1023.35,3.1,0.4,0.7,13,17,255,8,88
2025-10-04T01:30,5.99,29.65,101.61,1023.33,3,0.3,0.5,12,16,246,7.9,88
2025-10-04T02:00,5.98,29.62,101.63,1023.31,3,0.3,0.5,9,13,268,8.1,87
2025-10-04T02:30,5.99,29.6,101.64,1023.29,2.9,0.2,0.3,11,14,267,9,83
2025-10-04T03:00,6,29.57,101.63,1023.27,3.1,0.2,0.3,12,15,258,9.1,82
2025-10-04T03:30,6,29.55,101.63,1023.25,3.3,0.2,0.3,19,22,261,9.1,81
2025-10-04T04:30,6.1,28.68,101.62,1022.55,3.3,0.2,0.3,14,17,258,8.3,88
2025-10-04T05:30,6.04,29.26,101.63,1023.02,3,0.2,0.3,17,22,255,8.4,88
2025-10-04T06:00,6.03,29.36,101.65,1023.1,2.8,0.2,0.4,14,17,254,8,89
2025-10-04T07:30,6.06,29.32,101.7,1023.06,2.8,0.1,0.2,14,16,288,8,90
2025-10-04T08:00,6.01,29.32,101.7,1023.07,2.8,0.1,0.3,11,13,257,7.9,92
2025-10-04T08:30,6.72,27.13,101.69,1021.27,2.8,0.2,0.3,10,12,213,7.5,93
2025-10-04T09:00,6.75,26.89,101.69,1021.08,3.1,0.1,0.2,15,17,220,7.4,92
2025-10-04T09:30,5.8,28.76,101.740005,1022.65,3,0.1,0.2,18,21,252,7.6,93
2025-10-04T10:00,6.26,27.48,101.740005,1021.59,0,0,0,14,16,234,7.6,95
2025-10-04T10:30,6.25,27.43,101.759995,1021.55,0,0,0,16,19,247,8.1,94
2025-10-04T11:00,6.11,27.74,101.79,1021.82,0,0,0,16,18,244,8,94
2025-10-04T11:30,5.99,28.08,101.82,1022.1,2.8,0.1,0.1,11,15,222,7.7,95
2025-10-04T12:00,5.99,28.15,101.86,1022.15,0,0,0,16,18,245,7.7,95
2025-10-04T12:30,5.96,28.23,101.89,1022.22,2.8,0.1,0.3,17,19,257,7.5,95
2025-10-04T13:00,5.82,28.73,101.909996,1022.63,2.4,0.1,0.2,15,18,261,7.6,96
2025-10-04T13:30,5.6,29.27,101.9,1023.08,0,0,0,15,17,263,7.7,94
2025-10-04T14:00,5.63,29.31,101.93,1023.1,0,0,0,14,17,250,7.6,94
2025-10-04T15:30,5.67,29.3,101.94,1023.1,0,0,0,12,15,311,8.7,95
2025-10-04T16:00TC],5.8,29.15,101.93,1022.96,2.7,0.1,0.2,12,14,357,9.5,91
2025-10-04T17:00,6.08,28.92,101.97,1022.75,0,0,0,11,13,282,10,91
2025-10-04T17:30,6.21,28.8,101.97,1022.63,0,0,0,5,6,251,8.9,92
2025-10-04T19:00,6.62,28.46,102.11,1022.32,0,0,0,16,19,68,8.6,93
2025-10-04T19:30,6.49,28.32,102.13,1022.22,0,0,0,13,15,76,8.3,92
2025-10-04T20:00,6.57,28.19,102.13,1022.12,0,0,0,7,9,110,8.1,93
2025-10-04T20:30,7.2,27.44,102.15,1021.45,0,0,0,8,10,127,8.4,94
2025-10-04T21:30,6.94,26.97,102.15,1021.11,0,0,0,3,4,61,8.6,90
2025-10-04T22:00,6.89,26.88,102.18,1021.04,3.9,0.1,0.2,8,9,37,7.8,94
2025-10-04T22:30,6.74,26.94,102.22,1021.11,3.7,0.1,0.1,8,9,20,7.6,94
2025-10-04T23:00,6.75,26.91,102.240005,1021.09,3.1,0.1,0.3,9,10,353,7.5,94
2025-10-04T23:30,6.7,26.99,102.25,1021.15,0,0,0,7,9,357,7.6,94
2025-10-05T00:00,6.83,26.9,102.3,1021.07,0,0,0,6,6,29,7.9,92
2025-10-05T01:00,7.04,26.42,102.31,1020.67,0,0,0,5,5,55,7.8,92
2025-10-05T01:30,6.96,26.52,102.33,1020.76,0,0,0,2,3,344,7.7,92
2025-10-05T02:00,6.81,26.68,102.340004,1020.9,0,0,0,2,3,250,7.7,93
2025-10-05T03:00,6.89,26.76,102.229996,1020.96,0,0,0,10,11,144,7.6,95
2025-10-05T03:30,6.81,26.97,102.28,1021.12,0,0,0,5,6,231,7.7,95
2025-10-05T04:00,6.84,26.94,102.28,1021.1,0,0,0,3,4,215,7.8,96
2025-10-05T04:30,6.92,26.75,102.3,1020.95,0,0,0,6,7,244,7.8,95
2025-10-05T05:00,7.16,25.73,102.28,1020.11,0,0,0,4,5,249,7.9,96
2025-10-05T06:00,6.54,27.1,102.28,1021.26,0,0,0,9,10,34,7.4,97
2025-10-05T06:30,6.53,27.08,102.28,1021.25,0,0,0,5,5,35,7.4,97
2025-10-05T07:00,6.66,26.94,102.259995,1021.12,0,0,0,8,10,57,7.3,97
2025-10-05T08:30,6.83,26.58,102.159996,1020.82,0,0,0,12,14,113,7.6,98
2025-10-05T09:30,6.98,25.87,102.14,1020.24,0,0,0,6,7,165,7.9,97
2025-10-05T10:00,6.88,25.9,102.15,1020.28,0,0,0,8,9,180,8.5,96
2025-10-05T10:30,6.8,26.09,102.13,1020.43,0,0,0,7,8,191,8.2,97
2025-10-05T11:00,7.02,25.6,102.159996,1020.03,0,0,0,5,6,104,8.2,96
2025-10-05T11:30,7.15,25.46,102.13,1019.9,0,0,0,9,10,133,9.2,92
2025-10-05T12:00,7.49,25.07,102.07,1019.56,0,0,0,13,15,179,9.7,91
2025-10-05T12:30TC],7.76,24.81,102.05,1019.32,0,0,0,15,17,197,10.1,88
2025-10-05T13:00,7.82,24.83,102.06,1019.33,0,0,0,6,7,134,9.5,90
2025-10-05T13:30,7.81,24.99,102.07,1019.45,0,0,0,9,11,27,8.9,95
2025-10-05T14:30,7.87,25.25,102.020004,1019.65,0,0,0,11,12,18,9,92
2025-10-05T15:00,7.75,25.31,101.94,1019.71,0,0,0,4,5,319,8.9,93
2025-10-05T15:30,7.9,25.34,101.97,1019.72,0,0,0,5,6,349,8.7,94
2025-10-05T16:00,7.46,25.61,101.94,1019.98,0,0,0,6,7,22,8.9,93
2025-10-05T16:30,7.45,25.65,101.86,1020.02,0,0,0,3,4,208,9.8,90
2025-10-05T17:00,8,25.37,101.770004,1019.73,0,0,0,7,9,186,9.5,95
2025-10-05T17:30,8.62,25.26,101.729996,1019.56,0,0,0,5,7,167,10.1,93
2025-10-05T18:00,7.62,25.67,101.69,1020.01,0,0,0,7,8,152,10,92
2025-10-05T18:30,7.43,25.8,101.67,1020.14,0,0,0,5,5,80,10.3,91
2025-10-05T20:30,7.9,25.68,101.58,1019.99,3.6,0.1,0.2,22,26,222,12.6,83
2025-10-05T21:00,8.15,25.58,101.57,1019.87,3.7,0.9,1.7,30,36,238,12.5,83
2025-10-05T21:30,8.05,25.61,101.55,1019.91,3.8,1.1,1.8,36,46,244,12.6,82
2025-10-05T22:00,7.56,25.73,101.55,1020.06,3.6,1,1.7,35,42,245,12.8,81
2025-10-05T22:30,7.37,25.86,101.56,1020.19,3.5,1,1.5,34,42,251,12.7,82
2025-10-06T00:00,7.43,25.65,101.61,1020.02,3,0.6,1,14,16,170,10.2,87
2025-10-06T01:00,7.17,25.89,101.62,1020.24,2.9,0.4,0.7,11,14,144,9.9,90
2025-10-06T01:30,6.96,26.18,101.63,1020.49,3,0.4,0.6,13,17,77,8.8,92
2025-10-06T02:00,6.85,26.29,101.659996,1020.59,3.1,0.4,0.5,12,17,84,8.5,94
2025-10-06T02:30,6.84,26.29,101.63,1020.59,3.3,0.3,0.6,16,21,84,8.4,95
2025-10-06T03:30,6.92,26.2,101.65,1020.51,3.3,0.4,0.6,16,20,75,8.2,96
2025-10-06T05:00,7,26.14,101.68,1020.45,3.6,0.4,0.7,12,17,74,8,97
2025-10-06T05:30,7.02,26.11,101.659996,1020.42,3.7,0.4,0.7,11,16,86,7.9,97
2025-10-06T06:00,7.07,26.05,101.64,1020.37,3.5,0.4,0.6,6,11,67,7.8,98
2025-10-06T06:30,7.05,26.07,101.63,1020.39,3.6,0.5,0.8,10,13,81,7.9,98
2025-10-06T07:30,7.11,25.89,101.63,1020.24,3.7,0.5,0.7,3,7,127,7.7,98
2025-10-06T08:00,7.13,25.87,101.65,1020.23,3.6,0.5,0.7,3,8,106,7.9,98
2025-10-06T08:30,7.14,25.88,101.659996,1020.23,3.6,0.5,0.8,4,8,59,7.6,97
2025-10-06T09:00,7.16,25.83,101.67,1020.19,3.5,0.5,0.8,2,6,344,7.8,96
2025-10-06T09:30,7.27,25.72,101.68,1020.09,3.4,0.5,0.7,6,10,125,8.3,95
2025-10-06T10:30,7.75,25.17,101.69,1019.61,3.5,0.5,0.7,11,15,224,10.7,91
2025-10-06T11:00,7.68,25.34,101.69,1019.74,3.2,0.5,0.8,11,15,242,10.4,87
2025-10-06T11:30TC],7.51,25.48,101.7,1019.87,3.1,0.5,0.8,18,22,227,9.7,89
2025-10-06T12:00,6.78,26.33,101.7,1020.63,2.9,0.5,0.7,14,18,219,8.7,91
2025-10-06T12:30,6.24,27.19,101.7,1021.37,2.9,0.4,0.7,16,21,241,8.6,93
2025-10-06T13:00,6.05,27.64,101.72,1021.74,3,0.4,0.8,22,27,241,10.4,87
2025-10-06T13:30,5.95,27.98,101.68,1022.02,2.9,0.4,0.5,21,27,228,9.1,90
2025-10-06T14:00,5.97,28.01,101.659996,1022.04,3.2,0.6,0.9,23,29,241,9.9,88
2025-10-06T14:30,5.99,28.07,101.65,1022.09,3.6,0.7,1.1,20,28,234,9.1,89
2025-10-06T15:00,6,28.07,101.63,1022.09,3.6,0.8,1.4,30,38,253,10.9,84
2025-10-06T15:30,5.97,28.14,101.590004,1022.14,3.7,0.8,1.8,34,42,254,11.3,84
2025-10-06T17:00,6.16,27.91,101.47,1021.94,4,1,1.7,33,41,243,11.9,81
2025-10-06T17:30,6.21,27.83,101.409996,1021.88,4.1,1.2,2.1,33,45,247,11.8,80
2025-10-06T18:00,6.28,27.75,101.38,1021.8,4.1,1.1,2,32,41,250,11.7,80
2025-10-06T18:30,6.37,27.62,101.35,1021.69,3.8,1,1.8,33,43,250,12,79
2025-10-06T20:30,6.51,27.42,101.3,1021.52,3.8,1,1.8,27,35,244,12.4,76
2025-10-06T21:00,6.48,27.46,101.259995,1021.55,3.7,1.1,2,30,39,247,11.9,77
2025-10-06T21:30,6.42,27.54,101.25,1021.62,3.6,0.9,1.3,31,39,244,13.5,72
2025-10-06T22:00,6.36,27.65,101.259995,1021.71,3.5,0.8,1.4,30,43,242,12.9,73
2025-10-06T22:30,6.4,27.71,101.240005,1021.76,3.6,0.9,1.4,29,38,245,12,75
2025-10-06T23:30,6.3,28.03,101.28,1022.02,3,0.6,0.9,11,16,290,9.9,80
2025-10-07T00:00,6.31,28.12,101.3,1022.09,2.9,0.4,0.6,14,17,257,9.9,82
2025-10-07T00:30,6.03,27.6,101.3,1021.71,3,0.3,0.4,21,25,259,10.3,83
2025-10-07T01:00,6.04,27.56,101.3,1021.68,2.9,0.3,0.6,24,29,258,10.7,80
2025-10-07T01:30,6.05,27.53,101.29,1021.65,2.7,0.3,0.4,22,26,257,10.1,82
2025-10-07T02:30,5.62,28.59,101.259995,1022.54,2.7,0.4,0.7,23,29,240,10.2,81
2025-10-07T03:30,5.58,29.17,101.19,1023,2.9,0.4,0.7,24,30,238,9.8,83
2025-10-07T04:00,5.58,29.37,101.18,1023.15,2.8,0.4,0.6,22,28,236,10.7,80
2025-10-07T04:30,5.61,29.4,101.15,1023.18,2.9,0.4,0.6,18,23,229,9.8,83
2025-10-07T05:00,5.72,29.46,101.13,1023.21,2.8,0.4,0.7,20,26,218,10.5,80
2025-10-07T05:30,6,29.52,101.13,1023.23,3,0.4,1,23,32,221,10.6,80
2025-10-07T07:00,6.12,29.51,101.08,1023.21,3.3,0.5,0.8,14,20,217,9.2,84
2025-10-07T07:30,6.07,29.52,101.090004,1023.22,3.2,0.5,0.8,14,20,218,10.4,80
2025-10-07T08:00,6.31,29.23,101.090004,1022.97,3.3,0.6,0.9,18,25,246,9.8,85
2025-10-07T08:30,6.06,29.51,101.1,1023.22,3,0.5,1,19,25,244,9.3,84
2025-10-07T10:00,5.61,29.53,101.2,1023.28,3,0.5,0.9,24,29,247,9,89
2025-10-07T10:30,5.58,29.41,101.2,1023.19,3.1,0.5,0.9,21,25,235,7.9,90
2025-10-07T11:00,5.58,29.32,101.229996,1023.12,3.1,0.5,0.8,17,21,233,7.8,92
2025-10-07T11:30,5.56,29.22,101.259995,1023.04,2.9,0.3,0.6,12,15,246,7.7,92
2025-10-07T12:00,5.69,28.78,101.32,1022.68,2.9,0.2,0.4,12,14,236,8.1,91
2025-10-07T12:30,5.58,28.07,101.3,1022.13,3,0.3,0.4,12,16,218,9,89
2025-10-07T13:00,5.55,28.16,101.259995,1022.21,2.9,0.4,0.7,11,14,218,9.4,88
2025-10-07T13:30,5.66,28.07,101.259995,1022.12,2.9,0.3,0.7,11,13,254,8.3,89
2025-10-07T14:00,5.57,28.47,101.229996,1022.45,2.6,0.2,0.5,9,11,213,8.2,91
2025-10-07T14:30,5.49,29.02,101.2,1022.89,2.8,0.2,0.3,23,28,249,9.9,88
2025-10-07T15:00,5.41,29.31,101.15,1023.13,2.6,0.2,0.4,16,20,258,9.1,88
2025-10-07T15:30,5.63,29.57,101.12,1023.31,2.6,0.3,0.6,22,27,261,9.5,89
2025-10-07T16:30,6.05,29.58,101.009995,1023.27,2.6,0.2,0.9,21,24,275,10,88
2025-10-07T17:00,6.05,29.57,100.95,1023.26,2.5,0.2,0.3,24,34,268,11.7,82
2025-10-07T17:30,6.08,29.57,100.89,1023.26,2.7,0.3,0.4,21,26,263,10.6,83
2025-10-07T18:00,6.05,29.54,100.85,1023.24,2.8,0.4,0.8,17,22,221,9.8,83
2025-10-07T18:30,6.44,29.46,100.770004,1023.13,3.1,0.5,1,13,18,212,10.5,84
2025-10-07T19:00,6.37,29.48,100.759995,1023.16,3.4,0.6,0.9,11,16,201,9.6,85
2025-10-07T19:30,6.53,29.42,100.72,1023.09,3.4,0.5,0.9,15,21,202,8.9,89
2025-10-07T20:00,6.75,29.27,100.72,1022.94,3.5,0.5,1,18,25,290,9,89
2025-10-07T20:30,6.79,29.24,100.65,1022.92,3.4,0.5,0.8,19,26,256,10.3,84
2025-10-07T21:00,6.39,29.48,100.659996,1023.15,3.3,0.5,1.1,21,28,246,10.8,83
2025-10-07T21:30,6.28,29.54,100.7,1023.21,3.2,0.6,0.9,47,57,236,14.4,76
2025-10-07T22:00,6.18,29.58,100.72,1023.26,3.3,0.9,1.6,33,44,235,12.6,82
2025-10-07T22:30,6.27,29.63,100.729996,1023.29,3.3,0.8,1.4,32,39,230,13,83
2025-10-07T23:00,6.13,29.63,100.79,1023.3,3.4,0.8,1.3,42,56,230,12.1,94
2025-10-08T00:00,5.56,29.21,100.759995,1023.03,3.4,0.8,1.7,26,33,233,10.7,100
2025-10-08T01:30,5.39,28.78,100.88,1022.71,3,0.5,0.9,24,30,314,10.4,100
2025-10-08T02:30,5.3,28.78,100.94,1022.72,3.2,0.5,0.8,16,22,314,9.1,100
2025-10-08T03:30,5.19,28.78,101.03,1022.74,3.7,0.5,0.7,14,17,290,8.4,100
2025-10-08T04:00,5.18,28.82,101.03,1022.77,3.6,0.4,0.7,10,12,287,9.6,100
2025-10-08T04:30,5.19,28.88,101.020004,1022.81,3.8,0.4,0.6,11,13,237,7.9,100
2025-10-08T05:00,5.19,28.9,101.04,1022.83,3.4,0.3,0.6,12,14,257,7.4,100
2025-10-08T05:30,5.19,28.96,101.08,1022.87,3.4,0.3,0.5,11,14,257,7.2,100
2025-10-08T06:30,5.19,29.05,101.06,1022.95,3.5,0.2,0.3,13,16,265,7.7,100
2025-10-08T07:30,5.2,29.11,101.04,1022.99,3.3,0.2,0.3,14,16,279,7.3,100
2025-10-08T08:00,5.21,29.09,101.090004,1022.98,3.2,0.2,0.3,14,16,262,7.3,99
2025-10-08T08:30,5.22,29.09,101.090004,1022.97,3.1,0.2,0.3,10,13,259,7.2,99
2025-10-08T09:00,5.22,28.99,101.12,1022.9,3,0.2,0.3,10,13,290,7.4,99
2025-10-08T09:30,5.17,28.79,101.12,1022.75,2.9,0.1,0.3,11,14,291,7.3,98
2025-10-08T10:00TC],5.14,28.62,101.159996,1022.61,2.8,0.1,0.2,17,22,322,8.4,91
2025-10-08T10:30,5.09,28.61,101.21,1022.61,2.8,0.1,0.2,14,17,307,7.7,94
2025-10-08T11:00,5.11,28.62,101.229996,1022.62,2.8,0.1,0.2,17,20,317,7.3,93
2025-10-08T11:30,5.25,28.86,101.259995,1022.79,2.8,0.1,0.2,17,21,322,7.4,90
2025-10-08T12:00,5.4,29.04,101.35,1022.92,2.5,0.1,0.2,19,24,319,7.5,88
2025-10-08T12:30,5.33,28.89,101.36,1022.81,2.4,0.2,0.3,20,24,334,7.3,88
2025-10-08T13:00,5.26,28.58,101.4,1022.57,2.7,0.3,0.4,17,21,331,7.2,89
2025-10-08T13:30,5.24,28.57,101.45,1022.56,2.8,0.2,0.3,11,15,312,7.1,89
2025-10-08T14:00,5.16,28.63,101.490005,1022.62,2.9,0.2,0.4,20,24,325,7.4,87
2025-10-08T14:30,5.21,28.5,101.490005,1022.51,3.1,0.4,0.7,18,24,330,7.6,84
2025-10-08T15:00,5.42,28.28,101.509995,1022.32,2.9,0.4,0.5,21,25,330,7.6,84
2025-10-08T16:00,5.65,27.96,101.57,1022.03,3.1,0.4,0.6,18,22,324,7.7,82
2025-10-08T16:30,5.63,28,101.57,1022.07,2.8,0.3,1,13,17,318,7.7,81
2025-10-08T17:00,5.55,28.06,101.55,1022.13,2.8,0.4,0.5,15,20,337,7.6,81
2025-10-08T18:00,5.61,28.1,101.55,1022.15,3,0.4,0.9,15,21,335,7.9,77
2025-10-08T19:00,5.77,28.11,101.54,1022.14,2.9,0.4,0.6,11,15,15,8.5,71
2025-10-08T19:30,5.87,28.16,101.57,1022.17,3,0.3,0.5,11,15,335,8.9,68
2025-10-08T20:00,5.72,28.2,101.61,1022.22,2.9,0.3,0.6,18,26,341,8.7,70
2025-10-08T20:30,5.66,28.17,101.63,1022.2,2.9,0.3,1.2,14,20,327,8.6,70
2025-10-08T21:00,5.67,28.18,101.65,1022.21,2.9,0.4,0.6,11,15,338,8.3,71
2025-10-08T22:30,5.7,28.13,101.740005,1022.16,3,0.2,0.3,13,19,354,7.5,79
2025-10-08T23:00,5.72,28.08,101.78,1022.13,3.1,0.2,0.2,19,26,326,8,69
2025-10-08T23:30,5.76,28.09,101.82,1022.13,3,0.2,0.3,16,23,319,7.9,71
2025-10-09T00:00,5.61,28.06,101.85,1022.12,3,0.3,0.5,20,25,315,7.7,72
2025-10-09T00:30,5.59,28,101.89,1022.08,3.1,0.3,0.5,21,27,333,7.6,70
2025-10-09T01:00,5.67,27.96,101.92,1022.04,3.1,0.3,0.6,22,28,337,7.2,72
2025-10-09T01:30,5.62,28.01,101.94,1022.08,3,0.3,0.6,25,30,334,7.2,69
2025-10-09T02:00,5.66,27.94,101.990005,1022.02,3.3,0.4,0.7,30,35,346,7,68
2025-10-09T02:30,5.66,27.91,102.020004,1022,3.7,0.5,0.9,29,37,341,7,67
2025-10-09T03:00,5.67,27.92,102.03,1022,3.5,0.5,0.9,24,32,345,6.7,68
2025-10-09T03:30,5.58,28.05,102.05,1022.12,3.4,0.6,0.9,22,31,344,6.5,68
2025-10-09T04:00,5.5,28.17,102.07,1022.22,3.3,0.6,1,23,31,343,6.4,67
2025-10-09T05:00,5.52,28.1,102.08,1022.16,3,0.5,0.7,23,31,345,6.1,72
2025-10-09T05:30,5.54,28.09,102.11,1022.15,2.9,0.4,0.6,24,33,344,6,69
2025-10-09T06:00,5.64,28.01,102.11,1022.08,3,0.4,1,26,34,335,5.7,73
2025-10-09T06:30,5.63,28.01,102.11,1022.08,2.9,0.5,0.8,34,43,340,5.7,71
2025-10-09T07:00,5.64,27.89,102.12,1021.98,3.3,0.6,1.1,34,42,347,5.5,71
2025-10-09T09:00,5.84,27.6,102.229996,1021.74,3.4,0.8,1.5,30,38,337,5.2,74
2025-10-09T09:30,5.89,27.57,102.28,1021.7,3.5,0.8,1.3,32,41,335,5.1,74
2025-10-09T10:30,5.72,27.75,102.37,1021.87,3.5,0.8,1.3,36,47,337,5,74
2025-10-09T11:30,5.63,27.86,102.46999,1021.96,3.5,0.8,1.3,32,41,342,4.8,74
2025-10-09T12:00,5.66,27.84,102.509995,1021.95,3.5,0.8,1.3,32,40,341,5,74
2025-10-09T13:00,5.87,27.55,102.58,1021.69,3.7,0.8,1.2,33,41,342,5.6,69
2025-10-09T13:30,6,27.38,102.630005,1021.54,3.9,0.8,1.2,35,43,347,5.9,68
2025-10-09T14:00,6.16,27.22,102.630005,1021.4,3.6,0.9,1.4,34,41,333,6,68
2025-10-09T15:00,6.33,27.09,102.64,1021.28,3.5,0.7,1.4,27,35,339,6.4,64
2025-10-09T15:30,6.38,27.08,102.65,1021.27,3.5,0.7,1.5,20,29,338,6.6,66
2025-10-09T16:00,6.4,27.1,102.619995,1021.27,3.6,0.7,1,18,24,328,6.9,69
2025-10-09T16:30,6.38,27.14,102.61,1021.31,3.6,0.7,1,24,29,332,7.2,65
2025-10-09T17:00,6.58,26.94,102.590004,1021.13,3.8,0.7,1.3,18,23,341,7.6,64
2025-10-09T17:30,7.03,26.49,102.58,1020.73,3.9,0.6,1.2,24,30,327,7.4,67
2025-10-09T19:00,7.07,26.55,102.53001,1020.76,3.5,0.4,0.7,12,16,313,7.9,63
2025-10-09T19:30,7.04,26.56,102.55,1020.78,3.7,0.4,0.8,13,20,310,8,65
2025-10-09T20:00,7.04,26.56,102.55,1020.78,3.5,0.4,0.7,23,32,334,8.3,63
2025-10-09T20:30,7.02,26.57,102.56999,1020.79,3.4,0.4,0.6,19,25,351,8.6,59
2025-10-09T21:00,6.99,26.57,102.590004,1020.8,3.2,0.4,0.7,20,27,343,8.2,65
2025-10-09T21:30,6.96,26.58,102.61,1020.8,3.2,0.4,0.6,19,26,321,8,65
2025-10-09T22:00,6.94,26.59,102.630005,1020.82,3.2,0.5,0.7,27,36,327,8.1,63
2025-10-09T22:30,6.9,26.62,102.65,1020.84,3.4,0.4,0.6,18,24,329,7.9,67
2025-10-09T23:00,6.84,26.66,102.69,1020.88,3.5,0.4,0.6,18,24,328,7.8,67
2025-10-10T00:30,6.72,26.74,102.78001,1020.96,3.1,0.3,0.4,15,19,316,7.6,70
2025-10-10T01:00,6.77,26.73,102.81999,1020.95,3,0.2,0.5,16,21,302,7.4,74
2025-10-10T01:30,6.82,26.72,102.83,1020.93,3,0.2,0.5,11,13,298,7.3,74
2025-10-10T02:00,6.83,26.75,102.840004,1020.96,3,0.2,0.3,14,16,299,7,73
2025-10-10T02:30,6.77,26.74,102.86,1020.95,3,0.1,0.2,13,16,294,7,73
2025-10-10T03:00,6.86,26.64,102.86,1020.87,2.9,0.1,0.3,18,22,286,6.7,74
2025-10-10T03:30,6.96,26.53,102.840004,1020.76,2.6,0.2,0.3,20,24,280,6.6,72
2025-10-10T04:00,7.08,26.4,102.840004,1020.65,2.4,0.2,0.4,21,27,286,6.4,76
2025-10-10T04:30,7.06,26.42,102.85,1020.66,2.7,0.3,0.6,23,29,281,6.2,75
2025-10-10T05:00,7.02,26.44,102.840004,1020.69,2.6,0.3,0.6,21,30,281,6.1,78
2025-10-10T06:00,6.91,26.5,102.83,1020.75,2.7,0.4,0.7,24,32,280,5.9,80
2025-10-10T07:30,6.8,26.58,102.81999,1020.82,2.9,0.5,0.7,22,28,272,5.8,78
2025-10-10T08:00,6.75,26.61,102.8,1020.85,3,0.5,0.7,23,29,270,5.9,78
2025-10-10T09:00,6.66,26.77,102.78001,1020.99,3,0.4,0.7,29,37,253,5.5,79
2025-10-10T09:30,6.71,26.72,102.78001,1020.94,3,0.5,0.8,31,40,245,5.6,82
2025-10-10T10:00,6.72,26.68,102.77,1020.91,3.2,0.6,0.9,32,42,255,5.7,79
2025-10-10T10:30,6.7,26.69,102.77,1020.92,3.1,0.7,1.3,33,39,242,5.4,84
2025-10-10T11:00,6.67,26.72,102.759995,1020.95,3.1,0.7,1.3,31,39,249,5.1,87
2025-10-10T11:30,6.58,26.83,102.759995,1021.04,3.3,0.8,1.2,34,41,244,5.3,86
2025-10-10T12:00,6.4,27.05,102.759995,1021.24,3.4,0.8,2.3,33,42,245,5,85
2025-10-10T12:30,6.41,27.03,102.759995,1021.22,3.4,0.8,1.5,35,41,245,5.1,83
2025-10-10T13:30,6.34,27.12,102.71999,1021.3,3.4,0.9,1.5,33,41,241,5.4,81
2025-10-10T14:30,6.31,27.19,102.64,1021.36,3.3,0.9,1.4,38,47,242,5.6,80
2025-10-10T15:00,6.17,27.38,102.590004,1021.52,3.3,0.9,1.4,36,45,240,5.6,82
2025-10-10T15:30,6.04,27.54,102.52,1021.67,3.3,0.9,1.7,35,46,238,5.7,84
2025-10-10T16:00,5.87,27.76,102.48,1021.86,3.5,1,1.6,35,46,242,5.7,86
2025-10-10T17:00,5.33,28.42,102.35,1022.43,3.3,0.9,1.4,30,37,236,6,82
2025-10-10T18:00,4.98,28.9,102.25,1022.85,3.4,1,1.8,34,46,233,6.6,75
2025-10-10T18:30,4.84,29.05,102.18,1022.98,4.3,1.4,2.5,38,55,240,7,70
2025-10-10T19:00,4.71,29.26,102.11,1023.16,3.9,1.3,2.1,37,48,243,6.9,75
2025-10-10T20:00,4.65,29.4,102.03,1023.27,4.3,1.4,2.5,38,51,247,7.3,71
2025-10-10T20:30,4.61,29.42,101.990005,1023.3,4.3,1.5,2.5,33,41,249,7.5,69
2025-10-10T21:00,4.62,29.45,101.990005,1023.32,4.2,1.4,2.3,36,50,245,7.8,66
2025-10-10T21:30,4.62,29.48,101.95,1023.35,4.4,1.4,2.4,36,47,255,7.8,66
2025-10-10T22:30,4.88,29.53,101.95,1023.36,4.2,1.4,2,39,50,246,8.3,61
2025-10-10T23:00,4.84,29.54,101.95,1023.37,4,1.4,2.4,35,48,258,8,65
2025-10-10T23:30,4.81,29.56,101.94,1023.39,4,1.3,2.5,26,37,255,7.4,70
2025-10-11T00:00,4.74,29.58,101.95,1023.41,4.2,1.1,1.8,26,33,237,7.4,69
2025-10-11T00:30,4.84,29.64,101.95,1023.45,3.7,1,1.5,34,45,247,7.7,70
2025-10-11T01:00,4.79,29.64,101.97,1023.46,3.6,0.9,1.5,32,42,253,7.4,75
2025-10-11T01:30,4.78,29.66,101.97,1023.47,3.7,1,1.6,33,40,253,7,78
2025-10-11T02:00,4.74,29.66,101.95,1023.47,3.6,0.9,1.5,30,38,247,6.6,80
2025-10-11T02:30,4.73,29.66,101.95,1023.48,3.5,0.9,1.5,27,35,242,6.3,82
2025-10-11T03:00,4.77,29.66,101.93,1023.48,3.5,0.9,1.4,30,39,240,6.9,75
2025-10-11T04:00,4.99,29.65,101.88,1023.44,3.5,0.9,1.4,33,43,237,6.9,75
2025-10-11T04:30,5.1,29.64,101.87,1023.42,3.3,0.9,1.7,31,40,239,7,75
2025-10-11T05:00,4.94,29.49,101.86,1023.32,3.5,0.9,1.5,37,49,244,7.3,74
2025-10-11T05:30,4.84,29.46,101.86,1023.31,3.4,1,1.6,36,50,245,7.2,74
2025-10-11T06:00,5.09,29.43,101.86,1023.26,3.5,1,1.6,34,45,244,7,75
2025-10-11T06:30,4.91,29.12,101.83,1023.03,3.4,0.9,1.8,40,50,246,7.2,73
2025-10-11T07:00TC],4.93,29.25,101.83,1023.13,3.4,1,1.6,39,47,243,6.9,78
2025-10-11T07:30,5.03,29.46,101.8,1023.29,3.5,0.9,1.8,35,44,245,6.5,83
2025-10-11T08:00,5.13,29.57,101.75,1023.37,3.4,0.9,1.5,33,43,248,6.7,79
2025-10-11T08:30,5.18,29.63,101.770004,1023.41,3.6,0.8,1.5,31,39,248,6.6,79
2025-10-11T09:00,5.19,29.65,101.759995,1023.42,3.5,0.9,1.2,38,49,241,6.8,80
2025-10-11T09:30,5.2,29.66,101.759995,1023.43,3.5,0.9,1.8,32,41,247,6.6,79
2025-10-11T10:00,5.26,29.66,101.759995,1023.42,3.6,0.9,1.9,34,46,248,6.9,78
2025-10-11T10:30,5.24,29.66,101.740005,1023.42,3.6,1,2.1,38,49,245,7,78
2025-10-11T11:00,5.22,29.65,101.759995,1023.42,3.7,1,1.9,40,51,246,7.1,80
2025-10-11T11:30,5.23,29.64,101.81,1023.41,3.7,1.1,1.6,37,49,243,6.9,82
2025-10-11T12:00,5.25,29.64,101.78,1023.41,3.8,1.2,2.4,39,52,240,7,80
2025-10-11T13:00,5.45,29.61,101.86,1023.36,3.9,1.2,1.9,36,49,247,6.9,81
2025-10-11T13:30,5.42,29.61,101.87,1023.36,4,1.2,2.4,37,53,246,6.9,82
2025-10-11T14:00,5.41,29.61,101.89,1023.37,3.9,1.2,1.7,38,49,245,7.1,81
2025-10-11T14:30,5.34,29.63,101.909996,1023.39,3.9,1.2,1.9,38,46,250,7.1,81
2025-10-11T15:00,5.39,29.6,101.979996,1023.36,3.8,1.3,2.1,35,47,247,7,81
2025-10-11T15:30,5.43,29.54,102.009995,1023.31,3.5,1,1.7,33,43,253,7.1,82
2025-10-11T16:00,5.36,29.55,102.020004,1023.33,3.7,1.1,1.7,34,47,254,7.2,82
2025-10-11T17:30,5.52,29.51,102.05,1023.27,3.6,0.9,1.5,25,34,243,7.2,83
2025-10-11T18:00,5.55,29.5,102.07,1023.27,3.4,0.8,1.7,26,31,245,7.2,83
2025-10-11T18:30,5.57,29.5,102.08,1023.27,3.3,0.8,1.3,26,36,245,7.3,84
2025-10-11T19:00,5.68,29.5,102.090004,1023.25,3.4,0.8,1.4,26,35,244,7.1,85
2025-10-11T19:30,5.67,29.5,102.12,1023.25,3.2,0.7,1.4,22,30,242,7.3,85
2025-10-11T20:00,5.68,29.5,102.15,1023.25,3.2,0.6,0.9,19,27,241,7.1,86
2025-10-11T20:30,5.67,29.5,102.19,1023.25,3.3,0.6,1,20,26,249,7.1,84
2025-10-11T21:30,5.55,29.51,102.29,1023.27,3.4,0.4,0.7,16,23,236,7.1,87
2025-10-11T22:00,5.54,29.51,102.340004,1023.27,3.1,0.4,0.6,8,13,272,7,86
2025-10-11T22:30,5.53,29.51,102.4,1023.28,3.3,0.3,0.5,6,12,258,6.9,86
2025-10-11T23:00,5.52,29.51,102.44,1023.28,3.2,0.3,0.5,2,5,281,7.1,83
2025-10-11T23:30,5.52,29.51,102.5,1023.28,3.1,0.3,0.5,7,11,80,8.5,69
2025-10-12T00:00,5.51,29.51,102.53001,1023.28,3,0.3,0.5,10,12,114,7.5,74
2025-10-12T00:30,5.51,29.5,102.590004,1023.27,3,0.2,0.3,8,12,76,8.2,67
2025-10-12T01:00,5.54,29.49,102.64,1023.26,3,0.2,0.4,18,23,40,7.9,65
2025-10-12T01:30,5.61,29.48,102.69,1023.24,3.1,0.2,0.3,19,27,65,8.6,62
2025-10-12T02:00,5.65,29.48,102.73,1023.24,3.1,0.2,0.3,14,18,55,7.8,65
2025-10-12T02:30,5.71,29.51,102.759995,1023.26,2.7,0.1,0.3,14,17,66,8,67
2025-10-12T03:00,5.65,29.5,102.840004,1023.25,2.7,0.1,0.2,7,11,44,7.6,71
2025-10-12T04:30,5.61,29.59,102.909996,1023.33,2.8,0.1,0.2,16,20,74,6.8,84
2025-10-12T05:00,5.52,29.64,102.95,1023.38,2.8,0.1,0.3,14,19,82,6.6,84
2025-10-12T05:30,5.44,29.68,102.990005,1023.42,2.8,0.1,0.2,13,18,76,6.4,85
2025-10-12T06:00,5.36,29.75,103.03001,1023.49,2.7,0.1,0.2,10,14,61,6.1,88
2025-10-12T06:30,5.38,29.73,103.05,1023.47,3,0.3,0.4,12,15,73,6.1,86
2025-10-12T07:30,5.34,29.71,103.03001,1023.46,2.8,0.1,0.3,25,30,64,6.5,77
2025-10-12T08:30,5.23,29.75,103.06999,1023.5,2.5,0.3,0.5,23,29,64,6.2,80
2025-10-12T09:30,5.22,29.77,103.119995,1023.51,2.8,0.5,0.8,23,30,74,5.8,80
2025-10-12T10:00,5.21,29.77,103.130005,1023.52,2.7,0.5,0.8,25,32,72,5.7,83
2025-10-12T10:30,,,103.11,,14.6,0.5,1,17,28,65,5.6,83
